logger=settings t=2026-06-28T05:05:02.4248367+08:00 level=info msg="Starting Grafana" version=13.1.0 commit=b309c9bb3b81a748c3a75289236a27309ed2566a branch=release-13.1.0#patched compiled=2026-06-23T15:16:42+08:00
logger=settings t=2026-06-28T05:05:02.4274732+08:00 level=info msg="Unified migration configs enforced" storage_type=unified target=[all]
logger=settings t=2026-06-28T05:05:02.4293134+08:00 level=info msg="Enforcing mode 5 for resource in unified storage" resource=playlists.playlist.grafana.app
logger=settings t=2026-06-28T05:05:02.43156+08:00 level=info msg="Enforcing mode 5 for resource in unified storage" resource=folders.folder.grafana.app
logger=settings t=2026-06-28T05:05:02.4335633+08:00 level=info msg="Enforcing mode 5 for resource in unified storage" resource=dashboards.dashboard.grafana.app
logger=settings t=2026-06-28T05:05:02.4335633+08:00 level=info msg="Config loaded from" file=D:\MyPoj\grafana\grafana-13.1.0/conf/defaults.ini
logger=settings t=2026-06-28T05:05:02.4335633+08:00 level=info msg="Config overridden from Environment variable" var="GF_SECURITY_ADMIN_PASSWORD=*********"
logger=settings t=2026-06-28T05:05:02.4335633+08:00 level=info msg="Config overridden from Environment variable" var="GF_AUTH_ANONYMOUS_ENABLED=true"
logger=settings t=2026-06-28T05:05:02.4335633+08:00 level=info msg="Config overridden from Environment variable" var="GF_AUTH_ANONYMOUS_ORG_ROLE=Viewer"
logger=settings t=2026-06-28T05:05:02.4335633+08:00 level=info msg=Target target=[all]
logger=settings t=2026-06-28T05:05:02.4335633+08:00 level=info msg="Path Home" path=D:\MyPoj\grafana\grafana-13.1.0
logger=settings t=2026-06-28T05:05:02.4335633+08:00 level=info msg="Path Data" path=D:\MyPoj\grafana\grafana-13.1.0\data
logger=settings t=2026-06-28T05:05:02.4335633+08:00 level=info msg="Path Logs" path=D:\MyPoj\grafana\grafana-13.1.0\data\log
logger=settings t=2026-06-28T05:05:02.4335633+08:00 level=info msg="Path Plugins" path="[D:\\MyPoj\\grafana\\grafana-13.1.0\\data\\plugins D:\\MyPoj\\grafana\\grafana-13.1.0\\data\\plugins-bundled]"
logger=settings t=2026-06-28T05:05:02.435066+08:00 level=info msg="Path Provisioning" path=D:\MyPoj\grafana\grafana-13.1.0\conf\provisioning
logger=settings t=2026-06-28T05:05:02.435066+08:00 level=info msg="App mode production"
logger=featuremgmt t=2026-06-28T05:05:02.4355876+08:00 level=info msg=FeatureToggles alertRuleRestore=true alertingBulkActionsInUI=true alertingImportYAMLUI=true alertingListViewV2=true alertingMigrationUI=true alertingMultiplePolicies=true alertingNavigationV2=true alertingNotificationsStepMode=true alertingQueryAndExpressionsStepMode=true alertingRulePermanentlyDelete=true alertingRuleRecoverDeleted=true alertingRuleVersionHistoryRestore=true alertingSaveStateCompressed=true alertingUIOptimizeReducer=true alertingUIUseBackendFilters=true alertingUIUseFullyCompatBackendFilters=true alertingUseNewSimplifiedRoutingHashAlgorithm=true annotationPermissionUpdate=true annotationsClustering=true awsAsyncQueryCaching=true awsDatasourcesTempCredentials=true azureMonitorEnableUserAuth=true azureMonitorPrometheusExemplars=true azureResourcePickerUpdates=true clearPreviousFieldValues=true cloudWatchCrossAccountQuerying=true cloudWatchNewLabelParsing=true cloudWatchRoundUpEndTime=true dashboardDefaultLayoutSelector=true dashboardNewLayouts=true dashboardSectionVariables=true dashboardUnifiedDrilldownControls=true enableSCIM=true feedbackButton=true grafana.scenesFlickeringFix=true grafanaAdvisor=true grafanaAssistantInProfilesDrilldown=true heatmapRowsAxisOptions=true improvedExternalSessionHandling=true improvedExternalSessionHandlingSAML=true influxdbBackendMigration=true kubernetesShortURLs=true lokiLabelNamesQueryApi=true lokiQuerySplitting=true multiPropsVariables=true newClickhouseConfigPageDesign=true newLogContext=true newLogsPanel=true newUnconfiguredPanel=true onlyStoreActionSets=true panelStyleActions=true profilesExemplars=true prometheusAzureOverrideAudience=true prometheusTypeMigration=true provisioning=true provisioning.readmes=true provisioningFolderMetadata=true pyroscopeUTF8LabelNames=true react19=true rememberUserOrgForSso=true renderAuthJWT=true restrictedPluginApis=true sqlExpressions=true teamFolders=true useKubernetesShortURLsAPI=true useMultipleScopeNodesEndpoint=true useScopeSingleNodeEndpoint=true useSessionStorageForRedirection=true vizLegendFacetedFilter=true vizPresets=true
logger=sqlstore t=2026-06-28T05:05:02.4355876+08:00 level=info msg="Connecting to DB" dbtype=sqlite3
logger=sqlstore t=2026-06-28T05:05:02.4355876+08:00 level=info msg="Using SQLite driver" driver=modernc.org/sqlite
logger=sqlstore t=2026-06-28T05:05:02.4360934+08:00 level=info msg="Creating SQLite database file" path=D:\MyPoj\grafana\grafana-13.1.0\data\grafana.db
logger=migrator t=2026-06-28T05:05:02.4376854+08:00 level=info msg="Locking database"
logger=migrator t=2026-06-28T05:05:02.4376854+08:00 level=info msg="Starting DB migrations"
logger=migrator t=2026-06-28T05:05:02.4387132+08:00 level=info msg="Executing migration" id="create migration_log table"
logger=migrator t=2026-06-28T05:05:02.4392277+08:00 level=info msg="Migration successfully executed" id="create migration_log table" duration=514.5µs
logger=migrator t=2026-06-28T05:05:02.449109+08:00 level=info msg="Executing migration" id="create user table"
logger=migrator t=2026-06-28T05:05:02.4496208+08:00 level=info msg="Migration successfully executed" id="create user table" duration=511.8µs
logger=migrator t=2026-06-28T05:05:02.4563656+08:00 level=info msg="Executing migration" id="add unique index user.login"
logger=migrator t=2026-06-28T05:05:02.4568857+08:00 level=info msg="Migration successfully executed" id="add unique index user.login" duration=520.1µs
logger=migrator t=2026-06-28T05:05:02.4634096+08:00 level=info msg="Executing migration" id="add unique index user.email"
logger=migrator t=2026-06-28T05:05:02.4639136+08:00 level=info msg="Migration successfully executed" id="add unique index user.email" duration=504µs
logger=migrator t=2026-06-28T05:05:02.4705368+08:00 level=info msg="Executing migration" id="drop index UQE_user_login - v1"
logger=migrator t=2026-06-28T05:05:02.4715458+08:00 level=info msg="Migration successfully executed" id="drop index UQE_user_login - v1" duration=1.009ms
logger=migrator t=2026-06-28T05:05:02.4775623+08:00 level=info msg="Executing migration" id="drop index UQE_user_email - v1"
logger=migrator t=2026-06-28T05:05:02.4785655+08:00 level=info msg="Migration successfully executed" id="drop index UQE_user_email - v1" duration=1.0032ms
logger=migrator t=2026-06-28T05:05:02.4852216+08:00 level=info msg="Executing migration" id="Rename table user to user_v1 - v1"
logger=migrator t=2026-06-28T05:05:02.4862528+08:00 level=info msg="Migration successfully executed" id="Rename table user to user_v1 - v1" duration=1.0312ms
logger=migrator t=2026-06-28T05:05:02.4934786+08:00 level=info msg="Executing migration" id="create user table v2"
logger=migrator t=2026-06-28T05:05:02.4939936+08:00 level=info msg="Migration successfully executed" id="create user table v2" duration=515µs
logger=migrator t=2026-06-28T05:05:02.5002147+08:00 level=info msg="Executing migration" id="create index UQE_user_login - v2"
logger=migrator t=2026-06-28T05:05:02.5012737+08:00 level=info msg="Migration successfully executed" id="create index UQE_user_login - v2" duration=1.059ms
logger=migrator t=2026-06-28T05:05:02.5069021+08:00 level=info msg="Executing migration" id="create index UQE_user_email - v2"
logger=migrator t=2026-06-28T05:05:02.5077892+08:00 level=info msg="Migration successfully executed" id="create index UQE_user_email - v2" duration=887.1µs
logger=migrator t=2026-06-28T05:05:02.5142584+08:00 level=info msg="Executing migration" id="copy data_source v1 to v2"
logger=migrator t=2026-06-28T05:05:02.5147759+08:00 level=info msg="Migration successfully executed" id="copy data_source v1 to v2" duration=517.5µs
logger=migrator t=2026-06-28T05:05:02.5206867+08:00 level=info msg="Executing migration" id="Drop old table user_v1"
logger=migrator t=2026-06-28T05:05:02.5206867+08:00 level=info msg="Migration successfully executed" id="Drop old table user_v1" duration=0s
logger=migrator t=2026-06-28T05:05:02.5275368+08:00 level=info msg="Executing migration" id="Add column help_flags1 to user table"
logger=migrator t=2026-06-28T05:05:02.5295808+08:00 level=info msg="Migration successfully executed" id="Add column help_flags1 to user table" duration=2.044ms
logger=migrator t=2026-06-28T05:05:02.5361516+08:00 level=info msg="Executing migration" id="Update user table charset"
logger=migrator t=2026-06-28T05:05:02.5361516+08:00 level=info msg="Migration successfully executed" id="Update user table charset" duration=0s
logger=migrator t=2026-06-28T05:05:02.5432662+08:00 level=info msg="Executing migration" id="Add last_seen_at column to user"
logger=migrator t=2026-06-28T05:05:02.5437708+08:00 level=info msg="Migration successfully executed" id="Add last_seen_at column to user" duration=504.6µs
logger=migrator t=2026-06-28T05:05:02.5491836+08:00 level=info msg="Executing migration" id="Add missing user data"
logger=migrator t=2026-06-28T05:05:02.5491836+08:00 level=info msg="Migration successfully executed" id="Add missing user data" duration=0s
logger=migrator t=2026-06-28T05:05:02.5561926+08:00 level=info msg="Executing migration" id="Add is_disabled column to user"
logger=migrator t=2026-06-28T05:05:02.5576987+08:00 level=info msg="Migration successfully executed" id="Add is_disabled column to user" duration=1.5061ms
logger=migrator t=2026-06-28T05:05:02.5641189+08:00 level=info msg="Executing migration" id="Add index user.login/user.email"
logger=migrator t=2026-06-28T05:05:02.5647828+08:00 level=info msg="Migration successfully executed" id="Add index user.login/user.email" duration=663.9µs
logger=migrator t=2026-06-28T05:05:02.571469+08:00 level=info msg="Executing migration" id="Add is_service_account column to user"
logger=migrator t=2026-06-28T05:05:02.5720484+08:00 level=info msg="Migration successfully executed" id="Add is_service_account column to user" duration=579.4µs
logger=migrator t=2026-06-28T05:05:02.5778005+08:00 level=info msg="Executing migration" id="Update is_service_account column to nullable"
logger=migrator t=2026-06-28T05:05:02.5792956+08:00 level=info msg="Migration successfully executed" id="Update is_service_account column to nullable" duration=1.4951ms
logger=migrator t=2026-06-28T05:05:02.5860695+08:00 level=info msg="Executing migration" id="Add uid column to user"
logger=migrator t=2026-06-28T05:05:02.5865836+08:00 level=info msg="Migration successfully executed" id="Add uid column to user" duration=514.1µs
logger=migrator t=2026-06-28T05:05:02.5930273+08:00 level=info msg="Executing migration" id="Update uid column values for users"
logger=migrator t=2026-06-28T05:05:02.5930273+08:00 level=info msg="Migration successfully executed" id="Update uid column values for users" duration=0s
logger=migrator t=2026-06-28T05:05:02.6002532+08:00 level=info msg="Executing migration" id="Make sure users uid are set"
logger=migrator t=2026-06-28T05:05:02.6002532+08:00 level=info msg="Migration successfully executed" id="Make sure users uid are set" duration=0s
logger=migrator t=2026-06-28T05:05:02.6062927+08:00 level=info msg="Executing migration" id="Add unique index user_uid"
logger=migrator t=2026-06-28T05:05:02.6078021+08:00 level=info msg="Migration successfully executed" id="Add unique index user_uid" duration=1.5094ms
logger=migrator t=2026-06-28T05:05:02.61427+08:00 level=info msg="Executing migration" id="Add is_provisioned column to user"
logger=migrator t=2026-06-28T05:05:02.6153167+08:00 level=info msg="Migration successfully executed" id="Add is_provisioned column to user" duration=1.0467ms
logger=migrator t=2026-06-28T05:05:02.6209763+08:00 level=info msg="Executing migration" id="update login field with orgid to allow for multiple service accounts with same name across orgs"
logger=migrator t=2026-06-28T05:05:02.6214828+08:00 level=info msg="Migration successfully executed" id="update login field with orgid to allow for multiple service accounts with same name across orgs" duration=506.5µs
logger=migrator t=2026-06-28T05:05:02.6299316+08:00 level=info msg="Executing migration" id="update service accounts login field orgid to appear only once"
logger=migrator t=2026-06-28T05:05:02.6304473+08:00 level=info msg="Migration successfully executed" id="update service accounts login field orgid to appear only once" duration=515.7µs
logger=migrator t=2026-06-28T05:05:02.6392344+08:00 level=info msg="Executing migration" id="update login and email fields to lowercase"
logger=migrator t=2026-06-28T05:05:02.6402785+08:00 level=info msg="Migration successfully executed" id="update login and email fields to lowercase" duration=1.0441ms
logger=migrator t=2026-06-28T05:05:02.6514804+08:00 level=info msg="Executing migration" id="update login and email fields to lowercase2"
logger=migrator t=2026-06-28T05:05:02.6524851+08:00 level=info msg="Migration successfully executed" id="update login and email fields to lowercase2" duration=1.0047ms
logger=migrator t=2026-06-28T05:05:02.6590272+08:00 level=info msg="Executing migration" id="Add index on user.is_service_account and user.last_seen_at"
logger=migrator t=2026-06-28T05:05:02.6600338+08:00 level=info msg="Migration successfully executed" id="Add index on user.is_service_account and user.last_seen_at" duration=1.0066ms
logger=migrator t=2026-06-28T05:05:02.6674095+08:00 level=info msg="Executing migration" id="Expand user.uid length to 190"
logger=migrator t=2026-06-28T05:05:02.6689515+08:00 level=info msg="Migration successfully executed" id="Expand user.uid length to 190" duration=1.542ms
logger=migrator t=2026-06-28T05:05:02.6805787+08:00 level=info msg="Executing migration" id="Prefix SCIM uid for provisioned users"
logger=migrator t=2026-06-28T05:05:02.6811286+08:00 level=info msg="Migration successfully executed" id="Prefix SCIM uid for provisioned users" duration=549.9µs
logger=migrator t=2026-06-28T05:05:02.6900435+08:00 level=info msg="Executing migration" id="create temp user table v1-7"
logger=migrator t=2026-06-28T05:05:02.691587+08:00 level=info msg="Migration successfully executed" id="create temp user table v1-7" duration=1.5435ms
logger=migrator t=2026-06-28T05:05:02.6983555+08:00 level=info msg="Executing migration" id="create index IDX_temp_user_email - v1-7"
logger=migrator t=2026-06-28T05:05:02.6988666+08:00 level=info msg="Migration successfully executed" id="create index IDX_temp_user_email - v1-7" duration=511.2µs
logger=migrator t=2026-06-28T05:05:02.705393+08:00 level=info msg="Executing migration" id="create index IDX_temp_user_org_id - v1-7"
logger=migrator t=2026-06-28T05:05:02.7059069+08:00 level=info msg="Migration successfully executed" id="create index IDX_temp_user_org_id - v1-7" duration=513.9µs
logger=migrator t=2026-06-28T05:05:02.7128079+08:00 level=info msg="Executing migration" id="create index IDX_temp_user_code - v1-7"
logger=migrator t=2026-06-28T05:05:02.7134308+08:00 level=info msg="Migration successfully executed" id="create index IDX_temp_user_code - v1-7" duration=622.9µs
logger=migrator t=2026-06-28T05:05:02.7202993+08:00 level=info msg="Executing migration" id="create index IDX_temp_user_status - v1-7"
logger=migrator t=2026-06-28T05:05:02.7208095+08:00 level=info msg="Migration successfully executed" id="create index IDX_temp_user_status - v1-7" duration=510.2µs
logger=migrator t=2026-06-28T05:05:02.7276092+08:00 level=info msg="Executing migration" id="Update temp_user table charset"
logger=migrator t=2026-06-28T05:05:02.7276092+08:00 level=info msg="Migration successfully executed" id="Update temp_user table charset" duration=0s
logger=migrator t=2026-06-28T05:05:02.7353139+08:00 level=info msg="Executing migration" id="drop index IDX_temp_user_email - v1"
logger=migrator t=2026-06-28T05:05:02.7361666+08:00 level=info msg="Migration successfully executed" id="drop index IDX_temp_user_email - v1" duration=852.7µs
logger=migrator t=2026-06-28T05:05:02.7424059+08:00 level=info msg="Executing migration" id="drop index IDX_temp_user_org_id - v1"
logger=migrator t=2026-06-28T05:05:02.7424059+08:00 level=info msg="Migration successfully executed" id="drop index IDX_temp_user_org_id - v1" duration=0s
logger=migrator t=2026-06-28T05:05:02.749475+08:00 level=info msg="Executing migration" id="drop index IDX_temp_user_code - v1"
logger=migrator t=2026-06-28T05:05:02.7499916+08:00 level=info msg="Migration successfully executed" id="drop index IDX_temp_user_code - v1" duration=516.6µs
logger=migrator t=2026-06-28T05:05:02.756212+08:00 level=info msg="Executing migration" id="drop index IDX_temp_user_status - v1"
logger=migrator t=2026-06-28T05:05:02.7567402+08:00 level=info msg="Migration successfully executed" id="drop index IDX_temp_user_status - v1" duration=528.2µs
logger=migrator t=2026-06-28T05:05:02.7641315+08:00 level=info msg="Executing migration" id="Rename table temp_user to temp_user_tmp_qwerty - v1"
logger=migrator t=2026-06-28T05:05:02.7653039+08:00 level=info msg="Migration successfully executed" id="Rename table temp_user to temp_user_tmp_qwerty - v1" duration=1.1724ms
logger=migrator t=2026-06-28T05:05:02.7715357+08:00 level=info msg="Executing migration" id="create temp_user v2"
logger=migrator t=2026-06-28T05:05:02.7732563+08:00 level=info msg="Migration successfully executed" id="create temp_user v2" duration=1.7206ms
logger=migrator t=2026-06-28T05:05:02.7794742+08:00 level=info msg="Executing migration" id="create index IDX_temp_user_email - v2"
logger=migrator t=2026-06-28T05:05:02.7800504+08:00 level=info msg="Migration successfully executed" id="create index IDX_temp_user_email - v2" duration=576.3µs
logger=migrator t=2026-06-28T05:05:02.7873385+08:00 level=info msg="Executing migration" id="create index IDX_temp_user_org_id - v2"
logger=migrator t=2026-06-28T05:05:02.7878464+08:00 level=info msg="Migration successfully executed" id="create index IDX_temp_user_org_id - v2" duration=507.9µs
logger=migrator t=2026-06-28T05:05:02.7940861+08:00 level=info msg="Executing migration" id="create index IDX_temp_user_code - v2"
logger=migrator t=2026-06-28T05:05:02.7951109+08:00 level=info msg="Migration successfully executed" id="create index IDX_temp_user_code - v2" duration=1.0248ms
logger=migrator t=2026-06-28T05:05:02.8012157+08:00 level=info msg="Executing migration" id="create index IDX_temp_user_status - v2"
logger=migrator t=2026-06-28T05:05:02.801722+08:00 level=info msg="Migration successfully executed" id="create index IDX_temp_user_status - v2" duration=506.3µs
logger=migrator t=2026-06-28T05:05:02.8085557+08:00 level=info msg="Executing migration" id="copy temp_user v1 to v2"
logger=migrator t=2026-06-28T05:05:02.8091132+08:00 level=info msg="Migration successfully executed" id="copy temp_user v1 to v2" duration=557.5µs
logger=migrator t=2026-06-28T05:05:02.8159041+08:00 level=info msg="Executing migration" id="drop temp_user_tmp_qwerty"
logger=migrator t=2026-06-28T05:05:02.8167362+08:00 level=info msg="Migration successfully executed" id="drop temp_user_tmp_qwerty" duration=832.1µs
logger=migrator t=2026-06-28T05:05:02.8227505+08:00 level=info msg="Executing migration" id="Set created for temp users that will otherwise prematurely expire"
logger=migrator t=2026-06-28T05:05:02.8237404+08:00 level=info msg="Migration successfully executed" id="Set created for temp users that will otherwise prematurely expire" duration=989.9µs
logger=migrator t=2026-06-28T05:05:02.8302605+08:00 level=info msg="Executing migration" id="create star table"
logger=migrator t=2026-06-28T05:05:02.830775+08:00 level=info msg="Migration successfully executed" id="create star table" duration=514.5µs
logger=migrator t=2026-06-28T05:05:02.8374507+08:00 level=info msg="Executing migration" id="add unique index star.user_id_dashboard_id"
logger=migrator t=2026-06-28T05:05:02.8379637+08:00 level=info msg="Migration successfully executed" id="add unique index star.user_id_dashboard_id" duration=513µs
logger=migrator t=2026-06-28T05:05:02.8441745+08:00 level=info msg="Executing migration" id="Add column dashboard_uid in star"
logger=migrator t=2026-06-28T05:05:02.845215+08:00 level=info msg="Migration successfully executed" id="Add column dashboard_uid in star" duration=1.0405ms
logger=migrator t=2026-06-28T05:05:02.851073+08:00 level=info msg="Executing migration" id="Add column org_id in star"
logger=migrator t=2026-06-28T05:05:02.8520457+08:00 level=info msg="Migration successfully executed" id="Add column org_id in star" duration=972.7µs
logger=migrator t=2026-06-28T05:05:02.8585283+08:00 level=info msg="Executing migration" id="Add column updated in star"
logger=migrator t=2026-06-28T05:05:02.8585283+08:00 level=info msg="Migration successfully executed" id="Add column updated in star" duration=0s
logger=migrator t=2026-06-28T05:05:02.8659663+08:00 level=info msg="Executing migration" id="add index in star table on dashboard_uid, org_id and user_id columns"
logger=migrator t=2026-06-28T05:05:02.8667868+08:00 level=info msg="Migration successfully executed" id="add index in star table on dashboard_uid, org_id and user_id columns" duration=820.5µs
logger=migrator t=2026-06-28T05:05:02.8736015+08:00 level=info msg="Executing migration" id="create org table v1"
logger=migrator t=2026-06-28T05:05:02.8746031+08:00 level=info msg="Migration successfully executed" id="create org table v1" duration=1.0016ms
logger=migrator t=2026-06-28T05:05:02.882401+08:00 level=info msg="Executing migration" id="create index UQE_org_name - v1"
logger=migrator t=2026-06-28T05:05:02.88289+08:00 level=info msg="Migration successfully executed" id="create index UQE_org_name - v1" duration=489µs
logger=migrator t=2026-06-28T05:05:02.8890899+08:00 level=info msg="Executing migration" id="create org_user table v1"
logger=migrator t=2026-06-28T05:05:02.8896064+08:00 level=info msg="Migration successfully executed" id="create org_user table v1" duration=516.5µs
logger=migrator t=2026-06-28T05:05:02.8971412+08:00 level=info msg="Executing migration" id="create index IDX_org_user_org_id - v1"
logger=migrator t=2026-06-28T05:05:02.8976493+08:00 level=info msg="Migration successfully executed" id="create index IDX_org_user_org_id - v1" duration=508.1µs
logger=migrator t=2026-06-28T05:05:02.9042908+08:00 level=info msg="Executing migration" id="create index UQE_org_user_org_id_user_id - v1"
logger=migrator t=2026-06-28T05:05:02.904808+08:00 level=info msg="Migration successfully executed" id="create index UQE_org_user_org_id_user_id - v1" duration=517.2µs
logger=migrator t=2026-06-28T05:05:02.911506+08:00 level=info msg="Executing migration" id="create index IDX_org_user_user_id - v1"
logger=migrator t=2026-06-28T05:05:02.9120474+08:00 level=info msg="Migration successfully executed" id="create index IDX_org_user_user_id - v1" duration=541.4µs
logger=migrator t=2026-06-28T05:05:02.919377+08:00 level=info msg="Executing migration" id="Update org table charset"
logger=migrator t=2026-06-28T05:05:02.919377+08:00 level=info msg="Migration successfully executed" id="Update org table charset" duration=0s
logger=migrator t=2026-06-28T05:05:02.9265969+08:00 level=info msg="Executing migration" id="Update org_user table charset"
logger=migrator t=2026-06-28T05:05:02.9265969+08:00 level=info msg="Migration successfully executed" id="Update org_user table charset" duration=0s
logger=migrator t=2026-06-28T05:05:02.9341324+08:00 level=info msg="Executing migration" id="Migrate all Read Only Viewers to Viewers"
logger=migrator t=2026-06-28T05:05:02.934636+08:00 level=info msg="Migration successfully executed" id="Migrate all Read Only Viewers to Viewers" duration=503.6µs
logger=migrator t=2026-06-28T05:05:02.9407855+08:00 level=info msg="Executing migration" id="create dashboard table"
logger=migrator t=2026-06-28T05:05:02.9419382+08:00 level=info msg="Migration successfully executed" id="create dashboard table" duration=1.1528ms
logger=migrator t=2026-06-28T05:05:02.9476443+08:00 level=info msg="Executing migration" id="add index dashboard.account_id"
logger=migrator t=2026-06-28T05:05:02.9491532+08:00 level=info msg="Migration successfully executed" id="add index dashboard.account_id" duration=1.5089ms
logger=migrator t=2026-06-28T05:05:02.9553292+08:00 level=info msg="Executing migration" id="add unique index dashboard_account_id_slug"
logger=migrator t=2026-06-28T05:05:02.9558468+08:00 level=info msg="Migration successfully executed" id="add unique index dashboard_account_id_slug" duration=517.6µs
logger=migrator t=2026-06-28T05:05:02.9622751+08:00 level=info msg="Executing migration" id="create dashboard_tag table"
logger=migrator t=2026-06-28T05:05:02.9627952+08:00 level=info msg="Migration successfully executed" id="create dashboard_tag table" duration=520.1µs
logger=migrator t=2026-06-28T05:05:02.9690236+08:00 level=info msg="Executing migration" id="add unique index dashboard_tag.dasboard_id_term"
logger=migrator t=2026-06-28T05:05:02.9700578+08:00 level=info msg="Migration successfully executed" id="add unique index dashboard_tag.dasboard_id_term" duration=1.0342ms
logger=migrator t=2026-06-28T05:05:02.9773936+08:00 level=info msg="Executing migration" id="drop index UQE_dashboard_tag_dashboard_id_term - v1"
logger=migrator t=2026-06-28T05:05:02.9779034+08:00 level=info msg="Migration successfully executed" id="drop index UQE_dashboard_tag_dashboard_id_term - v1" duration=509.8µs
logger=migrator t=2026-06-28T05:05:02.986104+08:00 level=info msg="Executing migration" id="Rename table dashboard to dashboard_v1 - v1"
logger=migrator t=2026-06-28T05:05:02.986104+08:00 level=info msg="Migration successfully executed" id="Rename table dashboard to dashboard_v1 - v1" duration=0s
logger=migrator t=2026-06-28T05:05:02.9936541+08:00 level=info msg="Executing migration" id="create dashboard v2"
logger=migrator t=2026-06-28T05:05:02.9946593+08:00 level=info msg="Migration successfully executed" id="create dashboard v2" duration=1.0052ms
logger=migrator t=2026-06-28T05:05:03.0014743+08:00 level=info msg="Executing migration" id="create index IDX_dashboard_org_id - v2"
logger=migrator t=2026-06-28T05:05:03.0014743+08:00 level=info msg="Migration successfully executed" id="create index IDX_dashboard_org_id - v2" duration=0s
logger=migrator t=2026-06-28T05:05:03.0078186+08:00 level=info msg="Executing migration" id="create index UQE_dashboard_org_id_slug - v2"
logger=migrator t=2026-06-28T05:05:03.0086779+08:00 level=info msg="Migration successfully executed" id="create index UQE_dashboard_org_id_slug - v2" duration=859.3µs
logger=migrator t=2026-06-28T05:05:03.0149072+08:00 level=info msg="Executing migration" id="copy dashboard v1 to v2"
logger=migrator t=2026-06-28T05:05:03.0154543+08:00 level=info msg="Migration successfully executed" id="copy dashboard v1 to v2" duration=547.1µs
logger=migrator t=2026-06-28T05:05:03.0220202+08:00 level=info msg="Executing migration" id="drop table dashboard_v1"
logger=migrator t=2026-06-28T05:05:03.0230528+08:00 level=info msg="Migration successfully executed" id="drop table dashboard_v1" duration=1.0327ms
logger=migrator t=2026-06-28T05:05:03.0310582+08:00 level=info msg="Executing migration" id="alter dashboard.data to mediumtext v1"
logger=migrator t=2026-06-28T05:05:03.0331191+08:00 level=info msg="Migration successfully executed" id="alter dashboard.data to mediumtext v1" duration=2.0609ms
logger=migrator t=2026-06-28T05:05:03.0398064+08:00 level=info msg="Executing migration" id="Add column updated_by in dashboard - v2"
logger=migrator t=2026-06-28T05:05:03.0408089+08:00 level=info msg="Migration successfully executed" id="Add column updated_by in dashboard - v2" duration=1.0025ms
logger=migrator t=2026-06-28T05:05:03.0474974+08:00 level=info msg="Executing migration" id="Add column created_by in dashboard - v2"
logger=migrator t=2026-06-28T05:05:03.0480381+08:00 level=info msg="Migration successfully executed" id="Add column created_by in dashboard - v2" duration=540.7µs
logger=migrator t=2026-06-28T05:05:03.0552476+08:00 level=info msg="Executing migration" id="Add column gnetId in dashboard"
logger=migrator t=2026-06-28T05:05:03.0557607+08:00 level=info msg="Migration successfully executed" id="Add column gnetId in dashboard" duration=513.1µs
logger=migrator t=2026-06-28T05:05:03.0620052+08:00 level=info msg="Executing migration" id="Add index for gnetId in dashboard"
logger=migrator t=2026-06-28T05:05:03.0630817+08:00 level=info msg="Migration successfully executed" id="Add index for gnetId in dashboard" duration=1.0765ms
logger=migrator t=2026-06-28T05:05:03.0733013+08:00 level=info msg="Executing migration" id="Add column plugin_id in dashboard"
logger=migrator t=2026-06-28T05:05:03.0741733+08:00 level=info msg="Migration successfully executed" id="Add column plugin_id in dashboard" duration=872µs
logger=migrator t=2026-06-28T05:05:03.0822065+08:00 level=info msg="Executing migration" id="Add index for plugin_id in dashboard"
logger=migrator t=2026-06-28T05:05:03.0832392+08:00 level=info msg="Migration successfully executed" id="Add index for plugin_id in dashboard" duration=1.0327ms
logger=migrator t=2026-06-28T05:05:03.0901146+08:00 level=info msg="Executing migration" id="Add index for dashboard_id in dashboard_tag"
logger=migrator t=2026-06-28T05:05:03.0911518+08:00 level=info msg="Migration successfully executed" id="Add index for dashboard_id in dashboard_tag" duration=1.0372ms
logger=migrator t=2026-06-28T05:05:03.0971754+08:00 level=info msg="Executing migration" id="Update dashboard table charset"
logger=migrator t=2026-06-28T05:05:03.0976889+08:00 level=info msg="Migration successfully executed" id="Update dashboard table charset" duration=513.5µs
logger=migrator t=2026-06-28T05:05:03.1042775+08:00 level=info msg="Executing migration" id="Update dashboard_tag table charset"
logger=migrator t=2026-06-28T05:05:03.1042775+08:00 level=info msg="Migration successfully executed" id="Update dashboard_tag table charset" duration=0s
logger=migrator t=2026-06-28T05:05:03.1108661+08:00 level=info msg="Executing migration" id="Add column folder_id in dashboard"
logger=migrator t=2026-06-28T05:05:03.1122703+08:00 level=info msg="Migration successfully executed" id="Add column folder_id in dashboard" duration=1.4042ms
logger=migrator t=2026-06-28T05:05:03.1192482+08:00 level=info msg="Executing migration" id="Add column isFolder in dashboard"
logger=migrator t=2026-06-28T05:05:03.1202758+08:00 level=info msg="Migration successfully executed" id="Add column isFolder in dashboard" duration=1.0276ms
logger=migrator t=2026-06-28T05:05:03.1264493+08:00 level=info msg="Executing migration" id="Add column has_acl in dashboard"
logger=migrator t=2026-06-28T05:05:03.1269557+08:00 level=info msg="Migration successfully executed" id="Add column has_acl in dashboard" duration=506.4µs
logger=migrator t=2026-06-28T05:05:03.133211+08:00 level=info msg="Executing migration" id="Add column uid in dashboard"
logger=migrator t=2026-06-28T05:05:03.1341825+08:00 level=info msg="Migration successfully executed" id="Add column uid in dashboard" duration=971.5µs
logger=migrator t=2026-06-28T05:05:03.1398705+08:00 level=info msg="Executing migration" id="Update uid column values in dashboard"
logger=migrator t=2026-06-28T05:05:03.1398705+08:00 level=info msg="Migration successfully executed" id="Update uid column values in dashboard" duration=0s
logger=migrator t=2026-06-28T05:05:03.1463544+08:00 level=info msg="Executing migration" id="Add unique index dashboard_org_id_uid"
logger=migrator t=2026-06-28T05:05:03.1481285+08:00 level=info msg="Migration successfully executed" id="Add unique index dashboard_org_id_uid" duration=1.7741ms
logger=migrator t=2026-06-28T05:05:03.1543306+08:00 level=info msg="Executing migration" id="Remove unique index org_id_slug"
logger=migrator t=2026-06-28T05:05:03.1548436+08:00 level=info msg="Migration successfully executed" id="Remove unique index org_id_slug" duration=513µs
logger=migrator t=2026-06-28T05:05:03.1610757+08:00 level=info msg="Executing migration" id="Update dashboard title length"
logger=migrator t=2026-06-28T05:05:03.1610757+08:00 level=info msg="Migration successfully executed" id="Update dashboard title length" duration=0s
logger=migrator t=2026-06-28T05:05:03.1682933+08:00 level=info msg="Executing migration" id="Add unique index for dashboard_org_id_title_folder_id"
logger=migrator t=2026-06-28T05:05:03.1688011+08:00 level=info msg="Migration successfully executed" id="Add unique index for dashboard_org_id_title_folder_id" duration=507.8µs
logger=migrator t=2026-06-28T05:05:03.1751713+08:00 level=info msg="Executing migration" id="create dashboard_provisioning"
logger=migrator t=2026-06-28T05:05:03.1756737+08:00 level=info msg="Migration successfully executed" id="create dashboard_provisioning" duration=502.4µs
logger=migrator t=2026-06-28T05:05:03.182267+08:00 level=info msg="Executing migration" id="Rename table dashboard_provisioning to dashboard_provisioning_tmp_qwerty - v1"
logger=migrator t=2026-06-28T05:05:03.1833083+08:00 level=info msg="Migration successfully executed" id="Rename table dashboard_provisioning to dashboard_provisioning_tmp_qwerty - v1" duration=1.0413ms
logger=migrator t=2026-06-28T05:05:03.1902423+08:00 level=info msg="Executing migration" id="create dashboard_provisioning v2"
logger=migrator t=2026-06-28T05:05:03.1907552+08:00 level=info msg="Migration successfully executed" id="create dashboard_provisioning v2" duration=512.9µs
logger=migrator t=2026-06-28T05:05:03.197459+08:00 level=info msg="Executing migration" id="create index IDX_dashboard_provisioning_dashboard_id - v2"
logger=migrator t=2026-06-28T05:05:03.1977593+08:00 level=info msg="Migration successfully executed" id="create index IDX_dashboard_provisioning_dashboard_id - v2" duration=300.3µs
logger=migrator t=2026-06-28T05:05:03.2043438+08:00 level=info msg="Executing migration" id="create index IDX_dashboard_provisioning_dashboard_id_name - v2"
logger=migrator t=2026-06-28T05:05:03.2048493+08:00 level=info msg="Migration successfully executed" id="create index IDX_dashboard_provisioning_dashboard_id_name - v2" duration=505.5µs
logger=migrator t=2026-06-28T05:05:03.2114543+08:00 level=info msg="Executing migration" id="copy dashboard_provisioning v1 to v2"
logger=migrator t=2026-06-28T05:05:03.2119662+08:00 level=info msg="Migration successfully executed" id="copy dashboard_provisioning v1 to v2" duration=511.9µs
logger=migrator t=2026-06-28T05:05:03.2175264+08:00 level=info msg="Executing migration" id="drop dashboard_provisioning_tmp_qwerty"
logger=migrator t=2026-06-28T05:05:03.2185328+08:00 level=info msg="Migration successfully executed" id="drop dashboard_provisioning_tmp_qwerty" duration=1.0064ms
logger=migrator t=2026-06-28T05:05:03.2250572+08:00 level=info msg="Executing migration" id="Add check_sum column"
logger=migrator t=2026-06-28T05:05:03.2262939+08:00 level=info msg="Migration successfully executed" id="Add check_sum column" duration=1.2367ms
logger=migrator t=2026-06-28T05:05:03.2322918+08:00 level=info msg="Executing migration" id="Add index for dashboard_title"
logger=migrator t=2026-06-28T05:05:03.2328056+08:00 level=info msg="Migration successfully executed" id="Add index for dashboard_title" duration=513.8µs
logger=migrator t=2026-06-28T05:05:03.2390497+08:00 level=info msg="Executing migration" id="delete tags for deleted dashboards"
logger=migrator t=2026-06-28T05:05:03.2395629+08:00 level=info msg="Migration successfully executed" id="delete tags for deleted dashboards" duration=513.3µs
logger=migrator t=2026-06-28T05:05:03.2461318+08:00 level=info msg="Executing migration" id="delete stars for deleted dashboards"
logger=migrator t=2026-06-28T05:05:03.2461318+08:00 level=info msg="Migration successfully executed" id="delete stars for deleted dashboards" duration=0s
logger=migrator t=2026-06-28T05:05:03.2531738+08:00 level=info msg="Executing migration" id="Add index for dashboard_is_folder"
logger=migrator t=2026-06-28T05:05:03.2536866+08:00 level=info msg="Migration successfully executed" id="Add index for dashboard_is_folder" duration=512.8µs
logger=migrator t=2026-06-28T05:05:03.2602021+08:00 level=info msg="Executing migration" id="Add isPublic for dashboard"
logger=migrator t=2026-06-28T05:05:03.2607098+08:00 level=info msg="Migration successfully executed" id="Add isPublic for dashboard" duration=507.7µs
logger=migrator t=2026-06-28T05:05:03.2662207+08:00 level=info msg="Executing migration" id="Add deleted for dashboard"
logger=migrator t=2026-06-28T05:05:03.2677331+08:00 level=info msg="Migration successfully executed" id="Add deleted for dashboard" duration=1.5125ms
logger=migrator t=2026-06-28T05:05:03.273949+08:00 level=info msg="Executing migration" id="Add index for deleted"
logger=migrator t=2026-06-28T05:05:03.273949+08:00 level=info msg="Migration successfully executed" id="Add index for deleted" duration=0s
logger=migrator t=2026-06-28T05:05:03.2813679+08:00 level=info msg="Executing migration" id="Add column dashboard_uid in dashboard_tag"
logger=migrator t=2026-06-28T05:05:03.2818832+08:00 level=info msg="Migration successfully executed" id="Add column dashboard_uid in dashboard_tag" duration=515.3µs
logger=migrator t=2026-06-28T05:05:03.2880205+08:00 level=info msg="Executing migration" id="Add column org_id in dashboard_tag"
logger=migrator t=2026-06-28T05:05:03.2890808+08:00 level=info msg="Migration successfully executed" id="Add column org_id in dashboard_tag" duration=1.0603ms
logger=migrator t=2026-06-28T05:05:03.2952454+08:00 level=info msg="Executing migration" id="Add missing dashboard_uid and org_id to dashboard_tag"
logger=migrator t=2026-06-28T05:05:03.2957587+08:00 level=info msg="Migration successfully executed" id="Add missing dashboard_uid and org_id to dashboard_tag" duration=513.3µs
logger=migrator t=2026-06-28T05:05:03.3021999+08:00 level=info msg="Executing migration" id="Add apiVersion for dashboard"
logger=migrator t=2026-06-28T05:05:03.3032201+08:00 level=info msg="Migration successfully executed" id="Add apiVersion for dashboard" duration=1.0202ms
logger=migrator t=2026-06-28T05:05:03.3089857+08:00 level=info msg="Executing migration" id="Add index for dashboard_uid on dashboard_tag table"
logger=migrator t=2026-06-28T05:05:03.310012+08:00 level=info msg="Migration successfully executed" id="Add index for dashboard_uid on dashboard_tag table" duration=1.0263ms
logger=migrator t=2026-06-28T05:05:03.3159137+08:00 level=info msg="Executing migration" id="Add missing dashboard_uid and org_id to star"
logger=migrator t=2026-06-28T05:05:03.3164287+08:00 level=info msg="Migration successfully executed" id="Add missing dashboard_uid and org_id to star" duration=515µs
logger=migrator t=2026-06-28T05:05:03.3231247+08:00 level=info msg="Executing migration" id="create data_source table"
logger=migrator t=2026-06-28T05:05:03.3241574+08:00 level=info msg="Migration successfully executed" id="create data_source table" duration=1.0327ms
logger=migrator t=2026-06-28T05:05:03.3297848+08:00 level=info msg="Executing migration" id="add index data_source.account_id"
logger=migrator t=2026-06-28T05:05:03.33058+08:00 level=info msg="Migration successfully executed" id="add index data_source.account_id" duration=795.2µs
logger=migrator t=2026-06-28T05:05:03.3372346+08:00 level=info msg="Executing migration" id="add unique index data_source.account_id_name"
logger=migrator t=2026-06-28T05:05:03.3377401+08:00 level=info msg="Migration successfully executed" id="add unique index data_source.account_id_name" duration=505.5µs
logger=migrator t=2026-06-28T05:05:03.3444113+08:00 level=info msg="Executing migration" id="drop index IDX_data_source_account_id - v1"
logger=migrator t=2026-06-28T05:05:03.3449752+08:00 level=info msg="Migration successfully executed" id="drop index IDX_data_source_account_id - v1" duration=563.9µs
logger=migrator t=2026-06-28T05:05:03.3514054+08:00 level=info msg="Executing migration" id="drop index UQE_data_source_account_id_name - v1"
logger=migrator t=2026-06-28T05:05:03.351923+08:00 level=info msg="Migration successfully executed" id="drop index UQE_data_source_account_id_name - v1" duration=517.6µs
logger=migrator t=2026-06-28T05:05:03.3580659+08:00 level=info msg="Executing migration" id="Rename table data_source to data_source_v1 - v1"
logger=migrator t=2026-06-28T05:05:03.3596006+08:00 level=info msg="Migration successfully executed" id="Rename table data_source to data_source_v1 - v1" duration=1.5347ms
logger=migrator t=2026-06-28T05:05:03.3653753+08:00 level=info msg="Executing migration" id="create data_source table v2"
logger=migrator t=2026-06-28T05:05:03.3667028+08:00 level=info msg="Migration successfully executed" id="create data_source table v2" duration=1.3275ms
logger=migrator t=2026-06-28T05:05:03.3733649+08:00 level=info msg="Executing migration" id="create index IDX_data_source_org_id - v2"
logger=migrator t=2026-06-28T05:05:03.3738797+08:00 level=info msg="Migration successfully executed" id="create index IDX_data_source_org_id - v2" duration=514.8µs
logger=migrator t=2026-06-28T05:05:03.3795652+08:00 level=info msg="Executing migration" id="create index UQE_data_source_org_id_name - v2"
logger=migrator t=2026-06-28T05:05:03.3805688+08:00 level=info msg="Migration successfully executed" id="create index UQE_data_source_org_id_name - v2" duration=1.0036ms
logger=migrator t=2026-06-28T05:05:03.3893707+08:00 level=info msg="Executing migration" id="Drop old table data_source_v1 #2"
logger=migrator t=2026-06-28T05:05:03.3904053+08:00 level=info msg="Migration successfully executed" id="Drop old table data_source_v1 #2" duration=1.0346ms
logger=migrator t=2026-06-28T05:05:03.3972259+08:00 level=info msg="Executing migration" id="Add column with_credentials"
logger=migrator t=2026-06-28T05:05:03.3982574+08:00 level=info msg="Migration successfully executed" id="Add column with_credentials" duration=1.0315ms
logger=migrator t=2026-06-28T05:05:03.4054388+08:00 level=info msg="Executing migration" id="Add secure json data column"
logger=migrator t=2026-06-28T05:05:03.4059436+08:00 level=info msg="Migration successfully executed" id="Add secure json data column" duration=504.8µs
logger=migrator t=2026-06-28T05:05:03.4121343+08:00 level=info msg="Executing migration" id="Update data_source table charset"
logger=migrator t=2026-06-28T05:05:03.4121343+08:00 level=info msg="Migration successfully executed" id="Update data_source table charset" duration=0s
logger=migrator t=2026-06-28T05:05:03.4193243+08:00 level=info msg="Executing migration" id="Update initial version to 1"
logger=migrator t=2026-06-28T05:05:03.4193243+08:00 level=info msg="Migration successfully executed" id="Update initial version to 1" duration=0s
logger=migrator t=2026-06-28T05:05:03.4262155+08:00 level=info msg="Executing migration" id="Add read_only data column"
logger=migrator t=2026-06-28T05:05:03.4272942+08:00 level=info msg="Migration successfully executed" id="Add read_only data column" duration=1.0787ms
logger=migrator t=2026-06-28T05:05:03.4343172+08:00 level=info msg="Executing migration" id="Migrate logging ds to loki ds"
logger=migrator t=2026-06-28T05:05:03.4343172+08:00 level=info msg="Migration successfully executed" id="Migrate logging ds to loki ds" duration=0s
logger=migrator t=2026-06-28T05:05:03.4410872+08:00 level=info msg="Executing migration" id="Update json_data with nulls"
logger=migrator t=2026-06-28T05:05:03.4415942+08:00 level=info msg="Migration successfully executed" id="Update json_data with nulls" duration=507µs
logger=migrator t=2026-06-28T05:05:03.4483387+08:00 level=info msg="Executing migration" id="Add uid column"
logger=migrator t=2026-06-28T05:05:03.4488499+08:00 level=info msg="Migration successfully executed" id="Add uid column" duration=511.2µs
logger=migrator t=2026-06-28T05:05:03.4550189+08:00 level=info msg="Executing migration" id="Update uid value"
logger=migrator t=2026-06-28T05:05:03.4555259+08:00 level=info msg="Migration successfully executed" id="Update uid value" duration=507.1µs
logger=migrator t=2026-06-28T05:05:03.4619714+08:00 level=info msg="Executing migration" id="Add unique index datasource_org_id_uid"
logger=migrator t=2026-06-28T05:05:03.4627841+08:00 level=info msg="Migration successfully executed" id="Add unique index datasource_org_id_uid" duration=812.7µs
logger=migrator t=2026-06-28T05:05:03.4690429+08:00 level=info msg="Executing migration" id="add unique index datasource_org_id_is_default"
logger=migrator t=2026-06-28T05:05:03.4695545+08:00 level=info msg="Migration successfully executed" id="add unique index datasource_org_id_is_default" duration=511.6µs
logger=migrator t=2026-06-28T05:05:03.4762594+08:00 level=info msg="Executing migration" id="Add is_prunable column"
logger=migrator t=2026-06-28T05:05:03.4767933+08:00 level=info msg="Migration successfully executed" id="Add is_prunable column" duration=533.9µs
logger=migrator t=2026-06-28T05:05:03.4829656+08:00 level=info msg="Executing migration" id="Add api_version column"
logger=migrator t=2026-06-28T05:05:03.4839931+08:00 level=info msg="Migration successfully executed" id="Add api_version column" duration=1.0275ms
logger=migrator t=2026-06-28T05:05:03.490144+08:00 level=info msg="Executing migration" id="Update secure_json_data column to MediumText"
logger=migrator t=2026-06-28T05:05:03.490144+08:00 level=info msg="Migration successfully executed" id="Update secure_json_data column to MediumText" duration=0s
logger=migrator t=2026-06-28T05:05:03.4972015+08:00 level=info msg="Executing migration" id="Update json_data column to MediumText"
logger=migrator t=2026-06-28T05:05:03.4972015+08:00 level=info msg="Migration successfully executed" id="Update json_data column to MediumText" duration=0s
logger=migrator t=2026-06-28T05:05:03.5043344+08:00 level=info msg="Executing migration" id="create api_key table"
logger=migrator t=2026-06-28T05:05:03.5048494+08:00 level=info msg="Migration successfully executed" id="create api_key table" duration=515µs
logger=migrator t=2026-06-28T05:05:03.5112134+08:00 level=info msg="Executing migration" id="add index api_key.account_id"
logger=migrator t=2026-06-28T05:05:03.5117199+08:00 level=info msg="Migration successfully executed" id="add index api_key.account_id" duration=506.5µs
logger=migrator t=2026-06-28T05:05:03.5175089+08:00 level=info msg="Executing migration" id="add index api_key.key"
logger=migrator t=2026-06-28T05:05:03.5190177+08:00 level=info msg="Migration successfully executed" id="add index api_key.key" duration=1.5088ms
logger=migrator t=2026-06-28T05:05:03.5251817+08:00 level=info msg="Executing migration" id="add index api_key.account_id_name"
logger=migrator t=2026-06-28T05:05:03.5256849+08:00 level=info msg="Migration successfully executed" id="add index api_key.account_id_name" duration=503.2µs
logger=migrator t=2026-06-28T05:05:03.5320567+08:00 level=info msg="Executing migration" id="drop index IDX_api_key_account_id - v1"
logger=migrator t=2026-06-28T05:05:03.5330994+08:00 level=info msg="Migration successfully executed" id="drop index IDX_api_key_account_id - v1" duration=1.0427ms
logger=migrator t=2026-06-28T05:05:03.5392799+08:00 level=info msg="Executing migration" id="drop index UQE_api_key_key - v1"
logger=migrator t=2026-06-28T05:05:03.5398581+08:00 level=info msg="Migration successfully executed" id="drop index UQE_api_key_key - v1" duration=578.2µs
logger=migrator t=2026-06-28T05:05:03.5460272+08:00 level=info msg="Executing migration" id="drop index UQE_api_key_account_id_name - v1"
logger=migrator t=2026-06-28T05:05:03.5466859+08:00 level=info msg="Migration successfully executed" id="drop index UQE_api_key_account_id_name - v1" duration=658.7µs
logger=migrator t=2026-06-28T05:05:03.5533459+08:00 level=info msg="Executing migration" id="Rename table api_key to api_key_v1 - v1"
logger=migrator t=2026-06-28T05:05:03.5543495+08:00 level=info msg="Migration successfully executed" id="Rename table api_key to api_key_v1 - v1" duration=1.0036ms
logger=migrator t=2026-06-28T05:05:03.561375+08:00 level=info msg="Executing migration" id="create api_key table v2"
logger=migrator t=2026-06-28T05:05:03.561375+08:00 level=info msg="Migration successfully executed" id="create api_key table v2" duration=0s
logger=migrator t=2026-06-28T05:05:03.5693683+08:00 level=info msg="Executing migration" id="create index IDX_api_key_org_id - v2"
logger=migrator t=2026-06-28T05:05:03.5693683+08:00 level=info msg="Migration successfully executed" id="create index IDX_api_key_org_id - v2" duration=1.0082ms
logger=migrator t=2026-06-28T05:05:03.576233+08:00 level=info msg="Executing migration" id="create index UQE_api_key_key - v2"
logger=migrator t=2026-06-28T05:05:03.5767377+08:00 level=info msg="Migration successfully executed" id="create index UQE_api_key_key - v2" duration=504.7µs
logger=migrator t=2026-06-28T05:05:03.583101+08:00 level=info msg="Executing migration" id="create index UQE_api_key_org_id_name - v2"
logger=migrator t=2026-06-28T05:05:03.583615+08:00 level=info msg="Migration successfully executed" id="create index UQE_api_key_org_id_name - v2" duration=514µs
logger=migrator t=2026-06-28T05:05:03.5902493+08:00 level=info msg="Executing migration" id="copy api_key v1 to v2"
logger=migrator t=2026-06-28T05:05:03.5907614+08:00 level=info msg="Migration successfully executed" id="copy api_key v1 to v2" duration=512.2µs
logger=migrator t=2026-06-28T05:05:03.5970525+08:00 level=info msg="Executing migration" id="Drop old table api_key_v1"
logger=migrator t=2026-06-28T05:05:03.5975591+08:00 level=info msg="Migration successfully executed" id="Drop old table api_key_v1" duration=506.6µs
logger=migrator t=2026-06-28T05:05:03.6042487+08:00 level=info msg="Executing migration" id="Update api_key table charset"
logger=migrator t=2026-06-28T05:05:03.6042487+08:00 level=info msg="Migration successfully executed" id="Update api_key table charset" duration=0s
logger=migrator t=2026-06-28T05:05:03.6113705+08:00 level=info msg="Executing migration" id="Add expires to api_key table"
logger=migrator t=2026-06-28T05:05:03.6118773+08:00 level=info msg="Migration successfully executed" id="Add expires to api_key table" duration=506.8µs
logger=migrator t=2026-06-28T05:05:03.6175273+08:00 level=info msg="Executing migration" id="Add service account foreign key"
logger=migrator t=2026-06-28T05:05:03.6185336+08:00 level=info msg="Migration successfully executed" id="Add service account foreign key" duration=1.0064ms
logger=migrator t=2026-06-28T05:05:03.625212+08:00 level=info msg="Executing migration" id="set service account foreign key to nil if 0"
logger=migrator t=2026-06-28T05:05:03.625212+08:00 level=info msg="Migration successfully executed" id="set service account foreign key to nil if 0" duration=0s
logger=migrator t=2026-06-28T05:05:03.6320146+08:00 level=info msg="Executing migration" id="Add last_used_at to api_key table"
logger=migrator t=2026-06-28T05:05:03.6330394+08:00 level=info msg="Migration successfully executed" id="Add last_used_at to api_key table" duration=1.0248ms
logger=migrator t=2026-06-28T05:05:03.6391645+08:00 level=info msg="Executing migration" id="Add is_revoked column to api_key table"
logger=migrator t=2026-06-28T05:05:03.6396783+08:00 level=info msg="Migration successfully executed" id="Add is_revoked column to api_key table" duration=513.8µs
logger=migrator t=2026-06-28T05:05:03.6462113+08:00 level=info msg="Executing migration" id="create dashboard_snapshot table v4"
logger=migrator t=2026-06-28T05:05:03.6468003+08:00 level=info msg="Migration successfully executed" id="create dashboard_snapshot table v4" duration=589µs
logger=migrator t=2026-06-28T05:05:03.653158+08:00 level=info msg="Executing migration" id="drop table dashboard_snapshot_v4 #1"
logger=migrator t=2026-06-28T05:05:03.6536614+08:00 level=info msg="Migration successfully executed" id="drop table dashboard_snapshot_v4 #1" duration=503.4µs
logger=migrator t=2026-06-28T05:05:03.6602029+08:00 level=info msg="Executing migration" id="create dashboard_snapshot table v5 #2"
logger=migrator t=2026-06-28T05:05:03.6633715+08:00 level=info msg="Migration successfully executed" id="create dashboard_snapshot table v5 #2" duration=3.1686ms
logger=migrator t=2026-06-28T05:05:03.6722227+08:00 level=info msg="Executing migration" id="create index UQE_dashboard_snapshot_key - v5"
logger=migrator t=2026-06-28T05:05:03.6733094+08:00 level=info msg="Migration successfully executed" id="create index UQE_dashboard_snapshot_key - v5" duration=1.0867ms
logger=migrator t=2026-06-28T05:05:03.6805355+08:00 level=info msg="Executing migration" id="create index UQE_dashboard_snapshot_delete_key - v5"
logger=migrator t=2026-06-28T05:05:03.6810858+08:00 level=info msg="Migration successfully executed" id="create index UQE_dashboard_snapshot_delete_key - v5" duration=550.3µs
logger=migrator t=2026-06-28T05:05:03.6883677+08:00 level=info msg="Executing migration" id="create index IDX_dashboard_snapshot_user_id - v5"
logger=migrator t=2026-06-28T05:05:03.6888888+08:00 level=info msg="Migration successfully executed" id="create index IDX_dashboard_snapshot_user_id - v5" duration=521.1µs
logger=migrator t=2026-06-28T05:05:03.6951217+08:00 level=info msg="Executing migration" id="alter dashboard_snapshot to mediumtext v2"
logger=migrator t=2026-06-28T05:05:03.6951217+08:00 level=info msg="Migration successfully executed" id="alter dashboard_snapshot to mediumtext v2" duration=0s
logger=migrator t=2026-06-28T05:05:03.7037249+08:00 level=info msg="Executing migration" id="Update dashboard_snapshot table charset"
logger=migrator t=2026-06-28T05:05:03.7037249+08:00 level=info msg="Migration successfully executed" id="Update dashboard_snapshot table charset" duration=0s
logger=migrator t=2026-06-28T05:05:03.7122532+08:00 level=info msg="Executing migration" id="Add column external_delete_url to dashboard_snapshots table"
logger=migrator t=2026-06-28T05:05:03.7131051+08:00 level=info msg="Migration successfully executed" id="Add column external_delete_url to dashboard_snapshots table" duration=851.9µs
logger=migrator t=2026-06-28T05:05:03.720314+08:00 level=info msg="Executing migration" id="Add encrypted dashboard json column"
logger=migrator t=2026-06-28T05:05:03.7213357+08:00 level=info msg="Migration successfully executed" id="Add encrypted dashboard json column" duration=1.0217ms
logger=migrator t=2026-06-28T05:05:03.7280743+08:00 level=info msg="Executing migration" id="Change dashboard_encrypted column to MEDIUMBLOB"
logger=migrator t=2026-06-28T05:05:03.7286783+08:00 level=info msg="Migration successfully executed" id="Change dashboard_encrypted column to MEDIUMBLOB" duration=604µs
logger=migrator t=2026-06-28T05:05:03.7351154+08:00 level=info msg="Executing migration" id="create quota table v1"
logger=migrator t=2026-06-28T05:05:03.7356312+08:00 level=info msg="Migration successfully executed" id="create quota table v1" duration=515.8µs
logger=migrator t=2026-06-28T05:05:03.7417659+08:00 level=info msg="Executing migration" id="create index UQE_quota_org_id_user_id_target - v1"
logger=migrator t=2026-06-28T05:05:03.7417659+08:00 level=info msg="Migration successfully executed" id="create index UQE_quota_org_id_user_id_target - v1" duration=0s
logger=migrator t=2026-06-28T05:05:03.7490572+08:00 level=info msg="Executing migration" id="Update quota table charset"
logger=migrator t=2026-06-28T05:05:03.7490572+08:00 level=info msg="Migration successfully executed" id="Update quota table charset" duration=0s
logger=migrator t=2026-06-28T05:05:03.7560908+08:00 level=info msg="Executing migration" id="create plugin_setting table"
logger=migrator t=2026-06-28T05:05:03.7576036+08:00 level=info msg="Migration successfully executed" id="create plugin_setting table" duration=1.5128ms
logger=migrator t=2026-06-28T05:05:03.7661803+08:00 level=info msg="Executing migration" id="create index UQE_plugin_setting_org_id_plugin_id - v1"
logger=migrator t=2026-06-28T05:05:03.7666957+08:00 level=info msg="Migration successfully executed" id="create index UQE_plugin_setting_org_id_plugin_id - v1" duration=515.4µs
logger=migrator t=2026-06-28T05:05:03.7734101+08:00 level=info msg="Executing migration" id="Add column plugin_version to plugin_settings"
logger=migrator t=2026-06-28T05:05:03.7744492+08:00 level=info msg="Migration successfully executed" id="Add column plugin_version to plugin_settings" duration=1.0391ms
logger=migrator t=2026-06-28T05:05:03.7825617+08:00 level=info msg="Executing migration" id="Update plugin_setting table charset"
logger=migrator t=2026-06-28T05:05:03.7825617+08:00 level=info msg="Migration successfully executed" id="Update plugin_setting table charset" duration=0s
logger=migrator t=2026-06-28T05:05:03.7903689+08:00 level=info msg="Executing migration" id="update NULL org_id to 1"
logger=migrator t=2026-06-28T05:05:03.7908975+08:00 level=info msg="Migration successfully executed" id="update NULL org_id to 1" duration=528.6µs
logger=migrator t=2026-06-28T05:05:03.7977491+08:00 level=info msg="Executing migration" id="make org_id NOT NULL and DEFAULT VALUE 1"
logger=migrator t=2026-06-28T05:05:03.8008515+08:00 level=info msg="Migration successfully executed" id="make org_id NOT NULL and DEFAULT VALUE 1" duration=3.1024ms
logger=migrator t=2026-06-28T05:05:03.8070123+08:00 level=info msg="Executing migration" id="create session table"
logger=migrator t=2026-06-28T05:05:03.8080395+08:00 level=info msg="Migration successfully executed" id="create session table" duration=1.0272ms
logger=migrator t=2026-06-28T05:05:03.815113+08:00 level=info msg="Executing migration" id="drop preferences table v2"
logger=migrator t=2026-06-28T05:05:03.8156297+08:00 level=info msg="Migration successfully executed" id="drop preferences table v2" duration=516.7µs
logger=migrator t=2026-06-28T05:05:03.8260571+08:00 level=info msg="Executing migration" id="drop preferences table v3"
logger=migrator t=2026-06-28T05:05:03.826659+08:00 level=info msg="Migration successfully executed" id="drop preferences table v3" duration=601.9µs
logger=migrator t=2026-06-28T05:05:03.8362272+08:00 level=info msg="Executing migration" id="create preferences table v3"
logger=migrator t=2026-06-28T05:05:03.8372392+08:00 level=info msg="Migration successfully executed" id="create preferences table v3" duration=1.012ms
logger=migrator t=2026-06-28T05:05:03.8418641+08:00 level=info msg="Executing migration" id="Update preferences table charset"
logger=migrator t=2026-06-28T05:05:03.8418641+08:00 level=info msg="Migration successfully executed" id="Update preferences table charset" duration=0s
logger=migrator t=2026-06-28T05:05:03.8503142+08:00 level=info msg="Executing migration" id="Add column team_id in preferences"
logger=migrator t=2026-06-28T05:05:03.8529528+08:00 level=info msg="Migration successfully executed" id="Add column team_id in preferences" duration=2.6386ms
logger=migrator t=2026-06-28T05:05:03.8597431+08:00 level=info msg="Executing migration" id="Update team_id column values in preferences"
logger=migrator t=2026-06-28T05:05:03.860858+08:00 level=info msg="Migration successfully executed" id="Update team_id column values in preferences" duration=1.115ms
logger=migrator t=2026-06-28T05:05:03.8700786+08:00 level=info msg="Executing migration" id="Add column week_start in preferences"
logger=migrator t=2026-06-28T05:05:03.8735914+08:00 level=info msg="Migration successfully executed" id="Add column week_start in preferences" duration=3.5128ms
logger=migrator t=2026-06-28T05:05:03.8801425+08:00 level=info msg="Executing migration" id="Add column preferences.json_data"
logger=migrator t=2026-06-28T05:05:03.8812601+08:00 level=info msg="Migration successfully executed" id="Add column preferences.json_data" duration=1.1176ms
logger=migrator t=2026-06-28T05:05:03.8889459+08:00 level=info msg="Executing migration" id="alter preferences.json_data to mediumtext v1"
logger=migrator t=2026-06-28T05:05:03.8899633+08:00 level=info msg="Migration successfully executed" id="alter preferences.json_data to mediumtext v1" duration=1.0174ms
logger=migrator t=2026-06-28T05:05:03.9003504+08:00 level=info msg="Executing migration" id="Add preferences index org_id"
logger=migrator t=2026-06-28T05:05:03.9003504+08:00 level=info msg="Migration successfully executed" id="Add preferences index org_id" duration=0s
logger=migrator t=2026-06-28T05:05:03.908277+08:00 level=info msg="Executing migration" id="Add preferences index user_id"
logger=migrator t=2026-06-28T05:05:03.9087864+08:00 level=info msg="Migration successfully executed" id="Add preferences index user_id" duration=509.4µs
logger=migrator t=2026-06-28T05:05:03.9163447+08:00 level=info msg="Executing migration" id="Add home_dashboard_uid column to preferences table"
logger=migrator t=2026-06-28T05:05:03.9168624+08:00 level=info msg="Migration successfully executed" id="Add home_dashboard_uid column to preferences table" duration=517.7µs
logger=migrator t=2026-06-28T05:05:03.9230425+08:00 level=info msg="Executing migration" id="Add missing dashboard_uid to preferences table"
logger=migrator t=2026-06-28T05:05:03.9236897+08:00 level=info msg="Migration successfully executed" id="Add missing dashboard_uid to preferences table" duration=647.2µs
logger=migrator t=2026-06-28T05:05:03.9323888+08:00 level=info msg="Executing migration" id="create alert table v1"
logger=migrator t=2026-06-28T05:05:03.9329061+08:00 level=info msg="Migration successfully executed" id="create alert table v1" duration=517.3µs
logger=migrator t=2026-06-28T05:05:03.9390847+08:00 level=info msg="Executing migration" id="add index alert org_id & id "
logger=migrator t=2026-06-28T05:05:03.9395945+08:00 level=info msg="Migration successfully executed" id="add index alert org_id & id " duration=509.8µs
logger=migrator t=2026-06-28T05:05:03.946114+08:00 level=info msg="Executing migration" id="add index alert state"
logger=migrator t=2026-06-28T05:05:03.9475315+08:00 level=info msg="Migration successfully executed" id="add index alert state" duration=1.4175ms
logger=migrator t=2026-06-28T05:05:03.9540788+08:00 level=info msg="Executing migration" id="add index alert dashboard_id"
logger=migrator t=2026-06-28T05:05:03.9540788+08:00 level=info msg="Migration successfully executed" id="add index alert dashboard_id" duration=0s
logger=migrator t=2026-06-28T05:05:03.9612337+08:00 level=info msg="Executing migration" id="Create alert_rule_tag table v1"
logger=migrator t=2026-06-28T05:05:03.9617365+08:00 level=info msg="Migration successfully executed" id="Create alert_rule_tag table v1" duration=502.8µs
logger=migrator t=2026-06-28T05:05:03.9690253+08:00 level=info msg="Executing migration" id="Add unique index alert_rule_tag.alert_id_tag_id"
logger=migrator t=2026-06-28T05:05:03.9700541+08:00 level=info msg="Migration successfully executed" id="Add unique index alert_rule_tag.alert_id_tag_id" duration=1.0288ms
logger=migrator t=2026-06-28T05:05:03.9762973+08:00 level=info msg="Executing migration" id="drop index UQE_alert_rule_tag_alert_id_tag_id - v1"
logger=migrator t=2026-06-28T05:05:03.9768203+08:00 level=info msg="Migration successfully executed" id="drop index UQE_alert_rule_tag_alert_id_tag_id - v1" duration=523µs
logger=migrator t=2026-06-28T05:05:03.9831973+08:00 level=info msg="Executing migration" id="Rename table alert_rule_tag to alert_rule_tag_v1 - v1"
logger=migrator t=2026-06-28T05:05:03.9847703+08:00 level=info msg="Migration successfully executed" id="Rename table alert_rule_tag to alert_rule_tag_v1 - v1" duration=1.573ms
logger=migrator t=2026-06-28T05:05:03.9914157+08:00 level=info msg="Executing migration" id="Create alert_rule_tag table v2"
logger=migrator t=2026-06-28T05:05:03.9919305+08:00 level=info msg="Migration successfully executed" id="Create alert_rule_tag table v2" duration=514.8µs
logger=migrator t=2026-06-28T05:05:04.0004258+08:00 level=info msg="Executing migration" id="create index UQE_alert_rule_tag_alert_id_tag_id - Add unique index alert_rule_tag.alert_id_tag_id V2"
logger=migrator t=2026-06-28T05:05:04.0009786+08:00 level=info msg="Migration successfully executed" id="create index UQE_alert_rule_tag_alert_id_tag_id - Add unique index alert_rule_tag.alert_id_tag_id V2" duration=552.8µs
logger=migrator t=2026-06-28T05:05:04.0071809+08:00 level=info msg="Executing migration" id="copy alert_rule_tag v1 to v2"
logger=migrator t=2026-06-28T05:05:04.0082221+08:00 level=info msg="Migration successfully executed" id="copy alert_rule_tag v1 to v2" duration=1.0412ms
logger=migrator t=2026-06-28T05:05:04.0151633+08:00 level=info msg="Executing migration" id="drop table alert_rule_tag_v1"
logger=migrator t=2026-06-28T05:05:04.0156777+08:00 level=info msg="Migration successfully executed" id="drop table alert_rule_tag_v1" duration=514.4µs
logger=migrator t=2026-06-28T05:05:04.0223594+08:00 level=info msg="Executing migration" id="create alert_notification table v1"
logger=migrator t=2026-06-28T05:05:04.0228659+08:00 level=info msg="Migration successfully executed" id="create alert_notification table v1" duration=506.5µs
logger=migrator t=2026-06-28T05:05:04.0295542+08:00 level=info msg="Executing migration" id="Add column is_default"
logger=migrator t=2026-06-28T05:05:04.0306175+08:00 level=info msg="Migration successfully executed" id="Add column is_default" duration=1.0633ms
logger=migrator t=2026-06-28T05:05:04.036337+08:00 level=info msg="Executing migration" id="Add column frequency"
logger=migrator t=2026-06-28T05:05:04.0398712+08:00 level=info msg="Migration successfully executed" id="Add column frequency" duration=3.5342ms
logger=migrator t=2026-06-28T05:05:04.0469324+08:00 level=info msg="Executing migration" id="Add column send_reminder"
logger=migrator t=2026-06-28T05:05:04.0487458+08:00 level=info msg="Migration successfully executed" id="Add column send_reminder" duration=1.8134ms
logger=migrator t=2026-06-28T05:05:04.0548684+08:00 level=info msg="Executing migration" id="Add column disable_resolve_message"
logger=migrator t=2026-06-28T05:05:04.0556569+08:00 level=info msg="Migration successfully executed" id="Add column disable_resolve_message" duration=788.5µs
logger=migrator t=2026-06-28T05:05:04.0627583+08:00 level=info msg="Executing migration" id="add index alert_notification org_id & name"
logger=migrator t=2026-06-28T05:05:04.0632741+08:00 level=info msg="Migration successfully executed" id="add index alert_notification org_id & name" duration=515.8µs
logger=migrator t=2026-06-28T05:05:04.0701085+08:00 level=info msg="Executing migration" id="Update alert table charset"
logger=migrator t=2026-06-28T05:05:04.0701085+08:00 level=info msg="Migration successfully executed" id="Update alert table charset" duration=0s
logger=migrator t=2026-06-28T05:05:04.0773014+08:00 level=info msg="Executing migration" id="Update alert_notification table charset"
logger=migrator t=2026-06-28T05:05:04.0773014+08:00 level=info msg="Migration successfully executed" id="Update alert_notification table charset" duration=0s
logger=migrator t=2026-06-28T05:05:04.083858+08:00 level=info msg="Executing migration" id="create notification_journal table v1"
logger=migrator t=2026-06-28T05:05:04.0843721+08:00 level=info msg="Migration successfully executed" id="create notification_journal table v1" duration=514.1µs
logger=migrator t=2026-06-28T05:05:04.091542+08:00 level=info msg="Executing migration" id="add index notification_journal org_id & alert_id & notifier_id"
logger=migrator t=2026-06-28T05:05:04.091542+08:00 level=info msg="Migration successfully executed" id="add index notification_journal org_id & alert_id & notifier_id" duration=0s
logger=migrator t=2026-06-28T05:05:04.0985113+08:00 level=info msg="Executing migration" id="drop alert_notification_journal"
logger=migrator t=2026-06-28T05:05:04.0995154+08:00 level=info msg="Migration successfully executed" id="drop alert_notification_journal" duration=1.0041ms
logger=migrator t=2026-06-28T05:05:04.1060289+08:00 level=info msg="Executing migration" id="create alert_notification_state table v1"
logger=migrator t=2026-06-28T05:05:04.1060289+08:00 level=info msg="Migration successfully executed" id="create alert_notification_state table v1" duration=0s
logger=migrator t=2026-06-28T05:05:04.1133589+08:00 level=info msg="Executing migration" id="add index alert_notification_state org_id & alert_id & notifier_id"
logger=migrator t=2026-06-28T05:05:04.1138672+08:00 level=info msg="Migration successfully executed" id="add index alert_notification_state org_id & alert_id & notifier_id" duration=508.3µs
logger=migrator t=2026-06-28T05:05:04.1201493+08:00 level=info msg="Executing migration" id="Add for to alert table"
logger=migrator t=2026-06-28T05:05:04.1211691+08:00 level=info msg="Migration successfully executed" id="Add for to alert table" duration=1.0198ms
logger=migrator t=2026-06-28T05:05:04.1273738+08:00 level=info msg="Executing migration" id="Add column uid in alert_notification"
logger=migrator t=2026-06-28T05:05:04.1278837+08:00 level=info msg="Migration successfully executed" id="Add column uid in alert_notification" duration=509.9µs
logger=migrator t=2026-06-28T05:05:04.135081+08:00 level=info msg="Executing migration" id="Update uid column values in alert_notification"
logger=migrator t=2026-06-28T05:05:04.1355986+08:00 level=info msg="Migration successfully executed" id="Update uid column values in alert_notification" duration=517.6µs
logger=migrator t=2026-06-28T05:05:04.1422802+08:00 level=info msg="Executing migration" id="Add unique index alert_notification_org_id_uid"
logger=migrator t=2026-06-28T05:05:04.1427929+08:00 level=info msg="Migration successfully executed" id="Add unique index alert_notification_org_id_uid" duration=512.7µs
logger=migrator t=2026-06-28T05:05:04.1492402+08:00 level=info msg="Executing migration" id="Remove unique index org_id_name"
logger=migrator t=2026-06-28T05:05:04.1492402+08:00 level=info msg="Migration successfully executed" id="Remove unique index org_id_name" duration=0s
logger=migrator t=2026-06-28T05:05:04.1562632+08:00 level=info msg="Executing migration" id="Add column secure_settings in alert_notification"
logger=migrator t=2026-06-28T05:05:04.156775+08:00 level=info msg="Migration successfully executed" id="Add column secure_settings in alert_notification" duration=511.8µs
logger=migrator t=2026-06-28T05:05:04.1641967+08:00 level=info msg="Executing migration" id="alter alert.settings to mediumtext"
logger=migrator t=2026-06-28T05:05:04.1641967+08:00 level=info msg="Migration successfully executed" id="alter alert.settings to mediumtext" duration=0s
logger=migrator t=2026-06-28T05:05:04.1712118+08:00 level=info msg="Executing migration" id="Add non-unique index alert_notification_state_alert_id"
logger=migrator t=2026-06-28T05:05:04.171714+08:00 level=info msg="Migration successfully executed" id="Add non-unique index alert_notification_state_alert_id" duration=502.2µs
logger=migrator t=2026-06-28T05:05:04.1777322+08:00 level=info msg="Executing migration" id="Add non-unique index alert_rule_tag_alert_id"
logger=migrator t=2026-06-28T05:05:04.1787166+08:00 level=info msg="Migration successfully executed" id="Add non-unique index alert_rule_tag_alert_id" duration=984.4µs
logger=migrator t=2026-06-28T05:05:04.1862178+08:00 level=info msg="Executing migration" id="Drop old annotation table v4"
logger=migrator t=2026-06-28T05:05:04.1862178+08:00 level=info msg="Migration successfully executed" id="Drop old annotation table v4" duration=0s
logger=migrator t=2026-06-28T05:05:04.1934129+08:00 level=info msg="Executing migration" id="create annotation table v5"
logger=migrator t=2026-06-28T05:05:04.1939295+08:00 level=info msg="Migration successfully executed" id="create annotation table v5" duration=516.6µs
logger=migrator t=2026-06-28T05:05:04.2001144+08:00 level=info msg="Executing migration" id="add index annotation 0 v3"
logger=migrator t=2026-06-28T05:05:04.2006266+08:00 level=info msg="Migration successfully executed" id="add index annotation 0 v3" duration=512.2µs
logger=migrator t=2026-06-28T05:05:04.2072771+08:00 level=info msg="Executing migration" id="add index annotation 1 v3"
logger=migrator t=2026-06-28T05:05:04.2078114+08:00 level=info msg="Migration successfully executed" id="add index annotation 1 v3" duration=534.3µs
logger=migrator t=2026-06-28T05:05:04.2148493+08:00 level=info msg="Executing migration" id="add index annotation 2 v3"
logger=migrator t=2026-06-28T05:05:04.2148493+08:00 level=info msg="Migration successfully executed" id="add index annotation 2 v3" duration=0s
logger=migrator t=2026-06-28T05:05:04.2215285+08:00 level=info msg="Executing migration" id="add index annotation 3 v3"
logger=migrator t=2026-06-28T05:05:04.2215285+08:00 level=info msg="Migration successfully executed" id="add index annotation 3 v3" duration=0s
logger=migrator t=2026-06-28T05:05:04.2295001+08:00 level=info msg="Executing migration" id="add index annotation 4 v3"
logger=migrator t=2026-06-28T05:05:04.2295001+08:00 level=info msg="Migration successfully executed" id="add index annotation 4 v3" duration=0s
logger=migrator t=2026-06-28T05:05:04.2362617+08:00 level=info msg="Executing migration" id="Update annotation table charset"
logger=migrator t=2026-06-28T05:05:04.2362617+08:00 level=info msg="Migration successfully executed" id="Update annotation table charset" duration=0s
logger=migrator t=2026-06-28T05:05:04.2432737+08:00 level=info msg="Executing migration" id="Add column region_id to annotation table"
logger=migrator t=2026-06-28T05:05:04.2443622+08:00 level=info msg="Migration successfully executed" id="Add column region_id to annotation table" duration=1.0885ms
logger=migrator t=2026-06-28T05:05:04.2529582+08:00 level=info msg="Executing migration" id="Drop category_id index"
logger=migrator t=2026-06-28T05:05:04.2555193+08:00 level=info msg="Migration successfully executed" id="Drop category_id index" duration=2.5611ms
logger=migrator t=2026-06-28T05:05:04.2622771+08:00 level=info msg="Executing migration" id="Add column tags to annotation table"
logger=migrator t=2026-06-28T05:05:04.2633351+08:00 level=info msg="Migration successfully executed" id="Add column tags to annotation table" duration=1.058ms
logger=migrator t=2026-06-28T05:05:04.2704916+08:00 level=info msg="Executing migration" id="Create annotation_tag table v2"
logger=migrator t=2026-06-28T05:05:04.2710058+08:00 level=info msg="Migration successfully executed" id="Create annotation_tag table v2" duration=514.2µs
logger=migrator t=2026-06-28T05:05:04.2767413+08:00 level=info msg="Executing migration" id="Add unique index annotation_tag.annotation_id_tag_id"
logger=migrator t=2026-06-28T05:05:04.2777461+08:00 level=info msg="Migration successfully executed" id="Add unique index annotation_tag.annotation_id_tag_id" duration=1.0048ms
logger=migrator t=2026-06-28T05:05:04.2842724+08:00 level=info msg="Executing migration" id="drop index UQE_annotation_tag_annotation_id_tag_id - v2"
logger=migrator t=2026-06-28T05:05:04.2848465+08:00 level=info msg="Migration successfully executed" id="drop index UQE_annotation_tag_annotation_id_tag_id - v2" duration=574.1µs
logger=migrator t=2026-06-28T05:05:04.2913574+08:00 level=info msg="Executing migration" id="Rename table annotation_tag to annotation_tag_v2 - v2"
logger=migrator t=2026-06-28T05:05:04.2928681+08:00 level=info msg="Migration successfully executed" id="Rename table annotation_tag to annotation_tag_v2 - v2" duration=1.5107ms
logger=migrator t=2026-06-28T05:05:04.2993601+08:00 level=info msg="Executing migration" id="Create annotation_tag table v3"
logger=migrator t=2026-06-28T05:05:04.2998737+08:00 level=info msg="Migration successfully executed" id="Create annotation_tag table v3" duration=513.6µs
logger=migrator t=2026-06-28T05:05:04.3060291+08:00 level=info msg="Executing migration" id="create index UQE_annotation_tag_annotation_id_tag_id - Add unique index annotation_tag.annotation_id_tag_id V3"
logger=migrator t=2026-06-28T05:05:04.3065417+08:00 level=info msg="Migration successfully executed" id="create index UQE_annotation_tag_annotation_id_tag_id - Add unique index annotation_tag.annotation_id_tag_id V3" duration=512.6µs
logger=migrator t=2026-06-28T05:05:04.313394+08:00 level=info msg="Executing migration" id="copy annotation_tag v2 to v3"
logger=migrator t=2026-06-28T05:05:04.3139345+08:00 level=info msg="Migration successfully executed" id="copy annotation_tag v2 to v3" duration=540.5µs
logger=migrator t=2026-06-28T05:05:04.3201074+08:00 level=info msg="Executing migration" id="drop table annotation_tag_v2"
logger=migrator t=2026-06-28T05:05:04.320621+08:00 level=info msg="Migration successfully executed" id="drop table annotation_tag_v2" duration=513.7µs
logger=migrator t=2026-06-28T05:05:04.326806+08:00 level=info msg="Executing migration" id="Update alert annotations and set TEXT to empty"
logger=migrator t=2026-06-28T05:05:04.326806+08:00 level=info msg="Migration successfully executed" id="Update alert annotations and set TEXT to empty" duration=0s
logger=migrator t=2026-06-28T05:05:04.3360392+08:00 level=info msg="Executing migration" id="Add created time to annotation table"
logger=migrator t=2026-06-28T05:05:04.3375484+08:00 level=info msg="Migration successfully executed" id="Add created time to annotation table" duration=1.5092ms
logger=migrator t=2026-06-28T05:05:04.3445966+08:00 level=info msg="Executing migration" id="Add updated time to annotation table"
logger=migrator t=2026-06-28T05:05:04.3492443+08:00 level=info msg="Migration successfully executed" id="Add updated time to annotation table" duration=4.6478ms
logger=migrator t=2026-06-28T05:05:04.3564401+08:00 level=info msg="Executing migration" id="Add index for created in annotation table"
logger=migrator t=2026-06-28T05:05:04.356952+08:00 level=info msg="Migration successfully executed" id="Add index for created in annotation table" duration=511.9µs
logger=migrator t=2026-06-28T05:05:04.3630826+08:00 level=info msg="Executing migration" id="Add index for updated in annotation table"
logger=migrator t=2026-06-28T05:05:04.3641598+08:00 level=info msg="Migration successfully executed" id="Add index for updated in annotation table" duration=1.0772ms
logger=migrator t=2026-06-28T05:05:04.3700461+08:00 level=info msg="Executing migration" id="Convert existing annotations from seconds to milliseconds"
logger=migrator t=2026-06-28T05:05:04.371552+08:00 level=info msg="Migration successfully executed" id="Convert existing annotations from seconds to milliseconds" duration=1.5059ms
logger=migrator t=2026-06-28T05:05:04.3783342+08:00 level=info msg="Executing migration" id="Add epoch_end column"
logger=migrator t=2026-06-28T05:05:04.3823468+08:00 level=info msg="Migration successfully executed" id="Add epoch_end column" duration=4.0126ms
logger=migrator t=2026-06-28T05:05:04.3884798+08:00 level=info msg="Executing migration" id="Add index for epoch_end"
logger=migrator t=2026-06-28T05:05:04.3932711+08:00 level=info msg="Migration successfully executed" id="Add index for epoch_end" duration=4.7913ms
logger=migrator t=2026-06-28T05:05:04.3999472+08:00 level=info msg="Executing migration" id="Make epoch_end the same as epoch"
logger=migrator t=2026-06-28T05:05:04.4004601+08:00 level=info msg="Migration successfully executed" id="Make epoch_end the same as epoch" duration=512.9µs
logger=migrator t=2026-06-28T05:05:04.4071522+08:00 level=info msg="Executing migration" id="Move region to single row"
logger=migrator t=2026-06-28T05:05:04.4076578+08:00 level=info msg="Migration successfully executed" id="Move region to single row" duration=505.6µs
logger=migrator t=2026-06-28T05:05:04.4153691+08:00 level=info msg="Executing migration" id="Remove index org_id_epoch from annotation table"
logger=migrator t=2026-06-28T05:05:04.4153691+08:00 level=info msg="Migration successfully executed" id="Remove index org_id_epoch from annotation table" duration=0s
logger=migrator t=2026-06-28T05:05:04.4219336+08:00 level=info msg="Executing migration" id="Remove index org_id_dashboard_id_panel_id_epoch from annotation table"
logger=migrator t=2026-06-28T05:05:04.4219336+08:00 level=info msg="Migration successfully executed" id="Remove index org_id_dashboard_id_panel_id_epoch from annotation table" duration=0s
logger=migrator t=2026-06-28T05:05:04.4310515+08:00 level=info msg="Executing migration" id="Add index for org_id_dashboard_id_epoch_end_epoch on annotation table"
logger=migrator t=2026-06-28T05:05:04.4325979+08:00 level=info msg="Migration successfully executed" id="Add index for org_id_dashboard_id_epoch_end_epoch on annotation table" duration=1.5464ms
logger=migrator t=2026-06-28T05:05:04.4392637+08:00 level=info msg="Executing migration" id="Add index for org_id_epoch_end_epoch on annotation table"
logger=migrator t=2026-06-28T05:05:04.4434038+08:00 level=info msg="Migration successfully executed" id="Add index for org_id_epoch_end_epoch on annotation table" duration=4.1401ms
logger=migrator t=2026-06-28T05:05:04.4500587+08:00 level=info msg="Executing migration" id="Remove index org_id_epoch_epoch_end from annotation table"
logger=migrator t=2026-06-28T05:05:04.450572+08:00 level=info msg="Migration successfully executed" id="Remove index org_id_epoch_epoch_end from annotation table" duration=513.3µs
logger=migrator t=2026-06-28T05:05:04.457287+08:00 level=info msg="Executing migration" id="Add index for alert_id on annotation table"
logger=migrator t=2026-06-28T05:05:04.4577969+08:00 level=info msg="Migration successfully executed" id="Add index for alert_id on annotation table" duration=509.9µs
logger=migrator t=2026-06-28T05:05:04.4644701+08:00 level=info msg="Executing migration" id="Increase tags column to length 4096"
logger=migrator t=2026-06-28T05:05:04.4644701+08:00 level=info msg="Migration successfully executed" id="Increase tags column to length 4096" duration=0s
logger=migrator t=2026-06-28T05:05:04.471785+08:00 level=info msg="Executing migration" id="Increase prev_state column to length 40 not null"
logger=migrator t=2026-06-28T05:05:04.4761571+08:00 level=info msg="Migration successfully executed" id="Increase prev_state column to length 40 not null" duration=4.3721ms
logger=migrator t=2026-06-28T05:05:04.485082+08:00 level=info msg="Executing migration" id="Increase new_state column to length 40 not null"
logger=migrator t=2026-06-28T05:05:04.4871322+08:00 level=info msg="Migration successfully executed" id="Increase new_state column to length 40 not null" duration=2.0502ms
logger=migrator t=2026-06-28T05:05:04.4943318+08:00 level=info msg="Executing migration" id="Add dashboard_uid column to annotation table"
logger=migrator t=2026-06-28T05:05:04.4948521+08:00 level=info msg="Migration successfully executed" id="Add dashboard_uid column to annotation table" duration=520.3µs
logger=migrator t=2026-06-28T05:05:04.500988+08:00 level=info msg="Executing migration" id="Add missing dashboard_uid to annotation table"
logger=migrator t=2026-06-28T05:05:04.5014948+08:00 level=info msg="Starting batched dashboard_uid migration for annotations (newest first)" batchSize=5000
logger=migrator t=2026-06-28T05:05:04.5014948+08:00 level=info msg="Completed dashboard_uid migration for annotations" totalUpdated=0
logger=migrator t=2026-06-28T05:05:04.5014948+08:00 level=info msg="Migration successfully executed" id="Add missing dashboard_uid to annotation table" duration=506.8µs
logger=migrator t=2026-06-28T05:05:04.5081878+08:00 level=info msg="Executing migration" id="create test_data table"
logger=migrator t=2026-06-28T05:05:04.5086933+08:00 level=info msg="Migration successfully executed" id="create test_data table" duration=505.5µs
logger=migrator t=2026-06-28T05:05:04.5174297+08:00 level=info msg="Executing migration" id="create dashboard_version table v1"
logger=migrator t=2026-06-28T05:05:04.5185105+08:00 level=info msg="Migration successfully executed" id="create dashboard_version table v1" duration=1.0808ms
logger=migrator t=2026-06-28T05:05:04.5252746+08:00 level=info msg="Executing migration" id="add index dashboard_version.dashboard_id"
logger=migrator t=2026-06-28T05:05:04.528983+08:00 level=info msg="Migration successfully executed" id="add index dashboard_version.dashboard_id" duration=3.7084ms
logger=migrator t=2026-06-28T05:05:04.5364336+08:00 level=info msg="Executing migration" id="add unique index dashboard_version.dashboard_id and dashboard_version.version"
logger=migrator t=2026-06-28T05:05:04.5369669+08:00 level=info msg="Migration successfully executed" id="add unique index dashboard_version.dashboard_id and dashboard_version.version" duration=533.4µs
logger=migrator t=2026-06-28T05:05:04.5431371+08:00 level=info msg="Executing migration" id="Set dashboard version to 1 where 0"
logger=migrator t=2026-06-28T05:05:04.5436544+08:00 level=info msg="Migration successfully executed" id="Set dashboard version to 1 where 0" duration=517.3µs
logger=migrator t=2026-06-28T05:05:04.5492772+08:00 level=info msg="Executing migration" id="save existing dashboard data in dashboard_version table v1"
logger=migrator t=2026-06-28T05:05:04.5492772+08:00 level=info msg="Migration successfully executed" id="save existing dashboard data in dashboard_version table v1" duration=0s
logger=migrator t=2026-06-28T05:05:04.552296+08:00 level=info msg="Executing migration" id="alter dashboard_version.data to mediumtext v1"
logger=migrator t=2026-06-28T05:05:04.552296+08:00 level=info msg="Migration successfully executed" id="alter dashboard_version.data to mediumtext v1" duration=0s
logger=migrator t=2026-06-28T05:05:04.5662615+08:00 level=info msg="Executing migration" id="Add apiVersion for dashboard_version"
logger=migrator t=2026-06-28T05:05:04.5683461+08:00 level=info msg="Migration successfully executed" id="Add apiVersion for dashboard_version" duration=2.0846ms
logger=migrator t=2026-06-28T05:05:04.5771283+08:00 level=info msg="Executing migration" id="create team table"
logger=migrator t=2026-06-28T05:05:04.5781628+08:00 level=info msg="Migration successfully executed" id="create team table" duration=1.0345ms
logger=migrator t=2026-06-28T05:05:04.5872716+08:00 level=info msg="Executing migration" id="add index team.org_id"
logger=migrator t=2026-06-28T05:05:04.5877783+08:00 level=info msg="Migration successfully executed" id="add index team.org_id" duration=506.7µs
logger=migrator t=2026-06-28T05:05:04.5967054+08:00 level=info msg="Executing migration" id="add unique index team_org_id_name"
logger=migrator t=2026-06-28T05:05:04.5997934+08:00 level=info msg="Migration successfully executed" id="add unique index team_org_id_name" duration=3.088ms
logger=migrator t=2026-06-28T05:05:04.6061034+08:00 level=info msg="Executing migration" id="Add column uid in team"
logger=migrator t=2026-06-28T05:05:04.6086286+08:00 level=info msg="Migration successfully executed" id="Add column uid in team" duration=2.5252ms
logger=migrator t=2026-06-28T05:05:04.6172214+08:00 level=info msg="Executing migration" id="Update uid column values in team"
logger=migrator t=2026-06-28T05:05:04.6172214+08:00 level=info msg="Migration successfully executed" id="Update uid column values in team" duration=0s
logger=migrator t=2026-06-28T05:05:04.6268801+08:00 level=info msg="Executing migration" id="Add unique index team_org_id_uid"
logger=migrator t=2026-06-28T05:05:04.627408+08:00 level=info msg="Migration successfully executed" id="Add unique index team_org_id_uid" duration=527.9µs
logger=migrator t=2026-06-28T05:05:04.63441+08:00 level=info msg="Executing migration" id="Add column external_uid in team"
logger=migrator t=2026-06-28T05:05:04.6354496+08:00 level=info msg="Migration successfully executed" id="Add column external_uid in team" duration=1.0396ms
logger=migrator t=2026-06-28T05:05:04.6421879+08:00 level=info msg="Executing migration" id="Add column is_provisioned in team"
logger=migrator t=2026-06-28T05:05:04.6460969+08:00 level=info msg="Migration successfully executed" id="Add column is_provisioned in team" duration=3.9091ms
logger=migrator t=2026-06-28T05:05:04.653395+08:00 level=info msg="Executing migration" id="create team member table"
logger=migrator t=2026-06-28T05:05:04.653395+08:00 level=info msg="Migration successfully executed" id="create team member table" duration=0s
logger=migrator t=2026-06-28T05:05:04.6625804+08:00 level=info msg="Executing migration" id="add index team_member.org_id"
logger=migrator t=2026-06-28T05:05:04.6635847+08:00 level=info msg="Migration successfully executed" id="add index team_member.org_id" duration=1.0043ms
logger=migrator t=2026-06-28T05:05:04.6753151+08:00 level=info msg="Executing migration" id="add unique index team_member_org_id_team_id_user_id"
logger=migrator t=2026-06-28T05:05:04.6758284+08:00 level=info msg="Migration successfully executed" id="add unique index team_member_org_id_team_id_user_id" duration=513.3µs
logger=migrator t=2026-06-28T05:05:04.6860753+08:00 level=info msg="Executing migration" id="add index team_member.team_id"
logger=migrator t=2026-06-28T05:05:04.6865897+08:00 level=info msg="Migration successfully executed" id="add index team_member.team_id" duration=514.4µs
logger=migrator t=2026-06-28T05:05:04.6932827+08:00 level=info msg="Executing migration" id="Add column email to team table"
logger=migrator t=2026-06-28T05:05:04.6943042+08:00 level=info msg="Migration successfully executed" id="Add column email to team table" duration=1.0215ms
logger=migrator t=2026-06-28T05:05:04.7012936+08:00 level=info msg="Executing migration" id="Add column external to team_member table"
logger=migrator t=2026-06-28T05:05:04.7038596+08:00 level=info msg="Migration successfully executed" id="Add column external to team_member table" duration=2.566ms
logger=migrator t=2026-06-28T05:05:04.7120879+08:00 level=info msg="Executing migration" id="Add column permission to team_member table"
logger=migrator t=2026-06-28T05:05:04.7156948+08:00 level=info msg="Migration successfully executed" id="Add column permission to team_member table" duration=3.6069ms
logger=migrator t=2026-06-28T05:05:04.7233931+08:00 level=info msg="Executing migration" id="add unique index team_member_user_id_org_id"
logger=migrator t=2026-06-28T05:05:04.7239457+08:00 level=info msg="Migration successfully executed" id="add unique index team_member_user_id_org_id" duration=552.6µs
logger=migrator t=2026-06-28T05:05:04.7315649+08:00 level=info msg="Executing migration" id="Add column uid in team_member"
logger=migrator t=2026-06-28T05:05:04.7326084+08:00 level=info msg="Migration successfully executed" id="Add column uid in team_member" duration=1.0435ms
logger=migrator t=2026-06-28T05:05:04.7387262+08:00 level=info msg="Executing migration" id="Update uid column values in team_member"
logger=migrator t=2026-06-28T05:05:04.7387262+08:00 level=info msg="Migration successfully executed" id="Update uid column values in team_member" duration=0s
logger=migrator t=2026-06-28T05:05:04.7461015+08:00 level=info msg="Executing migration" id="Add unique index team_member_uid"
logger=migrator t=2026-06-28T05:05:04.7502338+08:00 level=info msg="Migration successfully executed" id="Add unique index team_member_uid" duration=4.1323ms
logger=migrator t=2026-06-28T05:05:04.7569085+08:00 level=info msg="Executing migration" id="Increase precision of team.updated to DATETIME(3)"
logger=migrator t=2026-06-28T05:05:04.7590253+08:00 level=info msg="Migration successfully executed" id="Increase precision of team.updated to DATETIME(3)" duration=2.1168ms
logger=migrator t=2026-06-28T05:05:04.7681697+08:00 level=info msg="Executing migration" id="create dashboard acl table"
logger=migrator t=2026-06-28T05:05:04.7686778+08:00 level=info msg="Migration successfully executed" id="create dashboard acl table" duration=508.1µs
logger=migrator t=2026-06-28T05:05:04.7753887+08:00 level=info msg="Executing migration" id="add index dashboard_acl_dashboard_id"
logger=migrator t=2026-06-28T05:05:04.7764137+08:00 level=info msg="Migration successfully executed" id="add index dashboard_acl_dashboard_id" duration=1.025ms
logger=migrator t=2026-06-28T05:05:04.7821923+08:00 level=info msg="Executing migration" id="add unique index dashboard_acl_dashboard_id_user_id"
logger=migrator t=2026-06-28T05:05:04.7827044+08:00 level=info msg="Migration successfully executed" id="add unique index dashboard_acl_dashboard_id_user_id" duration=512.1µs
logger=migrator t=2026-06-28T05:05:04.7894086+08:00 level=info msg="Executing migration" id="add unique index dashboard_acl_dashboard_id_team_id"
logger=migrator t=2026-06-28T05:05:04.7899269+08:00 level=info msg="Migration successfully executed" id="add unique index dashboard_acl_dashboard_id_team_id" duration=518.3µs
logger=migrator t=2026-06-28T05:05:04.7984105+08:00 level=info msg="Executing migration" id="add index dashboard_acl_user_id"
logger=migrator t=2026-06-28T05:05:04.7999253+08:00 level=info msg="Migration successfully executed" id="add index dashboard_acl_user_id" duration=1.5148ms
logger=migrator t=2026-06-28T05:05:04.8092366+08:00 level=info msg="Executing migration" id="add index dashboard_acl_team_id"
logger=migrator t=2026-06-28T05:05:04.8118313+08:00 level=info msg="Migration successfully executed" id="add index dashboard_acl_team_id" duration=2.5947ms
logger=migrator t=2026-06-28T05:05:04.817956+08:00 level=info msg="Executing migration" id="add index dashboard_acl_org_id_role"
logger=migrator t=2026-06-28T05:05:04.8189727+08:00 level=info msg="Migration successfully executed" id="add index dashboard_acl_org_id_role" duration=1.0167ms
logger=migrator t=2026-06-28T05:05:04.8252099+08:00 level=info msg="Executing migration" id="add index dashboard_permission"
logger=migrator t=2026-06-28T05:05:04.8262775+08:00 level=info msg="Migration successfully executed" id="add index dashboard_permission" duration=523µs
logger=migrator t=2026-06-28T05:05:04.8321562+08:00 level=info msg="Executing migration" id="save default acl rules in dashboard_acl table"
logger=migrator t=2026-06-28T05:05:04.8326782+08:00 level=info msg="Migration successfully executed" id="save default acl rules in dashboard_acl table" duration=522µs
logger=migrator t=2026-06-28T05:05:04.8389668+08:00 level=info msg="Executing migration" id="delete acl rules for deleted dashboards and folders"
logger=migrator t=2026-06-28T05:05:04.8389668+08:00 level=info msg="Migration successfully executed" id="delete acl rules for deleted dashboards and folders" duration=0s
logger=migrator t=2026-06-28T05:05:04.8528393+08:00 level=info msg="Executing migration" id="create tag table"
logger=migrator t=2026-06-28T05:05:04.8533604+08:00 level=info msg="Migration successfully executed" id="create tag table" duration=521.1µs
logger=migrator t=2026-06-28T05:05:04.8632+08:00 level=info msg="Executing migration" id="add index tag.key_value"
logger=migrator t=2026-06-28T05:05:04.8637343+08:00 level=info msg="Migration successfully executed" id="add index tag.key_value" duration=534.3µs
logger=migrator t=2026-06-28T05:05:04.8703693+08:00 level=info msg="Executing migration" id="create login attempt table"
logger=migrator t=2026-06-28T05:05:04.8708926+08:00 level=info msg="Migration successfully executed" id="create login attempt table" duration=523.3µs
logger=migrator t=2026-06-28T05:05:04.8779081+08:00 level=info msg="Executing migration" id="add index login_attempt.username"
logger=migrator t=2026-06-28T05:05:04.8789389+08:00 level=info msg="Migration successfully executed" id="add index login_attempt.username" duration=1.0308ms
logger=migrator t=2026-06-28T05:05:04.8900844+08:00 level=info msg="Executing migration" id="drop index IDX_login_attempt_username - v1"
logger=migrator t=2026-06-28T05:05:04.8905979+08:00 level=info msg="Migration successfully executed" id="drop index IDX_login_attempt_username - v1" duration=513.5µs
logger=migrator t=2026-06-28T05:05:04.9004113+08:00 level=info msg="Executing migration" id="Rename table login_attempt to login_attempt_tmp_qwerty - v1"
logger=migrator t=2026-06-28T05:05:04.901973+08:00 level=info msg="Migration successfully executed" id="Rename table login_attempt to login_attempt_tmp_qwerty - v1" duration=1.5617ms
logger=migrator t=2026-06-28T05:05:04.90911+08:00 level=info msg="Executing migration" id="create login_attempt v2"
logger=migrator t=2026-06-28T05:05:04.9117469+08:00 level=info msg="Migration successfully executed" id="create login_attempt v2" duration=2.6369ms
logger=migrator t=2026-06-28T05:05:04.9177048+08:00 level=info msg="Executing migration" id="create index IDX_login_attempt_username - v2"
logger=migrator t=2026-06-28T05:05:04.9187125+08:00 level=info msg="Migration successfully executed" id="create index IDX_login_attempt_username - v2" duration=1.0077ms
logger=migrator t=2026-06-28T05:05:04.9217451+08:00 level=info msg="Executing migration" id="copy login_attempt v1 to v2"
logger=migrator t=2026-06-28T05:05:04.9256643+08:00 level=info msg="Migration successfully executed" id="copy login_attempt v1 to v2" duration=3.9192ms
logger=migrator t=2026-06-28T05:05:04.932185+08:00 level=info msg="Executing migration" id="drop login_attempt_tmp_qwerty"
logger=migrator t=2026-06-28T05:05:04.9326999+08:00 level=info msg="Migration successfully executed" id="drop login_attempt_tmp_qwerty" duration=514.9µs
logger=migrator t=2026-06-28T05:05:04.9414024+08:00 level=info msg="Executing migration" id="increase login_attempt.ip_address column length for IPv6 support"
logger=migrator t=2026-06-28T05:05:04.9419374+08:00 level=info msg="Migration successfully executed" id="increase login_attempt.ip_address column length for IPv6 support" duration=535.1µs
logger=migrator t=2026-06-28T05:05:04.9489407+08:00 level=info msg="Executing migration" id="alter table login_attempt alter column created type to bigint"
logger=migrator t=2026-06-28T05:05:04.9510281+08:00 level=info msg="Migration successfully executed" id="alter table login_attempt alter column created type to bigint" duration=2.0874ms
logger=migrator t=2026-06-28T05:05:04.9592587+08:00 level=info msg="Executing migration" id="create user auth table"
logger=migrator t=2026-06-28T05:05:04.9598229+08:00 level=info msg="Migration successfully executed" id="create user auth table" duration=564.2µs
logger=migrator t=2026-06-28T05:05:04.9662245+08:00 level=info msg="Executing migration" id="create index IDX_user_auth_auth_module_auth_id - v1"
logger=migrator t=2026-06-28T05:05:04.9677315+08:00 level=info msg="Migration successfully executed" id="create index IDX_user_auth_auth_module_auth_id - v1" duration=1.507ms
logger=migrator t=2026-06-28T05:05:04.9733675+08:00 level=info msg="Executing migration" id="alter user_auth.auth_id to length 190"
logger=migrator t=2026-06-28T05:05:04.9733675+08:00 level=info msg="Migration successfully executed" id="alter user_auth.auth_id to length 190" duration=0s
logger=migrator t=2026-06-28T05:05:04.9800054+08:00 level=info msg="Executing migration" id="Add OAuth access token to user_auth"
logger=migrator t=2026-06-28T05:05:04.9810303+08:00 level=info msg="Migration successfully executed" id="Add OAuth access token to user_auth" duration=1.0249ms
logger=migrator t=2026-06-28T05:05:04.990275+08:00 level=info msg="Executing migration" id="Add OAuth refresh token to user_auth"
logger=migrator t=2026-06-28T05:05:04.9913057+08:00 level=info msg="Migration successfully executed" id="Add OAuth refresh token to user_auth" duration=1.0307ms
logger=migrator t=2026-06-28T05:05:04.9994454+08:00 level=info msg="Executing migration" id="Add OAuth token type to user_auth"
logger=migrator t=2026-06-28T05:05:05.0019727+08:00 level=info msg="Migration successfully executed" id="Add OAuth token type to user_auth" duration=2.5273ms
logger=migrator t=2026-06-28T05:05:05.0079838+08:00 level=info msg="Executing migration" id="Add OAuth expiry to user_auth"
logger=migrator t=2026-06-28T05:05:05.0090529+08:00 level=info msg="Migration successfully executed" id="Add OAuth expiry to user_auth" duration=1.0691ms
logger=migrator t=2026-06-28T05:05:05.0157478+08:00 level=info msg="Executing migration" id="Add index to user_id column in user_auth"
logger=migrator t=2026-06-28T05:05:05.0167472+08:00 level=info msg="Migration successfully executed" id="Add index to user_id column in user_auth" duration=999.4µs
logger=migrator t=2026-06-28T05:05:05.0233058+08:00 level=info msg="Executing migration" id="Add OAuth ID token to user_auth"
logger=migrator t=2026-06-28T05:05:05.024326+08:00 level=info msg="Migration successfully executed" id="Add OAuth ID token to user_auth" duration=1.0202ms
logger=migrator t=2026-06-28T05:05:05.0329627+08:00 level=info msg="Executing migration" id="Add user_unique_id to user_auth"
logger=migrator t=2026-06-28T05:05:05.0345056+08:00 level=info msg="Migration successfully executed" id="Add user_unique_id to user_auth" duration=1.5429ms
logger=migrator t=2026-06-28T05:05:05.0431587+08:00 level=info msg="Executing migration" id="Add user_uid to user_auth"
logger=migrator t=2026-06-28T05:05:05.0461068+08:00 level=info msg="Migration successfully executed" id="Add user_uid to user_auth" duration=2.9481ms
logger=migrator t=2026-06-28T05:05:05.052956+08:00 level=info msg="Executing migration" id="Populate user_uid in user_auth from user table"
logger=migrator t=2026-06-28T05:05:05.0534707+08:00 level=info msg="Migration successfully executed" id="Populate user_uid in user_auth from user table" duration=514.7µs
logger=migrator t=2026-06-28T05:05:05.0602555+08:00 level=info msg="Executing migration" id="create server_lock table"
logger=migrator t=2026-06-28T05:05:05.0608005+08:00 level=info msg="Migration successfully executed" id="create server_lock table" duration=545µs
logger=migrator t=2026-06-28T05:05:05.0681212+08:00 level=info msg="Executing migration" id="add index server_lock.operation_uid"
logger=migrator t=2026-06-28T05:05:05.0686273+08:00 level=info msg="Migration successfully executed" id="add index server_lock.operation_uid" duration=506.1µs
logger=migrator t=2026-06-28T05:05:05.0771282+08:00 level=info msg="Executing migration" id="create user auth token table"
logger=migrator t=2026-06-28T05:05:05.0776357+08:00 level=info msg="Migration successfully executed" id="create user auth token table" duration=507.5µs
logger=migrator t=2026-06-28T05:05:05.0849991+08:00 level=info msg="Executing migration" id="add unique index user_auth_token.auth_token"
logger=migrator t=2026-06-28T05:05:05.0890792+08:00 level=info msg="Migration successfully executed" id="add unique index user_auth_token.auth_token" duration=4.0801ms
logger=migrator t=2026-06-28T05:05:05.0942588+08:00 level=info msg="Executing migration" id="add unique index user_auth_token.prev_auth_token"
logger=migrator t=2026-06-28T05:05:05.0953108+08:00 level=info msg="Migration successfully executed" id="add unique index user_auth_token.prev_auth_token" duration=1.052ms
logger=migrator t=2026-06-28T05:05:05.1022345+08:00 level=info msg="Executing migration" id="add index user_auth_token.user_id"
logger=migrator t=2026-06-28T05:05:05.1027527+08:00 level=info msg="Migration successfully executed" id="add index user_auth_token.user_id" duration=518.2µs
logger=migrator t=2026-06-28T05:05:05.1091017+08:00 level=info msg="Executing migration" id="Add revoked_at to the user auth token"
logger=migrator t=2026-06-28T05:05:05.1106705+08:00 level=info msg="Migration successfully executed" id="Add revoked_at to the user auth token" duration=1.5688ms
logger=migrator t=2026-06-28T05:05:05.1169824+08:00 level=info msg="Executing migration" id="add index user_auth_token.revoked_at"
logger=migrator t=2026-06-28T05:05:05.1180088+08:00 level=info msg="Migration successfully executed" id="add index user_auth_token.revoked_at" duration=1.0264ms
logger=migrator t=2026-06-28T05:05:05.1283715+08:00 level=info msg="Executing migration" id="add external_session_id to user_auth_token"
logger=migrator t=2026-06-28T05:05:05.1292203+08:00 level=info msg="Migration successfully executed" id="add external_session_id to user_auth_token" duration=848.8µs
logger=migrator t=2026-06-28T05:05:05.1384123+08:00 level=info msg="Executing migration" id="create cache_data table"
logger=migrator t=2026-06-28T05:05:05.1399477+08:00 level=info msg="Migration successfully executed" id="create cache_data table" duration=1.5354ms
logger=migrator t=2026-06-28T05:05:05.1470644+08:00 level=info msg="Executing migration" id="add unique index cache_data.cache_key"
logger=migrator t=2026-06-28T05:05:05.1475672+08:00 level=info msg="Migration successfully executed" id="add unique index cache_data.cache_key" duration=502.8µs
logger=migrator t=2026-06-28T05:05:05.1531236+08:00 level=info msg="Executing migration" id="create short_url table v1"
logger=migrator t=2026-06-28T05:05:05.1537637+08:00 level=info msg="Migration successfully executed" id="create short_url table v1" duration=640.1µs
logger=migrator t=2026-06-28T05:05:05.1599346+08:00 level=info msg="Executing migration" id="add index short_url.org_id-uid"
logger=migrator t=2026-06-28T05:05:05.1609621+08:00 level=info msg="Migration successfully executed" id="add index short_url.org_id-uid" duration=1.0275ms
logger=migrator t=2026-06-28T05:05:05.1697347+08:00 level=info msg="Executing migration" id="alter table short_url alter column created_by type to bigint"
logger=migrator t=2026-06-28T05:05:05.172289+08:00 level=info msg="Migration successfully executed" id="alter table short_url alter column created_by type to bigint" duration=2.5543ms
logger=migrator t=2026-06-28T05:05:05.1794556+08:00 level=info msg="Executing migration" id="add index short_url.org_id-id"
logger=migrator t=2026-06-28T05:05:05.1798607+08:00 level=info msg="Migration successfully executed" id="add index short_url.org_id-id" duration=405.1µs
logger=migrator t=2026-06-28T05:05:05.1844457+08:00 level=info msg="Executing migration" id="delete alert_definition table"
logger=migrator t=2026-06-28T05:05:05.1844457+08:00 level=info msg="Migration successfully executed" id="delete alert_definition table" duration=0s
logger=migrator t=2026-06-28T05:05:05.1916443+08:00 level=info msg="Executing migration" id="recreate alert_definition table"
logger=migrator t=2026-06-28T05:05:05.1926917+08:00 level=info msg="Migration successfully executed" id="recreate alert_definition table" duration=1.0474ms
logger=migrator t=2026-06-28T05:05:05.1976055+08:00 level=info msg="Executing migration" id="add index in alert_definition on org_id and title columns"
logger=migrator t=2026-06-28T05:05:05.1986109+08:00 level=info msg="Migration successfully executed" id="add index in alert_definition on org_id and title columns" duration=1.0054ms
logger=migrator t=2026-06-28T05:05:05.2048741+08:00 level=info msg="Executing migration" id="add index in alert_definition on org_id and uid columns"
logger=migrator t=2026-06-28T05:05:05.205664+08:00 level=info msg="Migration successfully executed" id="add index in alert_definition on org_id and uid columns" duration=789.9µs
logger=migrator t=2026-06-28T05:05:05.2112017+08:00 level=info msg="Executing migration" id="alter alert_definition table data column to mediumtext in mysql"
logger=migrator t=2026-06-28T05:05:05.2127913+08:00 level=info msg="Migration successfully executed" id="alter alert_definition table data column to mediumtext in mysql" duration=1.5897ms
logger=migrator t=2026-06-28T05:05:05.2200482+08:00 level=info msg="Executing migration" id="drop index in alert_definition on org_id and title columns"
logger=migrator t=2026-06-28T05:05:05.2205612+08:00 level=info msg="Migration successfully executed" id="drop index in alert_definition on org_id and title columns" duration=513µs
logger=migrator t=2026-06-28T05:05:05.2273633+08:00 level=info msg="Executing migration" id="drop index in alert_definition on org_id and uid columns"
logger=migrator t=2026-06-28T05:05:05.2278729+08:00 level=info msg="Migration successfully executed" id="drop index in alert_definition on org_id and uid columns" duration=509.6µs
logger=migrator t=2026-06-28T05:05:05.2339788+08:00 level=info msg="Executing migration" id="add unique index in alert_definition on org_id and title columns"
logger=migrator t=2026-06-28T05:05:05.2344915+08:00 level=info msg="Migration successfully executed" id="add unique index in alert_definition on org_id and title columns" duration=512.7µs
logger=migrator t=2026-06-28T05:05:05.2405933+08:00 level=info msg="Executing migration" id="add unique index in alert_definition on org_id and uid columns"
logger=migrator t=2026-06-28T05:05:05.2415973+08:00 level=info msg="Migration successfully executed" id="add unique index in alert_definition on org_id and uid columns" duration=1.004ms
logger=migrator t=2026-06-28T05:05:05.2473967+08:00 level=info msg="Executing migration" id="Add column paused in alert_definition"
logger=migrator t=2026-06-28T05:05:05.2484211+08:00 level=info msg="Migration successfully executed" id="Add column paused in alert_definition" duration=1.0244ms
logger=migrator t=2026-06-28T05:05:05.2551984+08:00 level=info msg="Executing migration" id="drop alert_definition table"
logger=migrator t=2026-06-28T05:05:05.2557031+08:00 level=info msg="Migration successfully executed" id="drop alert_definition table" duration=504.7µs
logger=migrator t=2026-06-28T05:05:05.2597836+08:00 level=info msg="Executing migration" id="delete alert_definition_version table"
logger=migrator t=2026-06-28T05:05:05.2597836+08:00 level=info msg="Migration successfully executed" id="delete alert_definition_version table" duration=0s
logger=migrator t=2026-06-28T05:05:05.2683509+08:00 level=info msg="Executing migration" id="recreate alert_definition_version table"
logger=migrator t=2026-06-28T05:05:05.2688663+08:00 level=info msg="Migration successfully executed" id="recreate alert_definition_version table" duration=515.4µs
logger=migrator t=2026-06-28T05:05:05.2750304+08:00 level=info msg="Executing migration" id="add index in alert_definition_version table on alert_definition_id and version columns"
logger=migrator t=2026-06-28T05:05:05.2760534+08:00 level=info msg="Migration successfully executed" id="add index in alert_definition_version table on alert_definition_id and version columns" duration=1.023ms
logger=migrator t=2026-06-28T05:05:05.2819657+08:00 level=info msg="Executing migration" id="add index in alert_definition_version table on alert_definition_uid and version columns"
logger=migrator t=2026-06-28T05:05:05.2829905+08:00 level=info msg="Migration successfully executed" id="add index in alert_definition_version table on alert_definition_uid and version columns" duration=1.0248ms
logger=migrator t=2026-06-28T05:05:05.2893043+08:00 level=info msg="Executing migration" id="alter alert_definition_version table data column to mediumtext in mysql"
logger=migrator t=2026-06-28T05:05:05.2893043+08:00 level=info msg="Migration successfully executed" id="alter alert_definition_version table data column to mediumtext in mysql" duration=0s
logger=migrator t=2026-06-28T05:05:05.2954863+08:00 level=info msg="Executing migration" id="drop alert_definition_version table"
logger=migrator t=2026-06-28T05:05:05.2954863+08:00 level=info msg="Migration successfully executed" id="drop alert_definition_version table" duration=0s
logger=migrator t=2026-06-28T05:05:05.3019907+08:00 level=info msg="Executing migration" id="create alert_instance table"
logger=migrator t=2026-06-28T05:05:05.3019907+08:00 level=info msg="Migration successfully executed" id="create alert_instance table" duration=0s
logger=migrator t=2026-06-28T05:05:05.3089677+08:00 level=info msg="Executing migration" id="add index in alert_instance table on def_org_id, def_uid and current_state columns"
logger=migrator t=2026-06-28T05:05:05.3097346+08:00 level=info msg="Migration successfully executed" id="add index in alert_instance table on def_org_id, def_uid and current_state columns" duration=766.9µs
logger=migrator t=2026-06-28T05:05:05.3162248+08:00 level=info msg="Executing migration" id="add index in alert_instance table on def_org_id, current_state columns"
logger=migrator t=2026-06-28T05:05:05.3167277+08:00 level=info msg="Migration successfully executed" id="add index in alert_instance table on def_org_id, current_state columns" duration=502.9µs
logger=migrator t=2026-06-28T05:05:05.3231536+08:00 level=info msg="Executing migration" id="add column current_state_end to alert_instance"
logger=migrator t=2026-06-28T05:05:05.3241804+08:00 level=info msg="Migration successfully executed" id="add column current_state_end to alert_instance" duration=1.0268ms
logger=migrator t=2026-06-28T05:05:05.3312906+08:00 level=info msg="Executing migration" id="remove index def_org_id, def_uid, current_state on alert_instance"
logger=migrator t=2026-06-28T05:05:05.3317982+08:00 level=info msg="Migration successfully executed" id="remove index def_org_id, def_uid, current_state on alert_instance" duration=507.6µs
logger=migrator t=2026-06-28T05:05:05.3367035+08:00 level=info msg="Executing migration" id="remove index def_org_id, current_state on alert_instance"
logger=migrator t=2026-06-28T05:05:05.3377264+08:00 level=info msg="Migration successfully executed" id="remove index def_org_id, current_state on alert_instance" duration=1.0229ms
logger=migrator t=2026-06-28T05:05:05.3442029+08:00 level=info msg="Executing migration" id="rename def_org_id to rule_org_id in alert_instance"
logger=migrator t=2026-06-28T05:05:05.3467724+08:00 level=info msg="Migration successfully executed" id="rename def_org_id to rule_org_id in alert_instance" duration=2.5695ms
logger=migrator t=2026-06-28T05:05:05.3521638+08:00 level=info msg="Executing migration" id="rename def_uid to rule_uid in alert_instance"
logger=migrator t=2026-06-28T05:05:05.3542095+08:00 level=info msg="Migration successfully executed" id="rename def_uid to rule_uid in alert_instance" duration=2.0457ms
logger=migrator t=2026-06-28T05:05:05.3613717+08:00 level=info msg="Executing migration" id="add index rule_org_id, rule_uid, current_state on alert_instance"
logger=migrator t=2026-06-28T05:05:05.3618834+08:00 level=info msg="Migration successfully executed" id="add index rule_org_id, rule_uid, current_state on alert_instance" duration=511.7µs
logger=migrator t=2026-06-28T05:05:05.366746+08:00 level=info msg="Executing migration" id="add index rule_org_id, current_state on alert_instance"
logger=migrator t=2026-06-28T05:05:05.3672616+08:00 level=info msg="Migration successfully executed" id="add index rule_org_id, current_state on alert_instance" duration=515.6µs
logger=migrator t=2026-06-28T05:05:05.374181+08:00 level=info msg="Executing migration" id="add current_reason column related to current_state"
logger=migrator t=2026-06-28T05:05:05.3752468+08:00 level=info msg="Migration successfully executed" id="add current_reason column related to current_state" duration=1.0659ms
logger=migrator t=2026-06-28T05:05:05.3814472+08:00 level=info msg="Executing migration" id="add result_fingerprint column to alert_instance"
logger=migrator t=2026-06-28T05:05:05.3822925+08:00 level=info msg="Migration successfully executed" id="add result_fingerprint column to alert_instance" duration=845.3µs
logger=migrator t=2026-06-28T05:05:05.3879555+08:00 level=info msg="Executing migration" id="create alert_rule table"
logger=migrator t=2026-06-28T05:05:05.3884609+08:00 level=info msg="Migration successfully executed" id="create alert_rule table" duration=505.4µs
logger=migrator t=2026-06-28T05:05:05.3962996+08:00 level=info msg="Executing migration" id="add index in alert_rule on org_id and title columns"
logger=migrator t=2026-06-28T05:05:05.3970883+08:00 level=info msg="Migration successfully executed" id="add index in alert_rule on org_id and title columns" duration=788.7µs
logger=migrator t=2026-06-28T05:05:05.4022184+08:00 level=info msg="Executing migration" id="add index in alert_rule on org_id and uid columns"
logger=migrator t=2026-06-28T05:05:05.4027317+08:00 level=info msg="Migration successfully executed" id="add index in alert_rule on org_id and uid columns" duration=513.3µs
logger=migrator t=2026-06-28T05:05:05.4093811+08:00 level=info msg="Executing migration" id="add index in alert_rule on org_id, namespace_uid, group_uid columns"
logger=migrator t=2026-06-28T05:05:05.4098983+08:00 level=info msg="Migration successfully executed" id="add index in alert_rule on org_id, namespace_uid, group_uid columns" duration=517.2µs
logger=migrator t=2026-06-28T05:05:05.4152202+08:00 level=info msg="Executing migration" id="alter alert_rule table data column to mediumtext in mysql"
logger=migrator t=2026-06-28T05:05:05.4152202+08:00 level=info msg="Migration successfully executed" id="alter alert_rule table data column to mediumtext in mysql" duration=0s
logger=migrator t=2026-06-28T05:05:05.4218818+08:00 level=info msg="Executing migration" id="add column for to alert_rule"
logger=migrator t=2026-06-28T05:05:05.4229205+08:00 level=info msg="Migration successfully executed" id="add column for to alert_rule" duration=1.0387ms
logger=migrator t=2026-06-28T05:05:05.4292398+08:00 level=info msg="Executing migration" id="add column annotations to alert_rule"
logger=migrator t=2026-06-28T05:05:05.429963+08:00 level=info msg="Migration successfully executed" id="add column annotations to alert_rule" duration=723.2µs
logger=migrator t=2026-06-28T05:05:05.4360222+08:00 level=info msg="Executing migration" id="add column labels to alert_rule"
logger=migrator t=2026-06-28T05:05:05.4372345+08:00 level=info msg="Migration successfully executed" id="add column labels to alert_rule" duration=1.2123ms
logger=migrator t=2026-06-28T05:05:05.4461715+08:00 level=info msg="Executing migration" id="remove unique index from alert_rule on org_id, title columns"
logger=migrator t=2026-06-28T05:05:05.4491033+08:00 level=info msg="Migration successfully executed" id="remove unique index from alert_rule on org_id, title columns" duration=2.9318ms
logger=migrator t=2026-06-28T05:05:05.4563429+08:00 level=info msg="Executing migration" id="add index in alert_rule on org_id, namespase_uid and title columns"
logger=migrator t=2026-06-28T05:05:05.4568564+08:00 level=info msg="Migration successfully executed" id="add index in alert_rule on org_id, namespase_uid and title columns" duration=513.5µs
logger=migrator t=2026-06-28T05:05:05.4630717+08:00 level=info msg="Executing migration" id="add dashboard_uid column to alert_rule"
logger=migrator t=2026-06-28T05:05:05.464396+08:00 level=info msg="Migration successfully executed" id="add dashboard_uid column to alert_rule" duration=1.3243ms
logger=migrator t=2026-06-28T05:05:05.4704875+08:00 level=info msg="Executing migration" id="add panel_id column to alert_rule"
logger=migrator t=2026-06-28T05:05:05.4720324+08:00 level=info msg="Migration successfully executed" id="add panel_id column to alert_rule" duration=1.5449ms
logger=migrator t=2026-06-28T05:05:05.4804521+08:00 level=info msg="Executing migration" id="add index in alert_rule on org_id, dashboard_uid and panel_id columns"
logger=migrator t=2026-06-28T05:05:05.481452+08:00 level=info msg="Migration successfully executed" id="add index in alert_rule on org_id, dashboard_uid and panel_id columns" duration=999.9µs
logger=migrator t=2026-06-28T05:05:05.4900332+08:00 level=info msg="Executing migration" id="add rule_group_idx column to alert_rule"
logger=migrator t=2026-06-28T05:05:05.4929479+08:00 level=info msg="Migration successfully executed" id="add rule_group_idx column to alert_rule" duration=2.9147ms
logger=migrator t=2026-06-28T05:05:05.5004325+08:00 level=info msg="Executing migration" id="add is_paused column to alert_rule table"
logger=migrator t=2026-06-28T05:05:05.5009432+08:00 level=info msg="Migration successfully executed" id="add is_paused column to alert_rule table" duration=510.7µs
logger=migrator t=2026-06-28T05:05:05.5081909+08:00 level=info msg="Executing migration" id="fix is_paused column for alert_rule table"
logger=migrator t=2026-06-28T05:05:05.5081909+08:00 level=info msg="Migration successfully executed" id="fix is_paused column for alert_rule table" duration=0s
logger=migrator t=2026-06-28T05:05:05.515007+08:00 level=info msg="Executing migration" id="alter table alert_rule alter column rule_group_idx type to bigint"
logger=migrator t=2026-06-28T05:05:05.515007+08:00 level=info msg="Migration successfully executed" id="alter table alert_rule alter column rule_group_idx type to bigint" duration=0s
logger=migrator t=2026-06-28T05:05:05.5243767+08:00 level=info msg="Executing migration" id="create alert_rule_version table"
logger=migrator t=2026-06-28T05:05:05.5254598+08:00 level=info msg="Migration successfully executed" id="create alert_rule_version table" duration=1.0831ms
logger=migrator t=2026-06-28T05:05:05.5340113+08:00 level=info msg="Executing migration" id="add index in alert_rule_version table on rule_org_id, rule_uid and version columns"
logger=migrator t=2026-06-28T05:05:05.536592+08:00 level=info msg="Migration successfully executed" id="add index in alert_rule_version table on rule_org_id, rule_uid and version columns" duration=2.5808ms
logger=migrator t=2026-06-28T05:05:05.5433056+08:00 level=info msg="Executing migration" id="add index in alert_rule_version table on rule_org_id, rule_namespace_uid and rule_group columns"
logger=migrator t=2026-06-28T05:05:05.5438142+08:00 level=info msg="Migration successfully executed" id="add index in alert_rule_version table on rule_org_id, rule_namespace_uid and rule_group columns" duration=508.6µs
logger=migrator t=2026-06-28T05:05:05.5502275+08:00 level=info msg="Executing migration" id="alter alert_rule_version table data column to mediumtext in mysql"
logger=migrator t=2026-06-28T05:05:05.5502275+08:00 level=info msg="Migration successfully executed" id="alter alert_rule_version table data column to mediumtext in mysql" duration=0s
logger=migrator t=2026-06-28T05:05:05.5562562+08:00 level=info msg="Executing migration" id="add column for to alert_rule_version"
logger=migrator t=2026-06-28T05:05:05.5577685+08:00 level=info msg="Migration successfully executed" id="add column for to alert_rule_version" duration=1.5123ms
logger=migrator t=2026-06-28T05:05:05.5642682+08:00 level=info msg="Executing migration" id="add column annotations to alert_rule_version"
logger=migrator t=2026-06-28T05:05:05.568321+08:00 level=info msg="Migration successfully executed" id="add column annotations to alert_rule_version" duration=4.0528ms
logger=migrator t=2026-06-28T05:05:05.5739631+08:00 level=info msg="Executing migration" id="add column labels to alert_rule_version"
logger=migrator t=2026-06-28T05:05:05.575503+08:00 level=info msg="Migration successfully executed" id="add column labels to alert_rule_version" duration=1.5399ms
logger=migrator t=2026-06-28T05:05:05.585208+08:00 level=info msg="Executing migration" id="add rule_group_idx column to alert_rule_version"
logger=migrator t=2026-06-28T05:05:05.5862581+08:00 level=info msg="Migration successfully executed" id="add rule_group_idx column to alert_rule_version" duration=1.0501ms
logger=migrator t=2026-06-28T05:05:05.5920452+08:00 level=info msg="Executing migration" id="add is_paused column to alert_rule_versions table"
logger=migrator t=2026-06-28T05:05:05.5968062+08:00 level=info msg="Migration successfully executed" id="add is_paused column to alert_rule_versions table" duration=4.761ms
logger=migrator t=2026-06-28T05:05:05.6029858+08:00 level=info msg="Executing migration" id="fix is_paused column for alert_rule_version table"
logger=migrator t=2026-06-28T05:05:05.6029858+08:00 level=info msg="Migration successfully executed" id="fix is_paused column for alert_rule_version table" duration=0s
logger=migrator t=2026-06-28T05:05:05.6100205+08:00 level=info msg="Executing migration" id="alter table alert_rule_version alter column rule_group_idx type to bigint"
logger=migrator t=2026-06-28T05:05:05.6100205+08:00 level=info msg="Migration successfully executed" id="alter table alert_rule_version alter column rule_group_idx type to bigint" duration=0s
logger=migrator t=2026-06-28T05:05:05.6161782+08:00 level=info msg="Executing migration" id=create_alert_configuration_table
logger=migrator t=2026-06-28T05:05:05.6203565+08:00 level=info msg="Migration successfully executed" id=create_alert_configuration_table duration=4.1784ms
logger=migrator t=2026-06-28T05:05:05.6260973+08:00 level=info msg="Executing migration" id="Add column default in alert_configuration"
logger=migrator t=2026-06-28T05:05:05.6276675+08:00 level=info msg="Migration successfully executed" id="Add column default in alert_configuration" duration=1.5702ms
logger=migrator t=2026-06-28T05:05:05.638176+08:00 level=info msg="Executing migration" id="alert alert_configuration alertmanager_configuration column from TEXT to MEDIUMTEXT if mysql"
logger=migrator t=2026-06-28T05:05:05.6386865+08:00 level=info msg="Migration successfully executed" id="alert alert_configuration alertmanager_configuration column from TEXT to MEDIUMTEXT if mysql" duration=510.5µs
logger=migrator t=2026-06-28T05:05:05.6449954+08:00 level=info msg="Executing migration" id="add column org_id in alert_configuration"
logger=migrator t=2026-06-28T05:05:05.6465817+08:00 level=info msg="Migration successfully executed" id="add column org_id in alert_configuration" duration=1.5863ms
logger=migrator t=2026-06-28T05:05:05.6517547+08:00 level=info msg="Executing migration" id="add index in alert_configuration table on org_id column"
logger=migrator t=2026-06-28T05:05:05.6530123+08:00 level=info msg="Migration successfully executed" id="add index in alert_configuration table on org_id column" duration=1.2576ms
logger=migrator t=2026-06-28T05:05:05.6594201+08:00 level=info msg="Executing migration" id="add configuration_hash column to alert_configuration"
logger=migrator t=2026-06-28T05:05:05.6604989+08:00 level=info msg="Migration successfully executed" id="add configuration_hash column to alert_configuration" duration=1.0788ms
logger=migrator t=2026-06-28T05:05:05.6671973+08:00 level=info msg="Executing migration" id=create_ngalert_configuration_table
logger=migrator t=2026-06-28T05:05:05.6706057+08:00 level=info msg="Migration successfully executed" id=create_ngalert_configuration_table duration=3.4084ms
logger=migrator t=2026-06-28T05:05:05.6776492+08:00 level=info msg="Executing migration" id="add index in ngalert_configuration on org_id column"
logger=migrator t=2026-06-28T05:05:05.679565+08:00 level=info msg="Migration successfully executed" id="add index in ngalert_configuration on org_id column" duration=1.9158ms
logger=migrator t=2026-06-28T05:05:05.6892825+08:00 level=info msg="Executing migration" id="add column send_alerts_to in ngalert_configuration"
logger=migrator t=2026-06-28T05:05:05.6912173+08:00 level=info msg="Migration successfully executed" id="add column send_alerts_to in ngalert_configuration" duration=1.9348ms
logger=migrator t=2026-06-28T05:05:05.6984082+08:00 level=info msg="Executing migration" id="create provenance_type table"
logger=migrator t=2026-06-28T05:05:05.6994662+08:00 level=info msg="Migration successfully executed" id="create provenance_type table" duration=1.0581ms
logger=migrator t=2026-06-28T05:05:05.7073454+08:00 level=info msg="Executing migration" id="add index to uniquify (record_key, record_type, org_id) columns"
logger=migrator t=2026-06-28T05:05:05.7083622+08:00 level=info msg="Migration successfully executed" id="add index to uniquify (record_key, record_type, org_id) columns" duration=1.0168ms
logger=migrator t=2026-06-28T05:05:05.7151771+08:00 level=info msg="Executing migration" id="create alert_image table"
logger=migrator t=2026-06-28T05:05:05.7156898+08:00 level=info msg="Migration successfully executed" id="create alert_image table" duration=512.7µs
logger=migrator t=2026-06-28T05:05:05.7223212+08:00 level=info msg="Executing migration" id="add unique index on token to alert_image table"
logger=migrator t=2026-06-28T05:05:05.7263675+08:00 level=info msg="Migration successfully executed" id="add unique index on token to alert_image table" duration=4.0464ms
logger=migrator t=2026-06-28T05:05:05.7332753+08:00 level=info msg="Executing migration" id="support longer URLs in alert_image table"
logger=migrator t=2026-06-28T05:05:05.7332753+08:00 level=info msg="Migration successfully executed" id="support longer URLs in alert_image table" duration=0s
logger=migrator t=2026-06-28T05:05:05.7411596+08:00 level=info msg="Executing migration" id=create_alert_configuration_history_table
logger=migrator t=2026-06-28T05:05:05.743742+08:00 level=info msg="Migration successfully executed" id=create_alert_configuration_history_table duration=2.5824ms
logger=migrator t=2026-06-28T05:05:05.7503622+08:00 level=info msg="Executing migration" id="drop non-unique orgID index on alert_configuration"
logger=migrator t=2026-06-28T05:05:05.7508748+08:00 level=info msg="Migration successfully executed" id="drop non-unique orgID index on alert_configuration" duration=512.6µs
logger=migrator t=2026-06-28T05:05:05.7568857+08:00 level=info msg="Executing migration" id="drop unique orgID index on alert_configuration if exists"
logger=migrator t=2026-06-28T05:05:05.7580084+08:00 level=warn msg="Skipping migration: Already executed, but not recorded in migration log" id="drop unique orgID index on alert_configuration if exists"
logger=migrator t=2026-06-28T05:05:05.7661293+08:00 level=info msg="Executing migration" id="extract alertmanager configuration history to separate table"
logger=migrator t=2026-06-28T05:05:05.7666413+08:00 level=info msg="Migration successfully executed" id="extract alertmanager configuration history to separate table" duration=512µs
logger=migrator t=2026-06-28T05:05:05.7733075+08:00 level=info msg="Executing migration" id="add unique index on orgID to alert_configuration"
logger=migrator t=2026-06-28T05:05:05.7738142+08:00 level=info msg="Migration successfully executed" id="add unique index on orgID to alert_configuration" duration=506.7µs
logger=migrator t=2026-06-28T05:05:05.7820263+08:00 level=info msg="Executing migration" id="add last_applied column to alert_configuration_history"
logger=migrator t=2026-06-28T05:05:05.7856107+08:00 level=info msg="Migration successfully executed" id="add last_applied column to alert_configuration_history" duration=3.5844ms
logger=migrator t=2026-06-28T05:05:05.7960926+08:00 level=info msg="Executing migration" id="add message column to alert_rule_version"
logger=migrator t=2026-06-28T05:05:05.7979989+08:00 level=info msg="Migration successfully executed" id="add message column to alert_rule_version" duration=1.9063ms
logger=migrator t=2026-06-28T05:05:05.8041695+08:00 level=info msg="Executing migration" id="add column external_alertmanager_uid in ngalert_configuration"
logger=migrator t=2026-06-28T05:05:05.8052081+08:00 level=info msg="Migration successfully executed" id="add column external_alertmanager_uid in ngalert_configuration" duration=1.0386ms
logger=migrator t=2026-06-28T05:05:05.812095+08:00 level=info msg="Executing migration" id="create library_element table v1"
logger=migrator t=2026-06-28T05:05:05.8126553+08:00 level=info msg="Migration successfully executed" id="create library_element table v1" duration=560.3µs
logger=migrator t=2026-06-28T05:05:05.8192083+08:00 level=info msg="Executing migration" id="add index library_element org_id-folder_id-name-kind"
logger=migrator t=2026-06-28T05:05:05.8197204+08:00 level=info msg="Migration successfully executed" id="add index library_element org_id-folder_id-name-kind" duration=512.1µs
logger=migrator t=2026-06-28T05:05:05.82844+08:00 level=info msg="Executing migration" id="create library_element_connection table v1"
logger=migrator t=2026-06-28T05:05:05.8292237+08:00 level=info msg="Migration successfully executed" id="create library_element_connection table v1" duration=783.7µs
logger=migrator t=2026-06-28T05:05:05.8362537+08:00 level=info msg="Executing migration" id="add index library_element_connection element_id-kind-connection_id"
logger=migrator t=2026-06-28T05:05:05.8404228+08:00 level=info msg="Migration successfully executed" id="add index library_element_connection element_id-kind-connection_id" duration=4.1691ms
logger=migrator t=2026-06-28T05:05:05.8469571+08:00 level=info msg="Executing migration" id="add unique index library_element org_id_uid"
logger=migrator t=2026-06-28T05:05:05.8479783+08:00 level=info msg="Migration successfully executed" id="add unique index library_element org_id_uid" duration=1.0212ms
logger=migrator t=2026-06-28T05:05:05.8541258+08:00 level=info msg="Executing migration" id="increase max description length to 2048"
logger=migrator t=2026-06-28T05:05:05.8541258+08:00 level=info msg="Migration successfully executed" id="increase max description length to 2048" duration=0s
logger=migrator t=2026-06-28T05:05:05.8613835+08:00 level=info msg="Executing migration" id="alter library_element model to mediumtext"
logger=migrator t=2026-06-28T05:05:05.8613835+08:00 level=info msg="Migration successfully executed" id="alter library_element model to mediumtext" duration=0s
logger=migrator t=2026-06-28T05:05:05.8674813+08:00 level=info msg="Executing migration" id="add library_element folder uid"
logger=migrator t=2026-06-28T05:05:05.8720332+08:00 level=info msg="Migration successfully executed" id="add library_element folder uid" duration=4.5519ms
logger=migrator t=2026-06-28T05:05:05.8793959+08:00 level=info msg="Executing migration" id="populate library_element folder_uid"
logger=migrator t=2026-06-28T05:05:05.8801867+08:00 level=info msg="Migration successfully executed" id="populate library_element folder_uid" duration=790.8µs
logger=migrator t=2026-06-28T05:05:05.8892788+08:00 level=info msg="Executing migration" id="add index library_element org_id-folder_uid-name-kind"
logger=migrator t=2026-06-28T05:05:05.8897963+08:00 level=info msg="Migration successfully executed" id="add index library_element org_id-folder_uid-name-kind" duration=517.5µs
logger=migrator t=2026-06-28T05:05:05.8966609+08:00 level=info msg="Executing migration" id="drop unique name in folder index (id)"
logger=migrator t=2026-06-28T05:05:05.8971899+08:00 level=info msg="Migration successfully executed" id="drop unique name in folder index (id)" duration=529µs
logger=migrator t=2026-06-28T05:05:05.9051596+08:00 level=info msg="Executing migration" id="drop unique name in folder index"
logger=migrator t=2026-06-28T05:05:05.9056746+08:00 level=info msg="Migration successfully executed" id="drop unique name in folder index" duration=515µs
logger=migrator t=2026-06-28T05:05:05.9117579+08:00 level=info msg="Executing migration" id="clone move dashboard alerts to unified alerting"
logger=migrator t=2026-06-28T05:05:05.9117579+08:00 level=info msg="Migration successfully executed" id="clone move dashboard alerts to unified alerting" duration=0s
logger=migrator t=2026-06-28T05:05:05.9192356+08:00 level=info msg="Executing migration" id="create data_keys table"
logger=migrator t=2026-06-28T05:05:05.9234724+08:00 level=info msg="Migration successfully executed" id="create data_keys table" duration=4.2368ms
logger=migrator t=2026-06-28T05:05:05.930253+08:00 level=info msg="Executing migration" id="create secrets table"
logger=migrator t=2026-06-28T05:05:05.9343836+08:00 level=info msg="Migration successfully executed" id="create secrets table" duration=4.1306ms
logger=migrator t=2026-06-28T05:05:05.9410634+08:00 level=info msg="Executing migration" id="rename data_keys name column to id"
logger=migrator t=2026-06-28T05:05:05.9447193+08:00 level=info msg="Migration successfully executed" id="rename data_keys name column to id" duration=3.656ms
logger=migrator t=2026-06-28T05:05:05.9513418+08:00 level=info msg="Executing migration" id="add name column into data_keys"
logger=migrator t=2026-06-28T05:05:05.9523586+08:00 level=info msg="Migration successfully executed" id="add name column into data_keys" duration=1.0168ms
logger=migrator t=2026-06-28T05:05:05.9590555+08:00 level=info msg="Executing migration" id="copy data_keys id column values into name"
logger=migrator t=2026-06-28T05:05:05.9595737+08:00 level=info msg="Migration successfully executed" id="copy data_keys id column values into name" duration=518.2µs
logger=migrator t=2026-06-28T05:05:05.9669348+08:00 level=info msg="Executing migration" id="rename data_keys name column to label"
logger=migrator t=2026-06-28T05:05:05.9710134+08:00 level=info msg="Migration successfully executed" id="rename data_keys name column to label" duration=4.0787ms
logger=migrator t=2026-06-28T05:05:05.9792532+08:00 level=info msg="Executing migration" id="rename data_keys id column back to name"
logger=migrator t=2026-06-28T05:05:05.9837832+08:00 level=info msg="Migration successfully executed" id="rename data_keys id column back to name" duration=4.53ms
logger=migrator t=2026-06-28T05:05:05.9900993+08:00 level=info msg="Executing migration" id="create kv_store table v1"
logger=migrator t=2026-06-28T05:05:05.9900993+08:00 level=info msg="Migration successfully executed" id="create kv_store table v1" duration=0s
logger=migrator t=2026-06-28T05:05:05.9960771+08:00 level=info msg="Executing migration" id="add index kv_store.org_id-namespace-key"
logger=migrator t=2026-06-28T05:05:05.9975814+08:00 level=info msg="Migration successfully executed" id="add index kv_store.org_id-namespace-key" duration=1.5043ms
logger=migrator t=2026-06-28T05:05:06.0042256+08:00 level=info msg="Executing migration" id="update dashboard_uid and panel_id from existing annotations"
logger=migrator t=2026-06-28T05:05:06.0042256+08:00 level=info msg="Migration successfully executed" id="update dashboard_uid and panel_id from existing annotations" duration=0s
logger=migrator t=2026-06-28T05:05:06.0133002+08:00 level=info msg="Executing migration" id="create permission table"
logger=migrator t=2026-06-28T05:05:06.0141696+08:00 level=info msg="Migration successfully executed" id="create permission table" duration=869.4µs
logger=migrator t=2026-06-28T05:05:06.0229775+08:00 level=info msg="Executing migration" id="add unique index permission.role_id"
logger=migrator t=2026-06-28T05:05:06.0245499+08:00 level=info msg="Migration successfully executed" id="add unique index permission.role_id" duration=1.5725ms
logger=migrator t=2026-06-28T05:05:06.0313107+08:00 level=info msg="Executing migration" id="add unique index role_id_action_scope"
logger=migrator t=2026-06-28T05:05:06.0318153+08:00 level=info msg="Migration successfully executed" id="add unique index role_id_action_scope" duration=504.6µs
logger=migrator t=2026-06-28T05:05:06.0416664+08:00 level=info msg="Executing migration" id="create role table"
logger=migrator t=2026-06-28T05:05:06.0422238+08:00 level=info msg="Migration successfully executed" id="create role table" duration=557.4µs
logger=migrator t=2026-06-28T05:05:06.0506228+08:00 level=info msg="Executing migration" id="add column display_name"
logger=migrator t=2026-06-28T05:05:06.0522074+08:00 level=info msg="Migration successfully executed" id="add column display_name" duration=1.5846ms
logger=migrator t=2026-06-28T05:05:06.0596145+08:00 level=info msg="Executing migration" id="add column group_name"
logger=migrator t=2026-06-28T05:05:06.061743+08:00 level=info msg="Migration successfully executed" id="add column group_name" duration=2.1285ms
logger=migrator t=2026-06-28T05:05:06.0734776+08:00 level=info msg="Executing migration" id="add index role.org_id"
logger=migrator t=2026-06-28T05:05:06.0755298+08:00 level=info msg="Migration successfully executed" id="add index role.org_id" duration=2.0522ms
logger=migrator t=2026-06-28T05:05:06.0861107+08:00 level=info msg="Executing migration" id="add unique index role_org_id_name"
logger=migrator t=2026-06-28T05:05:06.0868222+08:00 level=info msg="Migration successfully executed" id="add unique index role_org_id_name" duration=711.5µs
logger=migrator t=2026-06-28T05:05:06.0944563+08:00 level=info msg="Executing migration" id="add index role_org_id_uid"
logger=migrator t=2026-06-28T05:05:06.0955027+08:00 level=info msg="Migration successfully executed" id="add index role_org_id_uid" duration=1.0464ms
logger=migrator t=2026-06-28T05:05:06.1026746+08:00 level=info msg="Executing migration" id="create team role table"
logger=migrator t=2026-06-28T05:05:06.1031863+08:00 level=info msg="Migration successfully executed" id="create team role table" duration=511.7µs
logger=migrator t=2026-06-28T05:05:06.110378+08:00 level=info msg="Executing migration" id="add index team_role.org_id"
logger=migrator t=2026-06-28T05:05:06.1108918+08:00 level=info msg="Migration successfully executed" id="add index team_role.org_id" duration=513.8µs
logger=migrator t=2026-06-28T05:05:06.119255+08:00 level=info msg="Executing migration" id="add unique index team_role_org_id_team_id_role_id"
logger=migrator t=2026-06-28T05:05:06.1233771+08:00 level=info msg="Migration successfully executed" id="add unique index team_role_org_id_team_id_role_id" duration=4.1221ms
logger=migrator t=2026-06-28T05:05:06.1303662+08:00 level=info msg="Executing migration" id="add index team_role.team_id"
logger=migrator t=2026-06-28T05:05:06.1308868+08:00 level=info msg="Migration successfully executed" id="add index team_role.team_id" duration=520.6µs
logger=migrator t=2026-06-28T05:05:06.1375495+08:00 level=info msg="Executing migration" id="create user role table"
logger=migrator t=2026-06-28T05:05:06.1381542+08:00 level=info msg="Migration successfully executed" id="create user role table" duration=604.7µs
logger=migrator t=2026-06-28T05:05:06.1443644+08:00 level=info msg="Executing migration" id="add index user_role.org_id"
logger=migrator t=2026-06-28T05:05:06.1448724+08:00 level=info msg="Migration successfully executed" id="add index user_role.org_id" duration=508µs
logger=migrator t=2026-06-28T05:05:06.1497215+08:00 level=info msg="Executing migration" id="add unique index user_role_org_id_user_id_role_id"
logger=migrator t=2026-06-28T05:05:06.1497215+08:00 level=info msg="Migration successfully executed" id="add unique index user_role_org_id_user_id_role_id" duration=0s
logger=migrator t=2026-06-28T05:05:06.1582306+08:00 level=info msg="Executing migration" id="add index user_role.user_id"
logger=migrator t=2026-06-28T05:05:06.1587399+08:00 level=info msg="Migration successfully executed" id="add index user_role.user_id" duration=509.3µs
logger=migrator t=2026-06-28T05:05:06.1653487+08:00 level=info msg="Executing migration" id="create builtin role table"
logger=migrator t=2026-06-28T05:05:06.1658622+08:00 level=info msg="Migration successfully executed" id="create builtin role table" duration=513.5µs
logger=migrator t=2026-06-28T05:05:06.1722888+08:00 level=info msg="Executing migration" id="add index builtin_role.role_id"
logger=migrator t=2026-06-28T05:05:06.1727973+08:00 level=info msg="Migration successfully executed" id="add index builtin_role.role_id" duration=508.5µs
logger=migrator t=2026-06-28T05:05:06.1793202+08:00 level=info msg="Executing migration" id="add index builtin_role.name"
logger=migrator t=2026-06-28T05:05:06.1799367+08:00 level=info msg="Migration successfully executed" id="add index builtin_role.name" duration=616.5µs
logger=migrator t=2026-06-28T05:05:06.1863409+08:00 level=info msg="Executing migration" id="Add column org_id to builtin_role table"
logger=migrator t=2026-06-28T05:05:06.1873697+08:00 level=info msg="Migration successfully executed" id="Add column org_id to builtin_role table" duration=1.0288ms
logger=migrator t=2026-06-28T05:05:06.1940951+08:00 level=info msg="Executing migration" id="add index builtin_role.org_id"
logger=migrator t=2026-06-28T05:05:06.1951304+08:00 level=info msg="Migration successfully executed" id="add index builtin_role.org_id" duration=1.0353ms
logger=migrator t=2026-06-28T05:05:06.2011786+08:00 level=info msg="Executing migration" id="add unique index builtin_role_org_id_role_id_role"
logger=migrator t=2026-06-28T05:05:06.2016866+08:00 level=info msg="Migration successfully executed" id="add unique index builtin_role_org_id_role_id_role" duration=508µs
logger=migrator t=2026-06-28T05:05:06.2078064+08:00 level=info msg="Executing migration" id="Remove unique index role_org_id_uid"
logger=migrator t=2026-06-28T05:05:06.2088764+08:00 level=info msg="Migration successfully executed" id="Remove unique index role_org_id_uid" duration=1.07ms
logger=migrator t=2026-06-28T05:05:06.2151465+08:00 level=info msg="Executing migration" id="add unique index role.uid"
logger=migrator t=2026-06-28T05:05:06.2156727+08:00 level=info msg="Migration successfully executed" id="add unique index role.uid" duration=526.2µs
logger=migrator t=2026-06-28T05:05:06.2224272+08:00 level=info msg="Executing migration" id="create seed assignment table"
logger=migrator t=2026-06-28T05:05:06.2229472+08:00 level=info msg="Migration successfully executed" id="create seed assignment table" duration=520µs
logger=migrator t=2026-06-28T05:05:06.2291903+08:00 level=info msg="Executing migration" id="add unique index builtin_role_role_name"
logger=migrator t=2026-06-28T05:05:06.2299023+08:00 level=info msg="Migration successfully executed" id="add unique index builtin_role_role_name" duration=712µs
logger=migrator t=2026-06-28T05:05:06.2360554+08:00 level=info msg="Executing migration" id="add column hidden to role table"
logger=migrator t=2026-06-28T05:05:06.2375893+08:00 level=info msg="Migration successfully executed" id="add column hidden to role table" duration=1.5339ms
logger=migrator t=2026-06-28T05:05:06.2442352+08:00 level=info msg="Executing migration" id="permission kind migration"
logger=migrator t=2026-06-28T05:05:06.2453232+08:00 level=info msg="Migration successfully executed" id="permission kind migration" duration=1.088ms
logger=migrator t=2026-06-28T05:05:06.2516338+08:00 level=info msg="Executing migration" id="permission attribute migration"
logger=migrator t=2026-06-28T05:05:06.2526367+08:00 level=info msg="Migration successfully executed" id="permission attribute migration" duration=1.0029ms
logger=migrator t=2026-06-28T05:05:06.2602874+08:00 level=info msg="Executing migration" id="permission identifier migration"
logger=migrator t=2026-06-28T05:05:06.2613145+08:00 level=info msg="Migration successfully executed" id="permission identifier migration" duration=1.0271ms
logger=migrator t=2026-06-28T05:05:06.2681521+08:00 level=info msg="Executing migration" id="add permission identifier index"
logger=migrator t=2026-06-28T05:05:06.2691992+08:00 level=info msg="Migration successfully executed" id="add permission identifier index" duration=1.0471ms
logger=migrator t=2026-06-28T05:05:06.2753415+08:00 level=info msg="Executing migration" id="add permission action scope role_id index"
logger=migrator t=2026-06-28T05:05:06.2758761+08:00 level=info msg="Migration successfully executed" id="add permission action scope role_id index" duration=534.6µs
logger=migrator t=2026-06-28T05:05:06.2823374+08:00 level=info msg="Executing migration" id="remove permission role_id action scope index"
logger=migrator t=2026-06-28T05:05:06.2828524+08:00 level=info msg="Migration successfully executed" id="remove permission role_id action scope index" duration=515µs
logger=migrator t=2026-06-28T05:05:06.2889949+08:00 level=info msg="Executing migration" id="add group mapping UID column to user_role table"
logger=migrator t=2026-06-28T05:05:06.2900102+08:00 level=info msg="Migration successfully executed" id="add group mapping UID column to user_role table" duration=1.0153ms
logger=migrator t=2026-06-28T05:05:06.2974243+08:00 level=info msg="Executing migration" id="add user_role org ID, user ID, role ID, group mapping UID index"
logger=migrator t=2026-06-28T05:05:06.2979264+08:00 level=info msg="Migration successfully executed" id="add user_role org ID, user ID, role ID, group mapping UID index" duration=502.1µs
logger=migrator t=2026-06-28T05:05:06.3040414+08:00 level=info msg="Executing migration" id="remove user_role org ID, user ID, role ID index"
logger=migrator t=2026-06-28T05:05:06.304556+08:00 level=info msg="Migration successfully executed" id="remove user_role org ID, user ID, role ID index" duration=514.6µs
logger=migrator t=2026-06-28T05:05:06.3112562+08:00 level=info msg="Executing migration" id="add permission role_id action index"
logger=migrator t=2026-06-28T05:05:06.3117625+08:00 level=info msg="Migration successfully executed" id="add permission role_id action index" duration=506.3µs
logger=migrator t=2026-06-28T05:05:06.3182843+08:00 level=info msg="Executing migration" id="Remove permission role_id index"
logger=migrator t=2026-06-28T05:05:06.3187897+08:00 level=info msg="Migration successfully executed" id="Remove permission role_id index" duration=505.4µs
logger=migrator t=2026-06-28T05:05:06.3250962+08:00 level=info msg="Executing migration" id="add permission role_id scope index"
logger=migrator t=2026-06-28T05:05:06.3260989+08:00 level=info msg="Migration successfully executed" id="add permission role_id scope index" duration=1.0027ms
logger=migrator t=2026-06-28T05:05:06.331588+08:00 level=info msg="Executing migration" id="alter permission.kind to length 80"
logger=migrator t=2026-06-28T05:05:06.331588+08:00 level=info msg="Migration successfully executed" id="alter permission.kind to length 80" duration=0s
logger=migrator t=2026-06-28T05:05:06.3386161+08:00 level=info msg="Executing migration" id="add datasource_type column to permission table"
logger=migrator t=2026-06-28T05:05:06.3386161+08:00 level=info msg="Migration successfully executed" id="add datasource_type column to permission table" duration=0s
logger=migrator t=2026-06-28T05:05:06.3470974+08:00 level=info msg="Executing migration" id="Expand role.uid length to 253"
logger=migrator t=2026-06-28T05:05:06.3476034+08:00 level=info msg="Migration successfully executed" id="Expand role.uid length to 253" duration=506.1µs
logger=migrator t=2026-06-28T05:05:06.3543285+08:00 level=info msg="Executing migration" id="populate datasource_type in permission table for uid-scoped datasource permissions"
logger=migrator t=2026-06-28T05:05:06.3543285+08:00 level=info msg="Migration successfully executed" id="populate datasource_type in permission table for uid-scoped datasource permissions" duration=0s
logger=migrator t=2026-06-28T05:05:06.3610436+08:00 level=info msg="Executing migration" id="create query_history table v1"
logger=migrator t=2026-06-28T05:05:06.3620602+08:00 level=info msg="Migration successfully executed" id="create query_history table v1" duration=1.0166ms
logger=migrator t=2026-06-28T05:05:06.3677745+08:00 level=info msg="Executing migration" id="add index query_history.org_id-created_by-datasource_uid"
logger=migrator t=2026-06-28T05:05:06.3687146+08:00 level=info msg="Migration successfully executed" id="add index query_history.org_id-created_by-datasource_uid" duration=940.1µs
logger=migrator t=2026-06-28T05:05:06.3754166+08:00 level=info msg="Executing migration" id="alter table query_history alter column created_by type to bigint"
logger=migrator t=2026-06-28T05:05:06.3754166+08:00 level=info msg="Migration successfully executed" id="alter table query_history alter column created_by type to bigint" duration=0s
logger=migrator t=2026-06-28T05:05:06.3820128+08:00 level=info msg="Executing migration" id="create query_history_details table v1"
logger=migrator t=2026-06-28T05:05:06.38252+08:00 level=info msg="Migration successfully executed" id="create query_history_details table v1" duration=507.2µs
logger=migrator t=2026-06-28T05:05:06.3892151+08:00 level=info msg="Executing migration" id="rbac disabled migrator"
logger=migrator t=2026-06-28T05:05:06.3892151+08:00 level=info msg="Migration successfully executed" id="rbac disabled migrator" duration=0s
logger=migrator t=2026-06-28T05:05:06.3983988+08:00 level=info msg="Executing migration" id="teams permissions migration"
logger=migrator t=2026-06-28T05:05:06.3983988+08:00 level=info msg="Migration successfully executed" id="teams permissions migration" duration=0s
logger=migrator t=2026-06-28T05:05:06.4060778+08:00 level=info msg="Executing migration" id="dashboard permissions"
logger=migrator t=2026-06-28T05:05:06.4066007+08:00 level=info msg="Migration successfully executed" id="dashboard permissions" duration=522.9µs
logger=migrator t=2026-06-28T05:05:06.4132207+08:00 level=info msg="Executing migration" id="dashboard permissions uid scopes"
logger=migrator t=2026-06-28T05:05:06.4137373+08:00 level=info msg="Migration successfully executed" id="dashboard permissions uid scopes" duration=516.6µs
logger=migrator t=2026-06-28T05:05:06.4198877+08:00 level=info msg="Executing migration" id="drop managed folder create actions"
logger=migrator t=2026-06-28T05:05:06.4203999+08:00 level=info msg="Migration successfully executed" id="drop managed folder create actions" duration=512.2µs
logger=migrator t=2026-06-28T05:05:06.4263414+08:00 level=info msg="Executing migration" id="alerting notification permissions"
logger=migrator t=2026-06-28T05:05:06.4295354+08:00 level=info msg="Migration successfully executed" id="alerting notification permissions" duration=3.1941ms
logger=migrator t=2026-06-28T05:05:06.4379756+08:00 level=info msg="Executing migration" id="create query_history_star table v1"
logger=migrator t=2026-06-28T05:05:06.438996+08:00 level=info msg="Migration successfully executed" id="create query_history_star table v1" duration=1.0204ms
logger=migrator t=2026-06-28T05:05:06.4472115+08:00 level=info msg="Executing migration" id="add index query_history.user_id-query_uid"
logger=migrator t=2026-06-28T05:05:06.4487383+08:00 level=info msg="Migration successfully executed" id="add index query_history.user_id-query_uid" duration=1.5268ms
logger=migrator t=2026-06-28T05:05:06.455604+08:00 level=info msg="Executing migration" id="add column org_id in query_history_star"
logger=migrator t=2026-06-28T05:05:06.456639+08:00 level=info msg="Migration successfully executed" id="add column org_id in query_history_star" duration=1.035ms
logger=migrator t=2026-06-28T05:05:06.4633876+08:00 level=info msg="Executing migration" id="alter table query_history_star_mig column user_id type to bigint"
logger=migrator t=2026-06-28T05:05:06.4633876+08:00 level=info msg="Migration successfully executed" id="alter table query_history_star_mig column user_id type to bigint" duration=0s
logger=migrator t=2026-06-28T05:05:06.4694418+08:00 level=info msg="Executing migration" id="create correlation table v1"
logger=migrator t=2026-06-28T05:05:06.4694418+08:00 level=info msg="Migration successfully executed" id="create correlation table v1" duration=0s
logger=migrator t=2026-06-28T05:05:06.4794259+08:00 level=info msg="Executing migration" id="add index correlations.uid"
logger=migrator t=2026-06-28T05:05:06.4804702+08:00 level=info msg="Migration successfully executed" id="add index correlations.uid" duration=1.0443ms
logger=migrator t=2026-06-28T05:05:06.4873695+08:00 level=info msg="Executing migration" id="add index correlations.source_uid"
logger=migrator t=2026-06-28T05:05:06.4909782+08:00 level=info msg="Migration successfully executed" id="add index correlations.source_uid" duration=3.6087ms
logger=migrator t=2026-06-28T05:05:06.4984976+08:00 level=info msg="Executing migration" id="add correlation config column"
logger=migrator t=2026-06-28T05:05:06.499519+08:00 level=info msg="Migration successfully executed" id="add correlation config column" duration=2.0248ms
logger=migrator t=2026-06-28T05:05:06.5061881+08:00 level=info msg="Executing migration" id="drop index IDX_correlation_uid - v1"
logger=migrator t=2026-06-28T05:05:06.5067252+08:00 level=info msg="Migration successfully executed" id="drop index IDX_correlation_uid - v1" duration=537.1µs
logger=migrator t=2026-06-28T05:05:06.5128734+08:00 level=info msg="Executing migration" id="drop index IDX_correlation_source_uid - v1"
logger=migrator t=2026-06-28T05:05:06.5141141+08:00 level=info msg="Migration successfully executed" id="drop index IDX_correlation_source_uid - v1" duration=1.2407ms
logger=migrator t=2026-06-28T05:05:06.5202601+08:00 level=info msg="Executing migration" id="Rename table correlation to correlation_tmp_qwerty - v1"
logger=migrator t=2026-06-28T05:05:06.5255117+08:00 level=info msg="Migration successfully executed" id="Rename table correlation to correlation_tmp_qwerty - v1" duration=5.2516ms
logger=migrator t=2026-06-28T05:05:06.5316987+08:00 level=info msg="Executing migration" id="create correlation v2"
logger=migrator t=2026-06-28T05:05:06.5327016+08:00 level=info msg="Migration successfully executed" id="create correlation v2" duration=1.0029ms
logger=migrator t=2026-06-28T05:05:06.5407658+08:00 level=info msg="Executing migration" id="create index IDX_correlation_uid - v2"
logger=migrator t=2026-06-28T05:05:06.5429491+08:00 level=info msg="Migration successfully executed" id="create index IDX_correlation_uid - v2" duration=2.1833ms
logger=migrator t=2026-06-28T05:05:06.5492635+08:00 level=info msg="Executing migration" id="create index IDX_correlation_source_uid - v2"
logger=migrator t=2026-06-28T05:05:06.549767+08:00 level=info msg="Migration successfully executed" id="create index IDX_correlation_source_uid - v2" duration=503.5µs
logger=migrator t=2026-06-28T05:05:06.556276+08:00 level=info msg="Executing migration" id="create index IDX_correlation_org_id - v2"
logger=migrator t=2026-06-28T05:05:06.5567863+08:00 level=info msg="Migration successfully executed" id="create index IDX_correlation_org_id - v2" duration=510.3µs
logger=migrator t=2026-06-28T05:05:06.562958+08:00 level=info msg="Executing migration" id="copy correlation v1 to v2"
logger=migrator t=2026-06-28T05:05:06.5634719+08:00 level=info msg="Migration successfully executed" id="copy correlation v1 to v2" duration=513.9µs
logger=migrator t=2026-06-28T05:05:06.5701654+08:00 level=info msg="Executing migration" id="drop correlation_tmp_qwerty"
logger=migrator t=2026-06-28T05:05:06.5706774+08:00 level=info msg="Migration successfully executed" id="drop correlation_tmp_qwerty" duration=512µs
logger=migrator t=2026-06-28T05:05:06.5809887+08:00 level=info msg="Executing migration" id="add provisioning column"
logger=migrator t=2026-06-28T05:05:06.5825232+08:00 level=info msg="Migration successfully executed" id="add provisioning column" duration=1.5345ms
logger=migrator t=2026-06-28T05:05:06.5912016+08:00 level=info msg="Executing migration" id="add type column"
logger=migrator t=2026-06-28T05:05:06.5932799+08:00 level=info msg="Migration successfully executed" id="add type column" duration=2.0783ms
logger=migrator t=2026-06-28T05:05:06.5995043+08:00 level=info msg="Executing migration" id="create dashboard public config v1"
logger=migrator t=2026-06-28T05:05:06.6000206+08:00 level=info msg="Migration successfully executed" id="create dashboard public config v1" duration=516.3µs
logger=migrator t=2026-06-28T05:05:06.6062049+08:00 level=info msg="Executing migration" id="drop index UQE_dashboard_public_config_uid - v1"
logger=migrator t=2026-06-28T05:05:06.6062049+08:00 level=warn msg="Skipping migration: Already executed, but not recorded in migration log" id="drop index UQE_dashboard_public_config_uid - v1"
logger=migrator t=2026-06-28T05:05:06.6133645+08:00 level=info msg="Executing migration" id="drop index IDX_dashboard_public_config_org_id_dashboard_uid - v1"
logger=migrator t=2026-06-28T05:05:06.6133645+08:00 level=warn msg="Skipping migration: Already executed, but not recorded in migration log" id="drop index IDX_dashboard_public_config_org_id_dashboard_uid - v1"
logger=migrator t=2026-06-28T05:05:06.6222293+08:00 level=info msg="Executing migration" id="Drop old dashboard public config table"
logger=migrator t=2026-06-28T05:05:06.6232574+08:00 level=info msg="Migration successfully executed" id="Drop old dashboard public config table" duration=1.0281ms
logger=migrator t=2026-06-28T05:05:06.6324235+08:00 level=info msg="Executing migration" id="recreate dashboard public config v1"
logger=migrator t=2026-06-28T05:05:06.6329429+08:00 level=info msg="Migration successfully executed" id="recreate dashboard public config v1" duration=519.4µs
logger=migrator t=2026-06-28T05:05:06.6401024+08:00 level=info msg="Executing migration" id="create index UQE_dashboard_public_config_uid - v1"
logger=migrator t=2026-06-28T05:05:06.6406825+08:00 level=info msg="Migration successfully executed" id="create index UQE_dashboard_public_config_uid - v1" duration=580.1µs
logger=migrator t=2026-06-28T05:05:06.6468714+08:00 level=info msg="Executing migration" id="create index IDX_dashboard_public_config_org_id_dashboard_uid - v1"
logger=migrator t=2026-06-28T05:05:06.647916+08:00 level=info msg="Migration successfully executed" id="create index IDX_dashboard_public_config_org_id_dashboard_uid - v1" duration=1.0446ms
logger=migrator t=2026-06-28T05:05:06.6540391+08:00 level=info msg="Executing migration" id="drop index UQE_dashboard_public_config_uid - v2"
logger=migrator t=2026-06-28T05:05:06.6545567+08:00 level=info msg="Migration successfully executed" id="drop index UQE_dashboard_public_config_uid - v2" duration=517.6µs
logger=migrator t=2026-06-28T05:05:06.6614442+08:00 level=info msg="Executing migration" id="drop index IDX_dashboard_public_config_org_id_dashboard_uid - v2"
logger=migrator t=2026-06-28T05:05:06.6650221+08:00 level=info msg="Migration successfully executed" id="drop index IDX_dashboard_public_config_org_id_dashboard_uid - v2" duration=3.5779ms
logger=migrator t=2026-06-28T05:05:06.6711531+08:00 level=info msg="Executing migration" id="Drop public config table"
logger=migrator t=2026-06-28T05:05:06.6716618+08:00 level=info msg="Migration successfully executed" id="Drop public config table" duration=508.8µs
logger=migrator t=2026-06-28T05:05:06.6809131+08:00 level=info msg="Executing migration" id="Recreate dashboard public config v2"
logger=migrator t=2026-06-28T05:05:06.6814226+08:00 level=info msg="Migration successfully executed" id="Recreate dashboard public config v2" duration=509.5µs
logger=migrator t=2026-06-28T05:05:06.6881161+08:00 level=info msg="Executing migration" id="create index UQE_dashboard_public_config_uid - v2"
logger=migrator t=2026-06-28T05:05:06.689152+08:00 level=info msg="Migration successfully executed" id="create index UQE_dashboard_public_config_uid - v2" duration=1.0359ms
logger=migrator t=2026-06-28T05:05:06.6973425+08:00 level=info msg="Executing migration" id="create index IDX_dashboard_public_config_org_id_dashboard_uid - v2"
logger=migrator t=2026-06-28T05:05:06.697852+08:00 level=info msg="Migration successfully executed" id="create index IDX_dashboard_public_config_org_id_dashboard_uid - v2" duration=509.5µs
logger=migrator t=2026-06-28T05:05:06.7039992+08:00 level=info msg="Executing migration" id="create index UQE_dashboard_public_config_access_token - v2"
logger=migrator t=2026-06-28T05:05:06.705054+08:00 level=info msg="Migration successfully executed" id="create index UQE_dashboard_public_config_access_token - v2" duration=1.0548ms
logger=migrator t=2026-06-28T05:05:06.713784+08:00 level=info msg="Executing migration" id="Rename table dashboard_public_config to dashboard_public - v2"
logger=migrator t=2026-06-28T05:05:06.7148175+08:00 level=info msg="Migration successfully executed" id="Rename table dashboard_public_config to dashboard_public - v2" duration=1.0335ms
logger=migrator t=2026-06-28T05:05:06.7246366+08:00 level=info msg="Executing migration" id="add annotations_enabled column"
logger=migrator t=2026-06-28T05:05:06.7266963+08:00 level=info msg="Migration successfully executed" id="add annotations_enabled column" duration=2.0598ms
logger=migrator t=2026-06-28T05:05:06.7331854+08:00 level=info msg="Executing migration" id="add time_selection_enabled column"
logger=migrator t=2026-06-28T05:05:06.7341974+08:00 level=info msg="Migration successfully executed" id="add time_selection_enabled column" duration=1.012ms
logger=migrator t=2026-06-28T05:05:06.7409912+08:00 level=info msg="Executing migration" id="delete orphaned public dashboards"
logger=migrator t=2026-06-28T05:05:06.7415006+08:00 level=info msg="Migration successfully executed" id="delete orphaned public dashboards" duration=509.4µs
logger=migrator t=2026-06-28T05:05:06.7481359+08:00 level=info msg="Executing migration" id="add share column"
logger=migrator t=2026-06-28T05:05:06.7492082+08:00 level=info msg="Migration successfully executed" id="add share column" duration=1.0723ms
logger=migrator t=2026-06-28T05:05:06.7602171+08:00 level=info msg="Executing migration" id="backfill empty share column fields with default of public"
logger=migrator t=2026-06-28T05:05:06.7602171+08:00 level=info msg="Migration successfully executed" id="backfill empty share column fields with default of public" duration=0s
logger=migrator t=2026-06-28T05:05:06.7693378+08:00 level=info msg="Executing migration" id="create file table"
logger=migrator t=2026-06-28T05:05:06.7713939+08:00 level=info msg="Migration successfully executed" id="create file table" duration=2.0561ms
logger=migrator t=2026-06-28T05:05:06.7779668+08:00 level=info msg="Executing migration" id="file table idx: path natural pk"
logger=migrator t=2026-06-28T05:05:06.7784701+08:00 level=info msg="Migration successfully executed" id="file table idx: path natural pk" duration=503.3µs
logger=migrator t=2026-06-28T05:05:06.7852702+08:00 level=info msg="Executing migration" id="file table idx: parent_folder_path_hash fast folder retrieval"
logger=migrator t=2026-06-28T05:05:06.7857735+08:00 level=info msg="Migration successfully executed" id="file table idx: parent_folder_path_hash fast folder retrieval" duration=503.3µs
logger=migrator t=2026-06-28T05:05:06.792444+08:00 level=info msg="Executing migration" id="create file_meta table"
logger=migrator t=2026-06-28T05:05:06.7929614+08:00 level=info msg="Migration successfully executed" id="create file_meta table" duration=517.4µs
logger=migrator t=2026-06-28T05:05:06.800982+08:00 level=info msg="Executing migration" id="file table idx: path key"
logger=migrator t=2026-06-28T05:05:06.8035377+08:00 level=info msg="Migration successfully executed" id="file table idx: path key" duration=2.5557ms
logger=migrator t=2026-06-28T05:05:06.8126537+08:00 level=info msg="Executing migration" id="set path collation in file table"
logger=migrator t=2026-06-28T05:05:06.8131947+08:00 level=info msg="Migration successfully executed" id="set path collation in file table" duration=541µs
logger=migrator t=2026-06-28T05:05:06.8203762+08:00 level=info msg="Executing migration" id="migrate contents column to mediumblob for MySQL"
logger=migrator t=2026-06-28T05:05:06.8203762+08:00 level=info msg="Migration successfully executed" id="migrate contents column to mediumblob for MySQL" duration=0s
logger=migrator t=2026-06-28T05:05:06.8272197+08:00 level=info msg="Executing migration" id="drop my_row_id and add primary key to file table if my_row_id exists (auto-generated mysql column)"
logger=migrator t=2026-06-28T05:05:06.8272197+08:00 level=warn msg="Skipping migration: Already executed, but not recorded in migration log" id="drop my_row_id and add primary key to file table if my_row_id exists (auto-generated mysql column)"
logger=migrator t=2026-06-28T05:05:06.834191+08:00 level=info msg="Executing migration" id="drop file_path unique index from file table if it exists (mysql)"
logger=migrator t=2026-06-28T05:05:06.834701+08:00 level=info msg="Migration successfully executed" id="drop file_path unique index from file table if it exists (mysql)" duration=510µs
logger=migrator t=2026-06-28T05:05:06.8397645+08:00 level=info msg="Executing migration" id="add primary key to file table if it doesn't exist (mysql)"
logger=migrator t=2026-06-28T05:05:06.8397645+08:00 level=info msg="Migration successfully executed" id="add primary key to file table if it doesn't exist (mysql)" duration=0s
logger=migrator t=2026-06-28T05:05:06.8484145+08:00 level=info msg="Executing migration" id="add primary key to file table (postgres and sqlite)"
logger=migrator t=2026-06-28T05:05:06.8510198+08:00 level=info msg="Migration successfully executed" id="add primary key to file table (postgres and sqlite)" duration=2.6053ms
logger=migrator t=2026-06-28T05:05:06.8571537+08:00 level=info msg="Executing migration" id="drop my_row_id and add primary key to file_meta table if my_row_id exists (auto-generated mysql column)"
logger=migrator t=2026-06-28T05:05:06.8571537+08:00 level=warn msg="Skipping migration: Already executed, but not recorded in migration log" id="drop my_row_id and add primary key to file_meta table if my_row_id exists (auto-generated mysql column)"
logger=migrator t=2026-06-28T05:05:06.8641397+08:00 level=info msg="Executing migration" id="drop file_path unique index from file_meta table if it exists (mysql)"
logger=migrator t=2026-06-28T05:05:06.8646495+08:00 level=info msg="Migration successfully executed" id="drop file_path unique index from file_meta table if it exists (mysql)" duration=509.8µs
logger=migrator t=2026-06-28T05:05:06.8703169+08:00 level=info msg="Executing migration" id="add primary key to file_meta table if it doesn't exist (mysql)"
logger=migrator t=2026-06-28T05:05:06.8703169+08:00 level=info msg="Migration successfully executed" id="add primary key to file_meta table if it doesn't exist (mysql)" duration=0s
logger=migrator t=2026-06-28T05:05:06.8777322+08:00 level=info msg="Executing migration" id="add primary key to file_meta table (postgres and sqlite)"
logger=migrator t=2026-06-28T05:05:06.8809725+08:00 level=info msg="Migration successfully executed" id="add primary key to file_meta table (postgres and sqlite)" duration=3.2403ms
logger=migrator t=2026-06-28T05:05:06.887106+08:00 level=info msg="Executing migration" id="managed permissions migration"
logger=migrator t=2026-06-28T05:05:06.8876115+08:00 level=info msg="Migration successfully executed" id="managed permissions migration" duration=505.5µs
logger=migrator t=2026-06-28T05:05:06.8942391+08:00 level=info msg="Executing migration" id="managed folder permissions alert actions migration"
logger=migrator t=2026-06-28T05:05:06.8942391+08:00 level=info msg="Migration successfully executed" id="managed folder permissions alert actions migration" duration=0s
logger=migrator t=2026-06-28T05:05:06.9012523+08:00 level=info msg="Executing migration" id="RBAC action name migrator"
logger=migrator t=2026-06-28T05:05:06.9017583+08:00 level=info msg="Migration successfully executed" id="RBAC action name migrator" duration=506µs
logger=migrator t=2026-06-28T05:05:06.9083958+08:00 level=info msg="Executing migration" id="update group index for alert rules"
logger=migrator t=2026-06-28T05:05:06.9083958+08:00 level=info msg="Migration successfully executed" id="update group index for alert rules" duration=0s
logger=migrator t=2026-06-28T05:05:06.9148016+08:00 level=info msg="Executing migration" id="managed folder permissions alert actions repeated migration"
logger=migrator t=2026-06-28T05:05:06.9148016+08:00 level=info msg="Migration successfully executed" id="managed folder permissions alert actions repeated migration" duration=0s
logger=migrator t=2026-06-28T05:05:06.9222672+08:00 level=info msg="Executing migration" id="admin only folder/dashboard permission"
logger=migrator t=2026-06-28T05:05:06.9222672+08:00 level=info msg="Migration successfully executed" id="admin only folder/dashboard permission" duration=0s
logger=migrator t=2026-06-28T05:05:06.9299421+08:00 level=info msg="Executing migration" id="add action column to seed_assignment"
logger=migrator t=2026-06-28T05:05:06.9308729+08:00 level=info msg="Migration successfully executed" id="add action column to seed_assignment" duration=930.8µs
logger=migrator t=2026-06-28T05:05:06.9380665+08:00 level=info msg="Executing migration" id="add scope column to seed_assignment"
logger=migrator t=2026-06-28T05:05:06.939627+08:00 level=info msg="Migration successfully executed" id="add scope column to seed_assignment" duration=1.5605ms
logger=migrator t=2026-06-28T05:05:06.9460449+08:00 level=info msg="Executing migration" id="remove unique index builtin_role_role_name before nullable update"
logger=migrator t=2026-06-28T05:05:06.9466497+08:00 level=info msg="Migration successfully executed" id="remove unique index builtin_role_role_name before nullable update" duration=604.8µs
logger=migrator t=2026-06-28T05:05:06.9532883+08:00 level=info msg="Executing migration" id="update seed_assignment role_name column to nullable"
logger=migrator t=2026-06-28T05:05:06.960399+08:00 level=info msg="Migration successfully executed" id="update seed_assignment role_name column to nullable" duration=7.1107ms
logger=migrator t=2026-06-28T05:05:06.9673525+08:00 level=info msg="Executing migration" id="add unique index builtin_role_name back"
logger=migrator t=2026-06-28T05:05:06.967863+08:00 level=info msg="Migration successfully executed" id="add unique index builtin_role_name back" duration=510.5µs
logger=migrator t=2026-06-28T05:05:06.9741163+08:00 level=info msg="Executing migration" id="add unique index builtin_role_action_scope"
logger=migrator t=2026-06-28T05:05:06.9741163+08:00 level=info msg="Migration successfully executed" id="add unique index builtin_role_action_scope" duration=0s
logger=migrator t=2026-06-28T05:05:06.9799472+08:00 level=info msg="Executing migration" id="add primary key to seed_assigment"
logger=migrator t=2026-06-28T05:05:06.9823324+08:00 level=info msg="Migration successfully executed" id="add primary key to seed_assigment" duration=2.3852ms
logger=migrator t=2026-06-28T05:05:06.989352+08:00 level=info msg="Executing migration" id="add origin column to seed_assignment"
logger=migrator t=2026-06-28T05:05:06.9903835+08:00 level=info msg="Migration successfully executed" id="add origin column to seed_assignment" duration=1.0315ms
logger=migrator t=2026-06-28T05:05:06.997342+08:00 level=info msg="Executing migration" id="add origin to plugin seed_assignment"
logger=migrator t=2026-06-28T05:05:06.997342+08:00 level=info msg="Migration successfully executed" id="add origin to plugin seed_assignment" duration=0s
logger=migrator t=2026-06-28T05:05:07.004228+08:00 level=info msg="Executing migration" id="prevent seeding OnCall access"
logger=migrator t=2026-06-28T05:05:07.0048021+08:00 level=info msg="Migration successfully executed" id="prevent seeding OnCall access" duration=574.1µs
logger=migrator t=2026-06-28T05:05:07.0109417+08:00 level=info msg="Executing migration" id="managed folder permissions alert actions repeated fixed migration"
logger=migrator t=2026-06-28T05:05:07.011449+08:00 level=info msg="Migration successfully executed" id="managed folder permissions alert actions repeated fixed migration" duration=507.3µs
logger=migrator t=2026-06-28T05:05:07.0183657+08:00 level=info msg="Executing migration" id="managed folder permissions library panel actions migration"
logger=migrator t=2026-06-28T05:05:07.0183657+08:00 level=info msg="Migration successfully executed" id="managed folder permissions library panel actions migration" duration=0s
logger=migrator t=2026-06-28T05:05:07.0250859+08:00 level=info msg="Executing migration" id="migrate external alertmanagers to datsourcse"
logger=migrator t=2026-06-28T05:05:07.0256069+08:00 level=info msg="Migration successfully executed" id="migrate external alertmanagers to datsourcse" duration=521µs
logger=migrator t=2026-06-28T05:05:07.0324176+08:00 level=info msg="Executing migration" id="create folder table"
logger=migrator t=2026-06-28T05:05:07.0329346+08:00 level=info msg="Migration successfully executed" id="create folder table" duration=517µs
logger=migrator t=2026-06-28T05:05:07.039056+08:00 level=info msg="Executing migration" id="Add index for parent_uid"
logger=migrator t=2026-06-28T05:05:07.0395652+08:00 level=info msg="Migration successfully executed" id="Add index for parent_uid" duration=509.2µs
logger=migrator t=2026-06-28T05:05:07.0460566+08:00 level=info msg="Executing migration" id="Add unique index for folder.uid and folder.org_id"
logger=migrator t=2026-06-28T05:05:07.0465795+08:00 level=info msg="Migration successfully executed" id="Add unique index for folder.uid and folder.org_id" duration=522.9µs
logger=migrator t=2026-06-28T05:05:07.0532371+08:00 level=info msg="Executing migration" id="Update folder title length"
logger=migrator t=2026-06-28T05:05:07.0532371+08:00 level=info msg="Migration successfully executed" id="Update folder title length" duration=0s
logger=migrator t=2026-06-28T05:05:07.0604478+08:00 level=info msg="Executing migration" id="Add unique index for folder.title and folder.parent_uid"
logger=migrator t=2026-06-28T05:05:07.0609505+08:00 level=info msg="Migration successfully executed" id="Add unique index for folder.title and folder.parent_uid" duration=502.7µs
logger=migrator t=2026-06-28T05:05:07.066364+08:00 level=info msg="Executing migration" id="Remove unique index for folder.title and folder.parent_uid"
logger=migrator t=2026-06-28T05:05:07.066364+08:00 level=info msg="Migration successfully executed" id="Remove unique index for folder.title and folder.parent_uid" duration=0s
logger=migrator t=2026-06-28T05:05:07.0742625+08:00 level=info msg="Executing migration" id="Add unique index for title, parent_uid, and org_id"
logger=migrator t=2026-06-28T05:05:07.0747784+08:00 level=info msg="Migration successfully executed" id="Add unique index for title, parent_uid, and org_id" duration=515.9µs
logger=migrator t=2026-06-28T05:05:07.080984+08:00 level=info msg="Executing migration" id="Sync dashboard and folder table"
logger=migrator t=2026-06-28T05:05:07.0820211+08:00 level=info msg="Migration successfully executed" id="Sync dashboard and folder table" duration=1.0371ms
logger=migrator t=2026-06-28T05:05:07.0881802+08:00 level=info msg="Executing migration" id="Remove ghost folders from the folder table"
logger=migrator t=2026-06-28T05:05:07.0886888+08:00 level=info msg="Migration successfully executed" id="Remove ghost folders from the folder table" duration=508.6µs
logger=migrator t=2026-06-28T05:05:07.0953683+08:00 level=info msg="Executing migration" id="Remove unique index UQE_folder_uid_org_id"
logger=migrator t=2026-06-28T05:05:07.0958943+08:00 level=info msg="Migration successfully executed" id="Remove unique index UQE_folder_uid_org_id" duration=526µs
logger=migrator t=2026-06-28T05:05:07.1051521+08:00 level=info msg="Executing migration" id="Add unique index UQE_folder_org_id_uid"
logger=migrator t=2026-06-28T05:05:07.1056649+08:00 level=info msg="Migration successfully executed" id="Add unique index UQE_folder_org_id_uid" duration=512.8µs
logger=migrator t=2026-06-28T05:05:07.1122223+08:00 level=info msg="Executing migration" id="Remove unique index UQE_folder_title_parent_uid_org_id"
logger=migrator t=2026-06-28T05:05:07.1162071+08:00 level=info msg="Migration successfully executed" id="Remove unique index UQE_folder_title_parent_uid_org_id" duration=3.9848ms
logger=migrator t=2026-06-28T05:05:07.1223886+08:00 level=info msg="Executing migration" id="Add unique index UQE_folder_org_id_parent_uid_title"
logger=migrator t=2026-06-28T05:05:07.1229006+08:00 level=info msg="Migration successfully executed" id="Add unique index UQE_folder_org_id_parent_uid_title" duration=512µs
logger=migrator t=2026-06-28T05:05:07.1294188+08:00 level=info msg="Executing migration" id="Remove index IDX_folder_parent_uid_org_id"
logger=migrator t=2026-06-28T05:05:07.130284+08:00 level=info msg="Migration successfully executed" id="Remove index IDX_folder_parent_uid_org_id" duration=865.2µs
logger=migrator t=2026-06-28T05:05:07.1368567+08:00 level=info msg="Executing migration" id="Remove unique index UQE_folder_org_id_parent_uid_title"
logger=migrator t=2026-06-28T05:05:07.1377696+08:00 level=info msg="Migration successfully executed" id="Remove unique index UQE_folder_org_id_parent_uid_title" duration=912.9µs
logger=migrator t=2026-06-28T05:05:07.1442403+08:00 level=info msg="Executing migration" id="Add index IDX_folder_org_id_parent_uid"
logger=migrator t=2026-06-28T05:05:07.1442403+08:00 level=info msg="Migration successfully executed" id="Add index IDX_folder_org_id_parent_uid" duration=0s
logger=migrator t=2026-06-28T05:05:07.1529302+08:00 level=info msg="Executing migration" id="create anon_device table"
logger=migrator t=2026-06-28T05:05:07.155754+08:00 level=info msg="Migration successfully executed" id="create anon_device table" duration=2.8238ms
logger=migrator t=2026-06-28T05:05:07.1643841+08:00 level=info msg="Executing migration" id="add unique index anon_device.device_id"
logger=migrator t=2026-06-28T05:05:07.1654128+08:00 level=info msg="Migration successfully executed" id="add unique index anon_device.device_id" duration=1.0287ms
logger=migrator t=2026-06-28T05:05:07.1715577+08:00 level=info msg="Executing migration" id="add index anon_device.updated_at"
logger=migrator t=2026-06-28T05:05:07.1715577+08:00 level=info msg="Migration successfully executed" id="add index anon_device.updated_at" duration=0s
logger=migrator t=2026-06-28T05:05:07.1794135+08:00 level=info msg="Executing migration" id="create signing_key table"
logger=migrator t=2026-06-28T05:05:07.1799401+08:00 level=info msg="Migration successfully executed" id="create signing_key table" duration=526.6µs
logger=migrator t=2026-06-28T05:05:07.1862569+08:00 level=info msg="Executing migration" id="add unique index signing_key.key_id"
logger=migrator t=2026-06-28T05:05:07.1867595+08:00 level=info msg="Migration successfully executed" id="add unique index signing_key.key_id" duration=502.6µs
logger=migrator t=2026-06-28T05:05:07.1931398+08:00 level=info msg="Executing migration" id="set legacy alert migration status in kvstore"
logger=migrator t=2026-06-28T05:05:07.1957738+08:00 level=info msg="Migration successfully executed" id="set legacy alert migration status in kvstore" duration=2.634ms
logger=migrator t=2026-06-28T05:05:07.202217+08:00 level=info msg="Executing migration" id="migrate record of created folders during legacy migration to kvstore"
logger=migrator t=2026-06-28T05:05:07.2043067+08:00 level=info msg="Migration successfully executed" id="migrate record of created folders during legacy migration to kvstore" duration=2.0897ms
logger=migrator t=2026-06-28T05:05:07.2132158+08:00 level=info msg="Executing migration" id="Add folder_uid for dashboard"
logger=migrator t=2026-06-28T05:05:07.2142953+08:00 level=info msg="Migration successfully executed" id="Add folder_uid for dashboard" duration=1.0795ms
logger=migrator t=2026-06-28T05:05:07.2206356+08:00 level=info msg="Executing migration" id="Populate dashboard folder_uid column"
logger=migrator t=2026-06-28T05:05:07.2206356+08:00 level=info msg="Migration successfully executed" id="Populate dashboard folder_uid column" duration=0s
logger=migrator t=2026-06-28T05:05:07.227562+08:00 level=info msg="Executing migration" id="Add unique index for dashboard_org_id_folder_uid_title"
logger=migrator t=2026-06-28T05:05:07.227562+08:00 level=info msg="Migration successfully executed" id="Add unique index for dashboard_org_id_folder_uid_title" duration=0s
logger=migrator t=2026-06-28T05:05:07.2372001+08:00 level=info msg="Executing migration" id="Delete unique index for dashboard_org_id_folder_id_title"
logger=migrator t=2026-06-28T05:05:07.2397678+08:00 level=info msg="Migration successfully executed" id="Delete unique index for dashboard_org_id_folder_id_title" duration=2.5678ms
logger=migrator t=2026-06-28T05:05:07.2502183+08:00 level=info msg="Executing migration" id="Delete unique index for dashboard_org_id_folder_uid_title"
logger=migrator t=2026-06-28T05:05:07.2502183+08:00 level=info msg="Migration successfully executed" id="Delete unique index for dashboard_org_id_folder_uid_title" duration=0s
logger=migrator t=2026-06-28T05:05:07.2569488+08:00 level=info msg="Executing migration" id="Add unique index for dashboard_org_id_folder_uid_title_is_folder"
logger=migrator t=2026-06-28T05:05:07.2580259+08:00 level=info msg="Migration successfully executed" id="Add unique index for dashboard_org_id_folder_uid_title_is_folder" duration=1.0771ms
logger=migrator t=2026-06-28T05:05:07.263771+08:00 level=info msg="Executing migration" id="Restore index for dashboard_org_id_folder_id_title"
logger=migrator t=2026-06-28T05:05:07.263771+08:00 level=info msg="Migration successfully executed" id="Restore index for dashboard_org_id_folder_id_title" duration=0s
logger=migrator t=2026-06-28T05:05:07.2707678+08:00 level=info msg="Executing migration" id="Remove unique index for dashboard_org_id_folder_uid_title_is_folder"
logger=migrator t=2026-06-28T05:05:07.2717732+08:00 level=info msg="Migration successfully executed" id="Remove unique index for dashboard_org_id_folder_uid_title_is_folder" duration=1.0054ms
logger=migrator t=2026-06-28T05:05:07.2799618+08:00 level=info msg="Executing migration" id="create sso_setting table"
logger=migrator t=2026-06-28T05:05:07.2814743+08:00 level=info msg="Migration successfully executed" id="create sso_setting table" duration=1.5125ms
logger=migrator t=2026-06-28T05:05:07.2883484+08:00 level=info msg="Executing migration" id="update settings column to MEDIUMTEXT"
logger=migrator t=2026-06-28T05:05:07.290415+08:00 level=info msg="Migration successfully executed" id="update settings column to MEDIUMTEXT" duration=2.0666ms
logger=migrator t=2026-06-28T05:05:07.2981068+08:00 level=info msg="Executing migration" id="copy kvstore migration status to each org"
logger=migrator t=2026-06-28T05:05:07.2991534+08:00 level=info msg="Migration successfully executed" id="copy kvstore migration status to each org" duration=1.0466ms
logger=migrator t=2026-06-28T05:05:07.3053116+08:00 level=info msg="Executing migration" id="add back entry for orgid=0 migrated status"
logger=migrator t=2026-06-28T05:05:07.3053116+08:00 level=info msg="Migration successfully executed" id="add back entry for orgid=0 migrated status" duration=0s
logger=migrator t=2026-06-28T05:05:07.3140312+08:00 level=info msg="Executing migration" id="managed dashboard permissions annotation actions migration"
logger=migrator t=2026-06-28T05:05:07.3140312+08:00 level=info msg="Migration successfully executed" id="managed dashboard permissions annotation actions migration" duration=0s
logger=migrator t=2026-06-28T05:05:07.3232198+08:00 level=info msg="Executing migration" id="create cloud_migration table v1"
logger=migrator t=2026-06-28T05:05:07.324219+08:00 level=info msg="Migration successfully executed" id="create cloud_migration table v1" duration=999.2µs
logger=migrator t=2026-06-28T05:05:07.3302836+08:00 level=info msg="Executing migration" id="create cloud_migration_run table v1"
logger=migrator t=2026-06-28T05:05:07.3318166+08:00 level=info msg="Migration successfully executed" id="create cloud_migration_run table v1" duration=1.533ms
logger=migrator t=2026-06-28T05:05:07.342305+08:00 level=info msg="Executing migration" id="add stack_id column"
logger=migrator t=2026-06-28T05:05:07.3438625+08:00 level=info msg="Migration successfully executed" id="add stack_id column" duration=1.5575ms
logger=migrator t=2026-06-28T05:05:07.3499193+08:00 level=info msg="Executing migration" id="add region_slug column"
logger=migrator t=2026-06-28T05:05:07.3514496+08:00 level=info msg="Migration successfully executed" id="add region_slug column" duration=1.5303ms
logger=migrator t=2026-06-28T05:05:07.358128+08:00 level=info msg="Executing migration" id="add cluster_slug column"
logger=migrator t=2026-06-28T05:05:07.3596952+08:00 level=info msg="Migration successfully executed" id="add cluster_slug column" duration=1.5672ms
logger=migrator t=2026-06-28T05:05:07.3661319+08:00 level=info msg="Executing migration" id="add migration uid column"
logger=migrator t=2026-06-28T05:05:07.3671597+08:00 level=info msg="Migration successfully executed" id="add migration uid column" duration=1.0278ms
logger=migrator t=2026-06-28T05:05:07.3738808+08:00 level=info msg="Executing migration" id="Update uid column values for migration"
logger=migrator t=2026-06-28T05:05:07.3738808+08:00 level=info msg="Migration successfully executed" id="Update uid column values for migration" duration=0s
logger=migrator t=2026-06-28T05:05:07.3805755+08:00 level=info msg="Executing migration" id="Add unique index migration_uid"
logger=migrator t=2026-06-28T05:05:07.3816497+08:00 level=info msg="Migration successfully executed" id="Add unique index migration_uid" duration=1.0742ms
logger=migrator t=2026-06-28T05:05:07.3876677+08:00 level=info msg="Executing migration" id="add migration run uid column"
logger=migrator t=2026-06-28T05:05:07.3889996+08:00 level=info msg="Migration successfully executed" id="add migration run uid column" duration=1.3319ms
logger=migrator t=2026-06-28T05:05:07.3961564+08:00 level=info msg="Executing migration" id="Update uid column values for migration run"
logger=migrator t=2026-06-28T05:05:07.3961564+08:00 level=info msg="Migration successfully executed" id="Update uid column values for migration run" duration=0s
logger=migrator t=2026-06-28T05:05:07.4015804+08:00 level=info msg="Executing migration" id="Add unique index migration_run_uid"
logger=migrator t=2026-06-28T05:05:07.4031039+08:00 level=info msg="Migration successfully executed" id="Add unique index migration_run_uid" duration=1.5235ms
logger=migrator t=2026-06-28T05:05:07.409253+08:00 level=info msg="Executing migration" id="Rename table cloud_migration to cloud_migration_session_tmp_qwerty - v1"
logger=migrator t=2026-06-28T05:05:07.4118227+08:00 level=info msg="Migration successfully executed" id="Rename table cloud_migration to cloud_migration_session_tmp_qwerty - v1" duration=2.5697ms
logger=migrator t=2026-06-28T05:05:07.4182291+08:00 level=info msg="Executing migration" id="create cloud_migration_session v2"
logger=migrator t=2026-06-28T05:05:07.41874+08:00 level=info msg="Migration successfully executed" id="create cloud_migration_session v2" duration=510.9µs
logger=migrator t=2026-06-28T05:05:07.425094+08:00 level=info msg="Executing migration" id="create index UQE_cloud_migration_session_uid - v2"
logger=migrator t=2026-06-28T05:05:07.4256068+08:00 level=info msg="Migration successfully executed" id="create index UQE_cloud_migration_session_uid - v2" duration=512.8µs
logger=migrator t=2026-06-28T05:05:07.4325094+08:00 level=info msg="Executing migration" id="copy cloud_migration_session v1 to v2"
logger=migrator t=2026-06-28T05:05:07.4325094+08:00 level=info msg="Migration successfully executed" id="copy cloud_migration_session v1 to v2" duration=0s
logger=migrator t=2026-06-28T05:05:07.4392575+08:00 level=info msg="Executing migration" id="drop cloud_migration_session_tmp_qwerty"
logger=migrator t=2026-06-28T05:05:07.4392575+08:00 level=info msg="Migration successfully executed" id="drop cloud_migration_session_tmp_qwerty" duration=0s
logger=migrator t=2026-06-28T05:05:07.4466781+08:00 level=info msg="Executing migration" id="Rename table cloud_migration_run to cloud_migration_snapshot_tmp_qwerty - v1"
logger=migrator t=2026-06-28T05:05:07.4496096+08:00 level=info msg="Migration successfully executed" id="Rename table cloud_migration_run to cloud_migration_snapshot_tmp_qwerty - v1" duration=2.9315ms
logger=migrator t=2026-06-28T05:05:07.4549669+08:00 level=info msg="Executing migration" id="create cloud_migration_snapshot v2"
logger=migrator t=2026-06-28T05:05:07.4554993+08:00 level=info msg="Migration successfully executed" id="create cloud_migration_snapshot v2" duration=532.5µs
logger=migrator t=2026-06-28T05:05:07.4622298+08:00 level=info msg="Executing migration" id="create index UQE_cloud_migration_snapshot_uid - v2"
logger=migrator t=2026-06-28T05:05:07.4632509+08:00 level=info msg="Migration successfully executed" id="create index UQE_cloud_migration_snapshot_uid - v2" duration=1.0211ms
logger=migrator t=2026-06-28T05:05:07.469413+08:00 level=info msg="Executing migration" id="copy cloud_migration_snapshot v1 to v2"
logger=migrator t=2026-06-28T05:05:07.469413+08:00 level=info msg="Migration successfully executed" id="copy cloud_migration_snapshot v1 to v2" duration=0s
logger=migrator t=2026-06-28T05:05:07.4760914+08:00 level=info msg="Executing migration" id="drop cloud_migration_snapshot_tmp_qwerty"
logger=migrator t=2026-06-28T05:05:07.4766047+08:00 level=info msg="Migration successfully executed" id="drop cloud_migration_snapshot_tmp_qwerty" duration=513.3µs
logger=migrator t=2026-06-28T05:05:07.4823956+08:00 level=info msg="Executing migration" id="add snapshot upload_url column"
logger=migrator t=2026-06-28T05:05:07.4839037+08:00 level=info msg="Migration successfully executed" id="add snapshot upload_url column" duration=1.5082ms
logger=migrator t=2026-06-28T05:05:07.4907977+08:00 level=info msg="Executing migration" id="add snapshot status column"
logger=migrator t=2026-06-28T05:05:07.492304+08:00 level=info msg="Migration successfully executed" id="add snapshot status column" duration=1.5063ms
logger=migrator t=2026-06-28T05:05:07.4994068+08:00 level=info msg="Executing migration" id="add snapshot local_directory column"
logger=migrator t=2026-06-28T05:05:07.4994068+08:00 level=info msg="Migration successfully executed" id="add snapshot local_directory column" duration=0s
logger=migrator t=2026-06-28T05:05:07.5029383+08:00 level=info msg="Executing migration" id="add snapshot gms_snapshot_uid column"
logger=migrator t=2026-06-28T05:05:07.5085432+08:00 level=info msg="Migration successfully executed" id="add snapshot gms_snapshot_uid column" duration=5.6049ms
logger=migrator t=2026-06-28T05:05:07.5152879+08:00 level=info msg="Executing migration" id="add snapshot encryption_key column"
logger=migrator t=2026-06-28T05:05:07.5169452+08:00 level=info msg="Migration successfully executed" id="add snapshot encryption_key column" duration=1.6573ms
logger=migrator t=2026-06-28T05:05:07.5230938+08:00 level=info msg="Executing migration" id="add snapshot error_string column"
logger=migrator t=2026-06-28T05:05:07.5246806+08:00 level=info msg="Migration successfully executed" id="add snapshot error_string column" duration=1.5868ms
logger=migrator t=2026-06-28T05:05:07.531244+08:00 level=info msg="Executing migration" id="create cloud_migration_resource table v1"
logger=migrator t=2026-06-28T05:05:07.5317518+08:00 level=info msg="Migration successfully executed" id="create cloud_migration_resource table v1" duration=507.8µs
logger=migrator t=2026-06-28T05:05:07.5383637+08:00 level=info msg="Executing migration" id="delete cloud_migration_snapshot.result column"
logger=migrator t=2026-06-28T05:05:07.5419892+08:00 level=info msg="Migration successfully executed" id="delete cloud_migration_snapshot.result column" duration=3.6255ms
logger=migrator t=2026-06-28T05:05:07.5478986+08:00 level=info msg="Executing migration" id="add cloud_migration_resource.name column"
logger=migrator t=2026-06-28T05:05:07.5494387+08:00 level=info msg="Migration successfully executed" id="add cloud_migration_resource.name column" duration=1.5401ms
logger=migrator t=2026-06-28T05:05:07.5561024+08:00 level=info msg="Executing migration" id="add cloud_migration_resource.parent_name column"
logger=migrator t=2026-06-28T05:05:07.5576419+08:00 level=info msg="Migration successfully executed" id="add cloud_migration_resource.parent_name column" duration=1.5395ms
logger=migrator t=2026-06-28T05:05:07.5653919+08:00 level=info msg="Executing migration" id="add cloud_migration_session.org_id column"
logger=migrator t=2026-06-28T05:05:07.5664233+08:00 level=info msg="Migration successfully executed" id="add cloud_migration_session.org_id column" duration=1.0314ms
logger=migrator t=2026-06-28T05:05:07.5734057+08:00 level=info msg="Executing migration" id="add cloud_migration_resource.error_code column"
logger=migrator t=2026-06-28T05:05:07.574664+08:00 level=info msg="Migration successfully executed" id="add cloud_migration_resource.error_code column" duration=1.2583ms
logger=migrator t=2026-06-28T05:05:07.580648+08:00 level=info msg="Executing migration" id="increase resource_uid column length"
logger=migrator t=2026-06-28T05:05:07.580648+08:00 level=info msg="Migration successfully executed" id="increase resource_uid column length" duration=0s
logger=migrator t=2026-06-28T05:05:07.5877102+08:00 level=info msg="Executing migration" id="create cloud_migration_snapshot_partition table v1"
logger=migrator t=2026-06-28T05:05:07.5887183+08:00 level=info msg="Migration successfully executed" id="create cloud_migration_snapshot_partition table v1" duration=1.0081ms
logger=migrator t=2026-06-28T05:05:07.5953551+08:00 level=info msg="Executing migration" id="add cloud_migration_snapshot_partition srp_unique index"
logger=migrator t=2026-06-28T05:05:07.5959748+08:00 level=info msg="Migration successfully executed" id="add cloud_migration_snapshot_partition srp_unique index" duration=619.7µs
logger=migrator t=2026-06-28T05:05:07.6019567+08:00 level=info msg="Executing migration" id="add resource_storage_type column to cloud_migration_snapshot table"
logger=migrator t=2026-06-28T05:05:07.6034955+08:00 level=info msg="Migration successfully executed" id="add resource_storage_type column to cloud_migration_snapshot table" duration=1.5388ms
logger=migrator t=2026-06-28T05:05:07.6091241+08:00 level=info msg="Executing migration" id="add encryption_algo column to cloud_migration_snapshot table"
logger=migrator t=2026-06-28T05:05:07.6107136+08:00 level=info msg="Migration successfully executed" id="add encryption_algo column to cloud_migration_snapshot table" duration=1.5895ms
logger=migrator t=2026-06-28T05:05:07.6170317+08:00 level=info msg="Executing migration" id="add metadata column to cloud_migration_snapshot table"
logger=migrator t=2026-06-28T05:05:07.6185578+08:00 level=info msg="Migration successfully executed" id="add metadata column to cloud_migration_snapshot table" duration=1.5262ms
logger=migrator t=2026-06-28T05:05:07.6252716+08:00 level=info msg="Executing migration" id="add public_key column to cloud_migration_snapshot table"
logger=migrator t=2026-06-28T05:05:07.6297791+08:00 level=info msg="Migration successfully executed" id="add public_key column to cloud_migration_snapshot table" duration=4.5075ms
logger=migrator t=2026-06-28T05:05:07.6359466+08:00 level=info msg="Executing migration" id="drop my_row_id and add primary key with columns snapshot_uid,resource_type,partition_number to table cloud_migration_snapshot_partition if my_row_id exists (auto-generated mysql column)"
logger=migrator t=2026-06-28T05:05:07.6359466+08:00 level=warn msg="Skipping migration: Already executed, but not recorded in migration log" id="drop my_row_id and add primary key with columns snapshot_uid,resource_type,partition_number to table cloud_migration_snapshot_partition if my_row_id exists (auto-generated mysql column)"
logger=migrator t=2026-06-28T05:05:07.6455795+08:00 level=info msg="Executing migration" id="drop unique index UQE_cloud_migration_snapshot_partition_srp_unique from cloud_migration_snapshot_partition table if it exists (mysql)"
logger=migrator t=2026-06-28T05:05:07.6463321+08:00 level=info msg="Migration successfully executed" id="drop unique index UQE_cloud_migration_snapshot_partition_srp_unique from cloud_migration_snapshot_partition table if it exists (mysql)" duration=752.6µs
logger=migrator t=2026-06-28T05:05:07.6533774+08:00 level=info msg="Executing migration" id="add primary key with columns snapshot_uid,resource_type,partition_number to table cloud_migration_snapshot_partition if it doesn't exist (mysql)"
logger=migrator t=2026-06-28T05:05:07.6533774+08:00 level=info msg="Migration successfully executed" id="add primary key with columns snapshot_uid,resource_type,partition_number to table cloud_migration_snapshot_partition if it doesn't exist (mysql)" duration=0s
logger=migrator t=2026-06-28T05:05:07.6600925+08:00 level=info msg="Executing migration" id="add primary key with columns snapshot_uid,resource_type,partition_number to table cloud_migration_snapshot_partition (postgres and sqlite)"
logger=migrator t=2026-06-28T05:05:07.6626885+08:00 level=info msg="Migration successfully executed" id="add primary key with columns snapshot_uid,resource_type,partition_number to table cloud_migration_snapshot_partition (postgres and sqlite)" duration=2.596ms
logger=migrator t=2026-06-28T05:05:07.6691452+08:00 level=info msg="Executing migration" id="alter kv_store.value to longtext"
logger=migrator t=2026-06-28T05:05:07.6691452+08:00 level=info msg="Migration successfully executed" id="alter kv_store.value to longtext" duration=0s
logger=migrator t=2026-06-28T05:05:07.6784202+08:00 level=info msg="Executing migration" id="add notification_settings column to alert_rule table"
logger=migrator t=2026-06-28T05:05:07.6813513+08:00 level=info msg="Migration successfully executed" id="add notification_settings column to alert_rule table" duration=2.9311ms
logger=migrator t=2026-06-28T05:05:07.688415+08:00 level=info msg="Executing migration" id="add notification_settings column to alert_rule_version table"
logger=migrator t=2026-06-28T05:05:07.6914988+08:00 level=info msg="Migration successfully executed" id="add notification_settings column to alert_rule_version table" duration=3.0838ms
logger=migrator t=2026-06-28T05:05:07.697574+08:00 level=info msg="Executing migration" id="removing scope from alert.instances:read action migration"
logger=migrator t=2026-06-28T05:05:07.6985797+08:00 level=info msg="Migration successfully executed" id="removing scope from alert.instances:read action migration" duration=1.0057ms
logger=migrator t=2026-06-28T05:05:07.7052476+08:00 level=info msg="Executing migration" id="replacing annotations:* scope with annotations:type:organization scope"
logger=migrator t=2026-06-28T05:05:07.7052476+08:00 level=info msg="Migration successfully executed" id="replacing annotations:* scope with annotations:type:organization scope" duration=0s
logger=migrator t=2026-06-28T05:05:07.7127721+08:00 level=info msg="Executing migration" id="managed folder permissions alerting silences actions migration"
logger=migrator t=2026-06-28T05:05:07.7127721+08:00 level=info msg="Migration successfully executed" id="managed folder permissions alerting silences actions migration" duration=0s
logger=migrator t=2026-06-28T05:05:07.7222197+08:00 level=info msg="Executing migration" id="add record column to alert_rule table"
logger=migrator t=2026-06-28T05:05:07.7254611+08:00 level=info msg="Migration successfully executed" id="add record column to alert_rule table" duration=3.2414ms
logger=migrator t=2026-06-28T05:05:07.7350486+08:00 level=info msg="Executing migration" id="add record column to alert_rule_version table"
logger=migrator t=2026-06-28T05:05:07.7366514+08:00 level=info msg="Migration successfully executed" id="add record column to alert_rule_version table" duration=1.6028ms
logger=migrator t=2026-06-28T05:05:07.743298+08:00 level=info msg="Executing migration" id="add resolved_at column to alert_instance table"
logger=migrator t=2026-06-28T05:05:07.744329+08:00 level=info msg="Migration successfully executed" id="add resolved_at column to alert_instance table" duration=1.031ms
logger=migrator t=2026-06-28T05:05:07.751041+08:00 level=info msg="Executing migration" id="add last_sent_at column to alert_instance table"
logger=migrator t=2026-06-28T05:05:07.7525854+08:00 level=info msg="Migration successfully executed" id="add last_sent_at column to alert_instance table" duration=1.5444ms
logger=migrator t=2026-06-28T05:05:07.7590844+08:00 level=info msg="Executing migration" id="Add scope to alert.notifications.receivers:read and alert.notifications.receivers.secrets:read"
logger=migrator t=2026-06-28T05:05:07.7600885+08:00 level=info msg="Migration successfully executed" id="Add scope to alert.notifications.receivers:read and alert.notifications.receivers.secrets:read" duration=1.0041ms
logger=migrator t=2026-06-28T05:05:07.7696518+08:00 level=info msg="Executing migration" id="add metadata column to alert_rule table"
logger=migrator t=2026-06-28T05:05:07.7731966+08:00 level=info msg="Migration successfully executed" id="add metadata column to alert_rule table" duration=3.5448ms
logger=migrator t=2026-06-28T05:05:07.7804684+08:00 level=info msg="Executing migration" id="add metadata column to alert_rule_version table"
logger=migrator t=2026-06-28T05:05:07.7824989+08:00 level=info msg="Migration successfully executed" id="add metadata column to alert_rule_version table" duration=2.0305ms
logger=migrator t=2026-06-28T05:05:07.7891842+08:00 level=info msg="Executing migration" id="delete orphaned service account permissions"
logger=migrator t=2026-06-28T05:05:07.7891842+08:00 level=info msg="Migration successfully executed" id="delete orphaned service account permissions" duration=0s
logger=migrator t=2026-06-28T05:05:07.7959382+08:00 level=info msg="Executing migration" id="adding action set permissions"
logger=migrator t=2026-06-28T05:05:07.7966113+08:00 level=info msg="Migration successfully executed" id="adding action set permissions" duration=673.1µs
logger=migrator t=2026-06-28T05:05:07.8032775+08:00 level=info msg="Executing migration" id="adding service account action set permissions"
logger=migrator t=2026-06-28T05:05:07.803795+08:00 level=info msg="Migration successfully executed" id="adding service account action set permissions" duration=0s
logger=migrator t=2026-06-28T05:05:07.8099305+08:00 level=info msg="Executing migration" id="create user_external_session table"
logger=migrator t=2026-06-28T05:05:07.8104463+08:00 level=info msg="Migration successfully executed" id="create user_external_session table" duration=515.8µs
logger=migrator t=2026-06-28T05:05:07.8157053+08:00 level=info msg="Executing migration" id="increase name_id column length to 1024"
logger=migrator t=2026-06-28T05:05:07.8157053+08:00 level=info msg="Migration successfully executed" id="increase name_id column length to 1024" duration=0s
logger=migrator t=2026-06-28T05:05:07.8244817+08:00 level=info msg="Executing migration" id="increase session_id column length to 1024"
logger=migrator t=2026-06-28T05:05:07.8244817+08:00 level=info msg="Migration successfully executed" id="increase session_id column length to 1024" duration=0s
logger=migrator t=2026-06-28T05:05:07.8314655+08:00 level=info msg="Executing migration" id="remove scope from alert.notifications.receivers:create"
logger=migrator t=2026-06-28T05:05:07.8314655+08:00 level=info msg="Migration successfully executed" id="remove scope from alert.notifications.receivers:create" duration=0s
logger=migrator t=2026-06-28T05:05:07.8381407+08:00 level=info msg="Executing migration" id="add created_by column to alert_rule_version table"
logger=migrator t=2026-06-28T05:05:07.8392182+08:00 level=info msg="Migration successfully executed" id="add created_by column to alert_rule_version table" duration=1.0775ms
logger=migrator t=2026-06-28T05:05:07.8461524+08:00 level=info msg="Executing migration" id="add updated_by column to alert_rule table"
logger=migrator t=2026-06-28T05:05:07.8475908+08:00 level=info msg="Migration successfully executed" id="add updated_by column to alert_rule table" duration=1.4384ms
logger=migrator t=2026-06-28T05:05:07.8533333+08:00 level=info msg="Executing migration" id="add alert_rule_state table"
logger=migrator t=2026-06-28T05:05:07.8533333+08:00 level=info msg="Migration successfully executed" id="add alert_rule_state table" duration=0s
logger=migrator t=2026-06-28T05:05:07.8609147+08:00 level=info msg="Executing migration" id="add index to alert_rule_state on org_id and rule_uid columns"
logger=migrator t=2026-06-28T05:05:07.8619332+08:00 level=info msg="Migration successfully executed" id="add index to alert_rule_state on org_id and rule_uid columns" duration=1.0185ms
logger=migrator t=2026-06-28T05:05:07.8677156+08:00 level=info msg="Executing migration" id="add guid column to alert_rule table"
logger=migrator t=2026-06-28T05:05:07.8697414+08:00 level=info msg="Migration successfully executed" id="add guid column to alert_rule table" duration=2.0258ms
logger=migrator t=2026-06-28T05:05:07.8763909+08:00 level=info msg="Executing migration" id="add rule_guid column to alert_rule_version table"
logger=migrator t=2026-06-28T05:05:07.877453+08:00 level=info msg="Migration successfully executed" id="add rule_guid column to alert_rule_version table" duration=1.5756ms
logger=migrator t=2026-06-28T05:05:07.8843861+08:00 level=info msg="Executing migration" id="cleanup alert_rule_version table"
logger=migrator t=2026-06-28T05:05:07.8843861+08:00 level=info msg="Rule version record limit is not set, fallback to 100" limit=0
logger=migrator t=2026-06-28T05:05:07.8843861+08:00 level=info msg="Cleaning up table `alert_rule_version`" batchSize=50 batches=0 keepVersions=100
logger=migrator t=2026-06-28T05:05:07.8843861+08:00 level=info msg="Migration successfully executed" id="cleanup alert_rule_version table" duration=0s
logger=migrator t=2026-06-28T05:05:07.8910274+08:00 level=info msg="Executing migration" id="populate rule guid in alert rule table"
logger=migrator t=2026-06-28T05:05:07.8915307+08:00 level=info msg="Migration successfully executed" id="populate rule guid in alert rule table" duration=503.3µs
logger=migrator t=2026-06-28T05:05:07.8981673+08:00 level=info msg="Executing migration" id="drop index in alert_rule_version table on rule_org_id, rule_uid and version columns"
logger=migrator t=2026-06-28T05:05:07.898674+08:00 level=info msg="Migration successfully executed" id="drop index in alert_rule_version table on rule_org_id, rule_uid and version columns" duration=506.7µs
logger=migrator t=2026-06-28T05:05:07.9053332+08:00 level=info msg="Executing migration" id="add index in alert_rule_version table on rule_org_id, rule_uid, rule_guid and version columns"
logger=migrator t=2026-06-28T05:05:07.9058645+08:00 level=info msg="Migration successfully executed" id="add index in alert_rule_version table on rule_org_id, rule_uid, rule_guid and version columns" duration=531.3µs
logger=migrator t=2026-06-28T05:05:07.9125197+08:00 level=info msg="Executing migration" id="add index in alert_rule_version table on rule_guid and version columns"
logger=migrator t=2026-06-28T05:05:07.9131031+08:00 level=info msg="Migration successfully executed" id="add index in alert_rule_version table on rule_guid and version columns" duration=583.4µs
logger=migrator t=2026-06-28T05:05:07.919275+08:00 level=info msg="Executing migration" id="add index in alert_rule table on guid columns"
logger=migrator t=2026-06-28T05:05:07.9197869+08:00 level=info msg="Migration successfully executed" id="add index in alert_rule table on guid columns" duration=511.9µs
logger=migrator t=2026-06-28T05:05:07.9254064+08:00 level=info msg="Executing migration" id="add keep_firing_for column to alert_rule"
logger=migrator t=2026-06-28T05:05:07.9267683+08:00 level=info msg="Migration successfully executed" id="add keep_firing_for column to alert_rule" duration=1.3619ms
logger=migrator t=2026-06-28T05:05:07.9342068+08:00 level=info msg="Executing migration" id="add keep_firing_for column to alert_rule_version"
logger=migrator t=2026-06-28T05:05:07.9353205+08:00 level=info msg="Migration successfully executed" id="add keep_firing_for column to alert_rule_version" duration=1.1137ms
logger=migrator t=2026-06-28T05:05:07.942005+08:00 level=info msg="Executing migration" id="add missing_series_evals_to_resolve column to alert_rule"
logger=migrator t=2026-06-28T05:05:07.9435427+08:00 level=info msg="Migration successfully executed" id="add missing_series_evals_to_resolve column to alert_rule" duration=1.5377ms
logger=migrator t=2026-06-28T05:05:07.9502939+08:00 level=info msg="Executing migration" id="add missing_series_evals_to_resolve column to alert_rule_version"
logger=migrator t=2026-06-28T05:05:07.9515235+08:00 level=info msg="Migration successfully executed" id="add missing_series_evals_to_resolve column to alert_rule_version" duration=1.2296ms
logger=migrator t=2026-06-28T05:05:07.9582264+08:00 level=info msg="Executing migration" id="remove the datasources:drilldown action"
logger=migrator t=2026-06-28T05:05:07.9582264+08:00 level=info msg="Removed 0 datasources:drilldown permissions"
logger=migrator t=2026-06-28T05:05:07.9587323+08:00 level=info msg="Migration successfully executed" id="remove the datasources:drilldown action" duration=505.9µs
logger=migrator t=2026-06-28T05:05:07.9642955+08:00 level=info msg="Executing migration" id="remove title in folder unique index"
logger=migrator t=2026-06-28T05:05:07.9658143+08:00 level=info msg="Migration successfully executed" id="remove title in folder unique index" duration=1.5188ms
logger=migrator t=2026-06-28T05:05:07.971526+08:00 level=info msg="Executing migration" id="add fired_at column to alert_instance table"
logger=migrator t=2026-06-28T05:05:07.9735417+08:00 level=info msg="Migration successfully executed" id="add fired_at column to alert_instance table" duration=2.0157ms
logger=migrator t=2026-06-28T05:05:07.9803184+08:00 level=info msg="Executing migration" id="ensure rule_group column is case sensitive in returned results"
logger=migrator t=2026-06-28T05:05:07.9803184+08:00 level=info msg="Migration successfully executed" id="ensure rule_group column is case sensitive in returned results" duration=0s
logger=migrator t=2026-06-28T05:05:07.9862939+08:00 level=info msg="Executing migration" id="expand created_by in alert_rule_version table"
logger=migrator t=2026-06-28T05:05:07.9862939+08:00 level=info msg="Migration successfully executed" id="expand created_by in alert_rule_version table" duration=0s
logger=migrator t=2026-06-28T05:05:07.993226+08:00 level=info msg="Executing migration" id="expand updated_by in alert_rule table"
logger=migrator t=2026-06-28T05:05:07.9947927+08:00 level=info msg="Migration successfully executed" id="expand updated_by in alert_rule table" duration=1.5667ms
logger=migrator t=2026-06-28T05:05:08.0003167+08:00 level=info msg="Executing migration" id="add index in alert_rule on org_id, namespace_uid, rule_group and rule_group_idx columns"
logger=migrator t=2026-06-28T05:05:08.0003167+08:00 level=info msg="Migration successfully executed" id="add index in alert_rule on org_id, namespace_uid, rule_group and rule_group_idx columns" duration=0s
logger=migrator t=2026-06-28T05:05:08.0082513+08:00 level=info msg="Executing migration" id="add annotations column to alert_instance table"
logger=migrator t=2026-06-28T05:05:08.0092781+08:00 level=info msg="Migration successfully executed" id="add annotations column to alert_instance table" duration=1.0268ms
logger=migrator t=2026-06-28T05:05:08.0163045+08:00 level=info msg="Executing migration" id="ensure namespace_uid column sorts the same way as golang"
logger=migrator t=2026-06-28T05:05:08.0163045+08:00 level=info msg="Migration successfully executed" id="ensure namespace_uid column sorts the same way as golang" duration=0s
logger=migrator t=2026-06-28T05:05:08.0230347+08:00 level=info msg="Executing migration" id="ensure rule_group column sorts the same way as golang"
logger=migrator t=2026-06-28T05:05:08.0230347+08:00 level=info msg="Migration successfully executed" id="ensure rule_group column sorts the same way as golang" duration=0s
logger=migrator t=2026-06-28T05:05:08.0299691+08:00 level=info msg="Executing migration" id="add 'alert.notifications.receivers.protected:write' to receiver admins"
logger=migrator t=2026-06-28T05:05:08.0304863+08:00 level=info msg="Migration successfully executed" id="add 'alert.notifications.receivers.protected:write' to receiver admins" duration=517.2µs
logger=migrator t=2026-06-28T05:05:08.0372139+08:00 level=info msg="Executing migration" id="add evaluation_duration_ns column to alert_instance table"
logger=migrator t=2026-06-28T05:05:08.0387232+08:00 level=info msg="Migration successfully executed" id="add evaluation_duration_ns column to alert_instance table" duration=1.5093ms
logger=migrator t=2026-06-28T05:05:08.0439811+08:00 level=info msg="Executing migration" id="add last_error column to alert_instance table"
logger=migrator t=2026-06-28T05:05:08.0466123+08:00 level=info msg="Migration successfully executed" id="add last_error column to alert_instance table" duration=2.6312ms
logger=migrator t=2026-06-28T05:05:08.0517515+08:00 level=info msg="Executing migration" id="add last_result column to alert_instance table"
logger=migrator t=2026-06-28T05:05:08.0545115+08:00 level=info msg="Migration successfully executed" id="add last_result column to alert_instance table" duration=2.76ms
logger=migrator t=2026-06-28T05:05:08.061435+08:00 level=info msg="Executing migration" id="add 'alert.notifications.receivers.test:create' to managed roles"
logger=migrator t=2026-06-28T05:05:08.061435+08:00 level=info msg="Migration successfully executed" id="add 'alert.notifications.receivers.test:create' to managed roles" duration=0s
logger=migrator t=2026-06-28T05:05:08.0712606+08:00 level=info msg="Executing migration" id="add folder_fullpath column to alert_rule"
logger=migrator t=2026-06-28T05:05:08.0745788+08:00 level=info msg="Migration successfully executed" id="add folder_fullpath column to alert_rule" duration=3.3182ms
logger=migrator t=2026-06-28T05:05:08.0837999+08:00 level=info msg="Executing migration" id="add index on folder_fullpath in alert_rule"
logger=migrator t=2026-06-28T05:05:08.0843144+08:00 level=info msg="Migration successfully executed" id="add index on folder_fullpath in alert_rule" duration=514.5µs
logger=migrator t=2026-06-28T05:05:08.0909821+08:00 level=info msg="Executing migration" id="add alert_routing column to alert_rule table"
logger=migrator t=2026-06-28T05:05:08.0925715+08:00 level=info msg="Migration successfully executed" id="add alert_routing column to alert_rule table" duration=1.5894ms
logger=migrator t=2026-06-28T05:05:08.0993609+08:00 level=info msg="Executing migration" id="add alert_routing column to alert_rule_version table"
logger=migrator t=2026-06-28T05:05:08.0993609+08:00 level=info msg="Migration successfully executed" id="add alert_routing column to alert_rule_version table" duration=0s
logger=migrator t=2026-06-28T05:05:08.1073988+08:00 level=info msg="Executing migration" id="grant basic roles access to default notification policy"
logger=migrator t=2026-06-28T05:05:08.1073988+08:00 level=info msg="No managed roles found for editor/viewer, skipping default notification policy permissions"
logger=migrator t=2026-06-28T05:05:08.1073988+08:00 level=info msg="Migration successfully executed" id="grant basic roles access to default notification policy" duration=0s
logger=migrator t=2026-06-28T05:05:08.1162383+08:00 level=info msg="migrations completed" performed=713 skipped=0 duration=5.6780532s
logger=migrator t=2026-06-28T05:05:08.1172606+08:00 level=info msg="Unlocking database"
logger=sqlstore t=2026-06-28T05:05:08.1213633+08:00 level=info msg="Created default admin" user=admin
logger=sqlstore t=2026-06-28T05:05:08.1218821+08:00 level=info msg="Created default organization"
logger=secrets t=2026-06-28T05:05:08.1308342+08:00 level=info msg="Envelope encryption state" currentprovider=secretKey.v1
logger=plugin.angulardetectorsprovider.dynamic t=2026-06-28T05:05:08.1566777+08:00 level=info msg="Restored cache from database" duration=0s
logger=resource-db t=2026-06-28T05:05:08.1601913+08:00 level=info msg="Using database section" db_type=sqlite3
logger=accesscontrol.service t=2026-06-28T05:05:08.160694+08:00 level=info msg="Starting migration to remove deprecated permissions" migration=removeDeprecatedPermissions
logger=accesscontrol.service t=2026-06-28T05:05:08.1616973+08:00 level=info msg="Completed migration to remove deprecated permissions" migration=removeDeprecatedPermissions totalRemoved=0 duration=1.0033ms
logger=plugin.store t=2026-06-28T05:05:08.1849537+08:00 level=info msg="Loading plugins..."
logger=plugins.registration t=2026-06-28T05:05:09.874743+08:00 level=info msg="Plugin registered" pluginId=elasticsearch
logger=plugins.registration t=2026-06-28T05:05:10.1855501+08:00 level=info msg="Plugin registered" pluginId=zipkin
logger=plugin.store t=2026-06-28T05:05:10.1860862+08:00 level=info msg="Plugins loaded" count=52 duration=2.00114s
logger=secret-migrator t=2026-06-28T05:05:10.1871287+08:00 level=info msg="Locking database"
logger=secret-migrator t=2026-06-28T05:05:10.1892343+08:00 level=info msg="Starting DB migrations"
logger=secret-migrator t=2026-06-28T05:05:10.1918312+08:00 level=info msg="Executing migration" id="create secret_migration_log table"
logger=secret-migrator t=2026-06-28T05:05:10.192881+08:00 level=info msg="Migration successfully executed" id="create secret_migration_log table" duration=1.0498ms
logger=secret-migrator t=2026-06-28T05:05:10.2021336+08:00 level=info msg="Executing migration" id="Initialize secrets tables"
logger=secret-migrator t=2026-06-28T05:05:10.2021336+08:00 level=info msg="Migration successfully executed" id="Initialize secrets tables" duration=0s
logger=secret-migrator t=2026-06-28T05:05:10.2093712+08:00 level=info msg="Executing migration" id="drop table secret_secure_value"
logger=secret-migrator t=2026-06-28T05:05:10.2093712+08:00 level=info msg="Migration successfully executed" id="drop table secret_secure_value" duration=0s
logger=secret-migrator t=2026-06-28T05:05:10.2163823+08:00 level=info msg="Executing migration" id="create table secret_secure_value"
logger=secret-migrator t=2026-06-28T05:05:10.2169034+08:00 level=info msg="Migration successfully executed" id="create table secret_secure_value" duration=521.1µs
logger=secret-migrator t=2026-06-28T05:05:10.2231945+08:00 level=info msg="Executing migration" id="create table secret_secure_value, index: 0"
logger=secret-migrator t=2026-06-28T05:05:10.2273993+08:00 level=info msg="Migration successfully executed" id="create table secret_secure_value, index: 0" duration=4.2048ms
logger=secret-migrator t=2026-06-28T05:05:10.2341694+08:00 level=info msg="Executing migration" id="create table secret_secure_value, index: 1"
logger=secret-migrator t=2026-06-28T05:05:10.2382781+08:00 level=info msg="Migration successfully executed" id="create table secret_secure_value, index: 1" duration=4.1087ms
logger=secret-migrator t=2026-06-28T05:05:10.243917+08:00 level=info msg="Executing migration" id="drop table secret_keeper"
logger=secret-migrator t=2026-06-28T05:05:10.244509+08:00 level=info msg="Migration successfully executed" id="drop table secret_keeper" duration=592µs
logger=secret-migrator t=2026-06-28T05:05:10.2509718+08:00 level=info msg="Executing migration" id="create table secret_keeper"
logger=secret-migrator t=2026-06-28T05:05:10.252021+08:00 level=info msg="Migration successfully executed" id="create table secret_keeper" duration=1.0492ms
logger=secret-migrator t=2026-06-28T05:05:10.2582523+08:00 level=info msg="Executing migration" id="create table secret_keeper, index: 0"
logger=secret-migrator t=2026-06-28T05:05:10.2587671+08:00 level=info msg="Migration successfully executed" id="create table secret_keeper, index: 0" duration=514.8µs
logger=secret-migrator t=2026-06-28T05:05:10.2649498+08:00 level=info msg="Executing migration" id="drop table secret_data_key"
logger=secret-migrator t=2026-06-28T05:05:10.2654653+08:00 level=info msg="Migration successfully executed" id="drop table secret_data_key" duration=515.5µs
logger=secret-migrator t=2026-06-28T05:05:10.2752393+08:00 level=info msg="Executing migration" id="create table secret_data_key"
logger=secret-migrator t=2026-06-28T05:05:10.2757569+08:00 level=info msg="Migration successfully executed" id="create table secret_data_key" duration=517.6µs
logger=secret-migrator t=2026-06-28T05:05:10.2844159+08:00 level=info msg="Executing migration" id="drop table secret_encrypted_value"
logger=secret-migrator t=2026-06-28T05:05:10.2859468+08:00 level=info msg="Migration successfully executed" id="drop table secret_encrypted_value" duration=1.5309ms
logger=secret-migrator t=2026-06-28T05:05:10.2931489+08:00 level=info msg="Executing migration" id="create table secret_encrypted_value"
logger=secret-migrator t=2026-06-28T05:05:10.2936633+08:00 level=info msg="Migration successfully executed" id="create table secret_encrypted_value" duration=514.5µs
logger=secret-migrator t=2026-06-28T05:05:10.3003867+08:00 level=info msg="Executing migration" id="create table secret_encrypted_value, index: 0"
logger=secret-migrator t=2026-06-28T05:05:10.3003867+08:00 level=info msg="Migration successfully executed" id="create table secret_encrypted_value, index: 0" duration=0s
logger=secret-migrator t=2026-06-28T05:05:10.3066912+08:00 level=info msg="Executing migration" id="create index for list on secret_secure_value"
logger=secret-migrator t=2026-06-28T05:05:10.3076916+08:00 level=info msg="Migration successfully executed" id="create index for list on secret_secure_value" duration=1.0004ms
logger=secret-migrator t=2026-06-28T05:05:10.3157699+08:00 level=info msg="Executing migration" id="create index for list and read current on secret_data_key"
logger=secret-migrator t=2026-06-28T05:05:10.3177787+08:00 level=info msg="Migration successfully executed" id="create index for list and read current on secret_data_key" duration=2.0088ms
logger=secret-migrator t=2026-06-28T05:05:10.3262591+08:00 level=info msg="Executing migration" id="add owner_reference_api_group column to secret_secure_value"
logger=secret-migrator t=2026-06-28T05:05:10.3293601+08:00 level=info msg="Migration successfully executed" id="add owner_reference_api_group column to secret_secure_value" duration=3.101ms
logger=secret-migrator t=2026-06-28T05:05:10.3361522+08:00 level=info msg="Executing migration" id="add owner_reference_api_version column to secret_secure_value"
logger=secret-migrator t=2026-06-28T05:05:10.3377275+08:00 level=info msg="Migration successfully executed" id="add owner_reference_api_version column to secret_secure_value" duration=1.5753ms
logger=secret-migrator t=2026-06-28T05:05:10.344033+08:00 level=info msg="Executing migration" id="add owner_reference_kind column to secret_secure_value"
logger=secret-migrator t=2026-06-28T05:05:10.3460973+08:00 level=info msg="Migration successfully executed" id="add owner_reference_kind column to secret_secure_value" duration=2.0643ms
logger=secret-migrator t=2026-06-28T05:05:10.3519341+08:00 level=info msg="Executing migration" id="add owner_reference_name column to secret_secure_value"
logger=secret-migrator t=2026-06-28T05:05:10.3534426+08:00 level=info msg="Migration successfully executed" id="add owner_reference_name column to secret_secure_value" duration=1.5085ms
logger=secret-migrator t=2026-06-28T05:05:10.3629872+08:00 level=info msg="Executing migration" id="add lease_token column to secret_secure_value"
logger=secret-migrator t=2026-06-28T05:05:10.3648816+08:00 level=info msg="Migration successfully executed" id="add lease_token column to secret_secure_value" duration=1.8944ms
logger=secret-migrator t=2026-06-28T05:05:10.3739904+08:00 level=info msg="Executing migration" id="add lease_token index to secret_secure_value"
logger=secret-migrator t=2026-06-28T05:05:10.3744923+08:00 level=info msg="Migration successfully executed" id="add lease_token index to secret_secure_value" duration=502µs
logger=secret-migrator t=2026-06-28T05:05:10.3809548+08:00 level=info msg="Executing migration" id="add lease_created column to secret_secure_value"
logger=secret-migrator t=2026-06-28T05:05:10.3824771+08:00 level=info msg="Migration successfully executed" id="add lease_created column to secret_secure_value" duration=1.5223ms
logger=secret-migrator t=2026-06-28T05:05:10.3894145+08:00 level=info msg="Executing migration" id="add lease_created index to secret_secure_value"
logger=secret-migrator t=2026-06-28T05:05:10.389952+08:00 level=info msg="Migration successfully executed" id="add lease_created index to secret_secure_value" duration=537.5µs
logger=secret-migrator t=2026-06-28T05:05:10.3960303+08:00 level=info msg="Executing migration" id="add data_key_id column to secret_encrypted_value"
logger=secret-migrator t=2026-06-28T05:05:10.3975618+08:00 level=info msg="Migration successfully executed" id="add data_key_id column to secret_encrypted_value" duration=1.5315ms
logger=secret-migrator t=2026-06-28T05:05:10.4061785+08:00 level=info msg="Executing migration" id="add data_key_id index to secret_encrypted_value"
logger=secret-migrator t=2026-06-28T05:05:10.4081877+08:00 level=info msg="Migration successfully executed" id="add data_key_id index to secret_encrypted_value" duration=2.0092ms
logger=secret-migrator t=2026-06-28T05:05:10.4193305+08:00 level=info msg="Executing migration" id="add active column to secret_keeper"
logger=secret-migrator t=2026-06-28T05:05:10.4208611+08:00 level=info msg="Migration successfully executed" id="add active column to secret_keeper" duration=1.5306ms
logger=secret-migrator t=2026-06-28T05:05:10.4270567+08:00 level=info msg="Executing migration" id="add active column index to secret_keeper"
logger=secret-migrator t=2026-06-28T05:05:10.4280947+08:00 level=info msg="Migration successfully executed" id="add active column index to secret_keeper" duration=1.038ms
logger=secret-migrator t=2026-06-28T05:05:10.4341249+08:00 level=info msg="Executing migration" id="set secret_secure_value.keeper to 'system' where keeper is null in secret_secure_value"
logger=secret-migrator t=2026-06-28T05:05:10.4346366+08:00 level=info msg="Migration successfully executed" id="set secret_secure_value.keeper to 'system' where keeper is null in secret_secure_value" duration=511.7µs
logger=secret-migrator t=2026-06-28T05:05:10.4407596+08:00 level=info msg="Executing migration" id="drop my_row_id and add primary key with columns namespace,name,version to table secret_encrypted_value if my_row_id exists (auto-generated mysql column)"
logger=secret-migrator t=2026-06-28T05:05:10.4432483+08:00 level=warn msg="Skipping migration: Already executed, but not recorded in migration log" id="drop my_row_id and add primary key with columns namespace,name,version to table secret_encrypted_value if my_row_id exists (auto-generated mysql column)"
logger=secret-migrator t=2026-06-28T05:05:10.4521878+08:00 level=info msg="Executing migration" id="drop unique index UQE_secret_encrypted_value_namespace_name_version from secret_encrypted_value table if it exists (mysql)"
logger=secret-migrator t=2026-06-28T05:05:10.4521878+08:00 level=info msg="Migration successfully executed" id="drop unique index UQE_secret_encrypted_value_namespace_name_version from secret_encrypted_value table if it exists (mysql)" duration=0s
logger=secret-migrator t=2026-06-28T05:05:10.4630516+08:00 level=info msg="Executing migration" id="add primary key with columns namespace,name,version to table secret_encrypted_value if it doesn't exist (mysql)"
logger=secret-migrator t=2026-06-28T05:05:10.4635656+08:00 level=info msg="Migration successfully executed" id="add primary key with columns namespace,name,version to table secret_encrypted_value if it doesn't exist (mysql)" duration=514µs
logger=secret-migrator t=2026-06-28T05:05:10.4702465+08:00 level=info msg="Executing migration" id="add primary key with columns namespace,name,version to table secret_encrypted_value (postgres and sqlite)"
logger=secret-migrator t=2026-06-28T05:05:10.4739162+08:00 level=info msg="Migration successfully executed" id="add primary key with columns namespace,name,version to table secret_encrypted_value (postgres and sqlite)" duration=3.6697ms
logger=secret-migrator t=2026-06-28T05:05:10.4799492+08:00 level=info msg="Executing migration" id="add gc_attempts to secret_secure_value table"
logger=secret-migrator t=2026-06-28T05:05:10.4814611+08:00 level=info msg="Migration successfully executed" id="add gc_attempts to secret_secure_value table" duration=1.5119ms
logger=secret-migrator t=2026-06-28T05:05:10.4903803+08:00 level=info msg="Executing migration" id="add lease_duration to secret_secure_value table"
logger=secret-migrator t=2026-06-28T05:05:10.4919315+08:00 level=info msg="Migration successfully executed" id="add lease_duration to secret_secure_value table" duration=1.5512ms
logger=secret-migrator t=2026-06-28T05:05:10.4981307+08:00 level=info msg="migrations completed" performed=35 skipped=0 duration=306.3006ms
logger=secret-migrator t=2026-06-28T05:05:10.4986461+08:00 level=info msg="Unlocking database"
logger=resource-db t=2026-06-28T05:05:10.5007477+08:00 level=info msg="Initializing Resource DB" db_type=sqlite3 open_conn=0 in_use_conn=0 idle_conn=0 max_open_conn=0
logger=resource-migrator t=2026-06-28T05:05:10.5022963+08:00 level=info msg="Locking database"
logger=resource-migrator t=2026-06-28T05:05:10.5033153+08:00 level=info msg="Starting DB migrations"
logger=resource-migrator t=2026-06-28T05:05:10.5043501+08:00 level=info msg="Executing migration" id="create resource_migration_log table"
logger=resource-migrator t=2026-06-28T05:05:10.5048625+08:00 level=info msg="Migration successfully executed" id="create resource_migration_log table" duration=512.4µs
logger=resource-migrator t=2026-06-28T05:05:10.5110396+08:00 level=info msg="Executing migration" id="Initialize resource tables"
logger=resource-migrator t=2026-06-28T05:05:10.5110396+08:00 level=info msg="Migration successfully executed" id="Initialize resource tables" duration=0s
logger=resource-migrator t=2026-06-28T05:05:10.5183332+08:00 level=info msg="Executing migration" id="drop table resource"
logger=resource-migrator t=2026-06-28T05:05:10.5183332+08:00 level=info msg="Migration successfully executed" id="drop table resource" duration=0s
logger=resource-migrator t=2026-06-28T05:05:10.5252145+08:00 level=info msg="Executing migration" id="create table resource"
logger=resource-migrator t=2026-06-28T05:05:10.5257176+08:00 level=info msg="Migration successfully executed" id="create table resource" duration=503.1µs
logger=resource-migrator t=2026-06-28T05:05:10.5342594+08:00 level=info msg="Executing migration" id="create table resource, index: 0"
logger=resource-migrator t=2026-06-28T05:05:10.5352769+08:00 level=info msg="Migration successfully executed" id="create table resource, index: 0" duration=1.0175ms
logger=resource-migrator t=2026-06-28T05:05:10.5420053+08:00 level=info msg="Executing migration" id="drop table resource_history"
logger=resource-migrator t=2026-06-28T05:05:10.5440616+08:00 level=info msg="Migration successfully executed" id="drop table resource_history" duration=2.0563ms
logger=resource-migrator t=2026-06-28T05:05:10.5532899+08:00 level=info msg="Executing migration" id="create table resource_history"
logger=resource-migrator t=2026-06-28T05:05:10.5538094+08:00 level=info msg="Migration successfully executed" id="create table resource_history" duration=519.5µs
logger=resource-migrator t=2026-06-28T05:05:10.5602999+08:00 level=info msg="Executing migration" id="create table resource_history, index: 0"
logger=resource-migrator t=2026-06-28T05:05:10.5602999+08:00 level=info msg="Migration successfully executed" id="create table resource_history, index: 0" duration=0s
logger=resource-migrator t=2026-06-28T05:05:10.5693982+08:00 level=info msg="Executing migration" id="create table resource_history, index: 1"
logger=resource-migrator t=2026-06-28T05:05:10.5699082+08:00 level=info msg="Migration successfully executed" id="create table resource_history, index: 1" duration=510µs
logger=resource-migrator t=2026-06-28T05:05:10.5760516+08:00 level=info msg="Executing migration" id="drop table resource_version"
logger=resource-migrator t=2026-06-28T05:05:10.5760516+08:00 level=info msg="Migration successfully executed" id="drop table resource_version" duration=0s
logger=resource-migrator t=2026-06-28T05:05:10.5860773+08:00 level=info msg="Executing migration" id="create table resource_version"
logger=resource-migrator t=2026-06-28T05:05:10.5865897+08:00 level=info msg="Migration successfully executed" id="create table resource_version" duration=512.4µs
logger=resource-migrator t=2026-06-28T05:05:10.5948564+08:00 level=info msg="Executing migration" id="create table resource_version, index: 0"
logger=resource-migrator t=2026-06-28T05:05:10.5967785+08:00 level=info msg="Migration successfully executed" id="create table resource_version, index: 0" duration=1.9221ms
logger=resource-migrator t=2026-06-28T05:05:10.6030247+08:00 level=info msg="Executing migration" id="drop table resource_blob"
logger=resource-migrator t=2026-06-28T05:05:10.6030247+08:00 level=info msg="Migration successfully executed" id="drop table resource_blob" duration=0s
logger=resource-migrator t=2026-06-28T05:05:10.6104296+08:00 level=info msg="Executing migration" id="create table resource_blob"
logger=resource-migrator t=2026-06-28T05:05:10.6109456+08:00 level=info msg="Migration successfully executed" id="create table resource_blob" duration=516µs
logger=resource-migrator t=2026-06-28T05:05:10.6174008+08:00 level=info msg="Executing migration" id="create table resource_blob, index: 0"
logger=resource-migrator t=2026-06-28T05:05:10.6179382+08:00 level=info msg="Migration successfully executed" id="create table resource_blob, index: 0" duration=537.5µs
logger=resource-migrator t=2026-06-28T05:05:10.6262576+08:00 level=info msg="Executing migration" id="create table resource_blob, index: 1"
logger=resource-migrator t=2026-06-28T05:05:10.6272804+08:00 level=info msg="Migration successfully executed" id="create table resource_blob, index: 1" duration=1.0228ms
logger=resource-migrator t=2026-06-28T05:05:10.6338537+08:00 level=info msg="Executing migration" id="drop table resource_last_import_time"
logger=resource-migrator t=2026-06-28T05:05:10.6338537+08:00 level=info msg="Migration successfully executed" id="drop table resource_last_import_time" duration=0s
logger=resource-migrator t=2026-06-28T05:05:10.6440719+08:00 level=info msg="Executing migration" id="create table resource_last_import_time"
logger=resource-migrator t=2026-06-28T05:05:10.6460565+08:00 level=info msg="Migration successfully executed" id="create table resource_last_import_time" duration=1.9847ms
logger=resource-migrator t=2026-06-28T05:05:10.6514104+08:00 level=info msg="Executing migration" id="Add column previous_resource_version in resource_history"
logger=resource-migrator t=2026-06-28T05:05:10.6542255+08:00 level=info msg="Migration successfully executed" id="Add column previous_resource_version in resource_history" duration=2.8151ms
logger=resource-migrator t=2026-06-28T05:05:10.6602521+08:00 level=info msg="Executing migration" id="Add column previous_resource_version in resource"
logger=resource-migrator t=2026-06-28T05:05:10.6617948+08:00 level=info msg="Migration successfully executed" id="Add column previous_resource_version in resource" duration=1.5427ms
logger=resource-migrator t=2026-06-28T05:05:10.666569+08:00 level=info msg="Executing migration" id="Add index to resource_history for polling"
logger=resource-migrator t=2026-06-28T05:05:10.670395+08:00 level=info msg="Migration successfully executed" id="Add index to resource_history for polling" duration=3.826ms
logger=resource-migrator t=2026-06-28T05:05:10.6801252+08:00 level=info msg="Executing migration" id="Add index to resource for loading"
logger=resource-migrator t=2026-06-28T05:05:10.6832956+08:00 level=info msg="Migration successfully executed" id="Add index to resource for loading" duration=3.1704ms
logger=resource-migrator t=2026-06-28T05:05:10.6941553+08:00 level=info msg="Executing migration" id="Add column folder in resource_history"
logger=resource-migrator t=2026-06-28T05:05:10.6980984+08:00 level=info msg="Migration successfully executed" id="Add column folder in resource_history" duration=3.9431ms
logger=resource-migrator t=2026-06-28T05:05:10.705391+08:00 level=info msg="Executing migration" id="Add column folder in resource"
logger=resource-migrator t=2026-06-28T05:05:10.7069579+08:00 level=info msg="Migration successfully executed" id="Add column folder in resource" duration=1.5669ms
logger=resource-migrator t=2026-06-28T05:05:10.7133068+08:00 level=info msg="Executing migration" id="Migrate DeletionMarkers to real Resource objects"
logger=deletion-marker-migrator t=2026-06-28T05:05:10.7133068+08:00 level=info msg="finding any deletion markers"
logger=resource-migrator t=2026-06-28T05:05:10.71382+08:00 level=info msg="Migration successfully executed" id="Migrate DeletionMarkers to real Resource objects" duration=513.2µs
logger=resource-migrator t=2026-06-28T05:05:10.7214925+08:00 level=info msg="Executing migration" id="Add index to resource_history for get trash"
logger=resource-migrator t=2026-06-28T05:05:10.7235999+08:00 level=info msg="Migration successfully executed" id="Add index to resource_history for get trash" duration=2.1074ms
logger=resource-migrator t=2026-06-28T05:05:10.732405+08:00 level=info msg="Executing migration" id="Add generation to resource history"
logger=resource-migrator t=2026-06-28T05:05:10.7360637+08:00 level=info msg="Migration successfully executed" id="Add generation to resource history" duration=3.6587ms
logger=resource-migrator t=2026-06-28T05:05:10.7432476+08:00 level=info msg="Executing migration" id="Add generation index to resource history"
logger=resource-migrator t=2026-06-28T05:05:10.7437706+08:00 level=info msg="Migration successfully executed" id="Add generation index to resource history" duration=523µs
logger=resource-migrator t=2026-06-28T05:05:10.7523983+08:00 level=info msg="Executing migration" id="Add UQE_resource_last_import_time_last_import_time index"
logger=resource-migrator t=2026-06-28T05:05:10.7534242+08:00 level=info msg="Migration successfully executed" id="Add UQE_resource_last_import_time_last_import_time index" duration=1.026ms
logger=resource-migrator t=2026-06-28T05:05:10.7601317+08:00 level=info msg="Executing migration" id="Add key_path column to resource_history"
logger=resource-migrator t=2026-06-28T05:05:10.761678+08:00 level=info msg="Migration successfully executed" id="Add key_path column to resource_history" duration=1.5463ms
logger=resource-migrator t=2026-06-28T05:05:10.7704062+08:00 level=info msg="Executing migration" id="create table resource_events"
logger=resource-migrator t=2026-06-28T05:05:10.7714244+08:00 level=info msg="Migration successfully executed" id="create table resource_events" duration=1.0182ms
logger=resource-migrator t=2026-06-28T05:05:10.7803761+08:00 level=info msg="Executing migration" id="Add IDX_resource_history_key_path index"
logger=resource-migrator t=2026-06-28T05:05:10.7829302+08:00 level=info msg="Migration successfully executed" id="Add IDX_resource_history_key_path index" duration=2.5541ms
logger=resource-migrator t=2026-06-28T05:05:10.7904803+08:00 level=info msg="Executing migration" id="drop my_row_id and add primary key with columns group,resource to table resource_version if my_row_id exists (auto-generated mysql column)"
logger=resource-migrator t=2026-06-28T05:05:10.7904803+08:00 level=warn msg="Skipping migration: Already executed, but not recorded in migration log" id="drop my_row_id and add primary key with columns group,resource to table resource_version if my_row_id exists (auto-generated mysql column)"
logger=resource-migrator t=2026-06-28T05:05:10.7972735+08:00 level=info msg="Executing migration" id="drop unique index UQE_resource_version_group_resource from resource_version table if it exists (mysql)"
logger=resource-migrator t=2026-06-28T05:05:10.7972735+08:00 level=info msg="Migration successfully executed" id="drop unique index UQE_resource_version_group_resource from resource_version table if it exists (mysql)" duration=0s
logger=resource-migrator t=2026-06-28T05:05:10.8042961+08:00 level=info msg="Executing migration" id="add primary key with columns group,resource to table resource_version if it doesn't exist (mysql)"
logger=resource-migrator t=2026-06-28T05:05:10.8042961+08:00 level=info msg="Migration successfully executed" id="add primary key with columns group,resource to table resource_version if it doesn't exist (mysql)" duration=0s
logger=resource-migrator t=2026-06-28T05:05:10.8112063+08:00 level=info msg="Executing migration" id="add primary key with columns group,resource to table resource_version (postgres and sqlite)"
logger=resource-migrator t=2026-06-28T05:05:10.8148488+08:00 level=info msg="Migration successfully executed" id="add primary key with columns group,resource to table resource_version (postgres and sqlite)" duration=3.6425ms
logger=resource-migrator t=2026-06-28T05:05:10.8210601+08:00 level=info msg="Executing migration" id="Change key_path collation of resource_history in postgres"
logger=resource-migrator t=2026-06-28T05:05:10.8215663+08:00 level=info msg="Migration successfully executed" id="Change key_path collation of resource_history in postgres" duration=506.2µs
logger=resource-migrator t=2026-06-28T05:05:10.8282819+08:00 level=info msg="Executing migration" id="Change key_path collation of resource_events in postgres"
logger=resource-migrator t=2026-06-28T05:05:10.8282819+08:00 level=info msg="Migration successfully executed" id="Change key_path collation of resource_events in postgres" duration=0s
logger=resource-migrator t=2026-06-28T05:05:10.8352134+08:00 level=info msg="Executing migration" id="resource_history key_path backfill"
logger=resource-migrator t=2026-06-28T05:05:10.8357167+08:00 level=info msg="Migration successfully executed" id="resource_history key_path backfill" duration=503.3µs
logger=resource-migrator t=2026-06-28T05:05:10.8419062+08:00 level=info msg="Executing migration" id="Add index to resource_history for garbage collection"
logger=resource-migrator t=2026-06-28T05:05:10.8429273+08:00 level=info msg="Migration successfully executed" id="Add index to resource_history for garbage collection" duration=1.0211ms
logger=resource-migrator t=2026-06-28T05:05:10.8492549+08:00 level=info msg="Executing migration" id="Fix small resource versions"
logger=resource-migrator t=2026-06-28T05:05:10.8492549+08:00 level=info msg="Migration successfully executed" id="Fix small resource versions" duration=0s
logger=resource-migrator t=2026-06-28T05:05:10.8559907+08:00 level=info msg="Executing migration" id="create table pending_tenant_deletions"
logger=resource-migrator t=2026-06-28T05:05:10.8570429+08:00 level=info msg="Migration successfully executed" id="create table pending_tenant_deletions" duration=1.0522ms
logger=resource-migrator t=2026-06-28T05:05:10.8632457+08:00 level=info msg="Executing migration" id="Change key_path collation of pending_tenant_deletions in postgres"
logger=resource-migrator t=2026-06-28T05:05:10.8632457+08:00 level=info msg="Migration successfully executed" id="Change key_path collation of pending_tenant_deletions in postgres" duration=0s
logger=resource-migrator t=2026-06-28T05:05:10.8699022+08:00 level=info msg="Executing migration" id="create table kv_leases"
logger=resource-migrator t=2026-06-28T05:05:10.8709277+08:00 level=info msg="Migration successfully executed" id="create table kv_leases" duration=1.0255ms
logger=resource-migrator t=2026-06-28T05:05:10.8774149+08:00 level=info msg="Executing migration" id="Change key_path collation of kv_leases in postgres"
logger=resource-migrator t=2026-06-28T05:05:10.8774149+08:00 level=info msg="Migration successfully executed" id="Change key_path collation of kv_leases in postgres" duration=0s
logger=resource-migrator t=2026-06-28T05:05:10.8844604+08:00 level=info msg="Executing migration" id="create table search_snapshot_manifest"
logger=resource-migrator t=2026-06-28T05:05:10.884999+08:00 level=info msg="Migration successfully executed" id="create table search_snapshot_manifest" duration=538.6µs
logger=resource-migrator t=2026-06-28T05:05:10.8913781+08:00 level=info msg="Executing migration" id="Change key_path collation of search_snapshot_manifest in postgres"
logger=resource-migrator t=2026-06-28T05:05:10.8913781+08:00 level=info msg="Migration successfully executed" id="Change key_path collation of search_snapshot_manifest in postgres" duration=0s
logger=resource-migrator t=2026-06-28T05:05:10.8978067+08:00 level=info msg="Executing migration" id="create table search_snapshot_data"
logger=resource-migrator t=2026-06-28T05:05:10.8988062+08:00 level=info msg="Migration successfully executed" id="create table search_snapshot_data" duration=999.5µs
logger=resource-migrator t=2026-06-28T05:05:10.9050532+08:00 level=info msg="Executing migration" id="Change key_path collation of search_snapshot_data in postgres"
logger=resource-migrator t=2026-06-28T05:05:10.9050532+08:00 level=info msg="Migration successfully executed" id="Change key_path collation of search_snapshot_data in postgres" duration=0s
logger=resource-migrator t=2026-06-28T05:05:10.9140454+08:00 level=info msg="migrations completed" performed=49 skipped=0 duration=409.6968ms
logger=resource-migrator t=2026-06-28T05:05:10.9162308+08:00 level=info msg="Unlocking database"
t=2026-06-28T05:05:10.918291+08:00 level=info caller=logger.go:214 time=2026-06-28T05:05:10.918291+08:00 msg="Using channel notifier" logger=sql-resource-server
logger=resource-search t=2026-06-28T05:05:10.9193386+08:00 level=info msg="search index initialized" duration_secs=0 total_docs=0
logger=unifiedstorage-migrator t=2026-06-28T05:05:10.9229788+08:00 level=info msg="Locking database"
logger=unifiedstorage-migrator t=2026-06-28T05:05:10.9235373+08:00 level=info msg="Starting DB migrations"
logger=unifiedstorage-migrator t=2026-06-28T05:05:10.9245728+08:00 level=info msg="Executing migration" id="create unifiedstorage_migration_log table"
logger=unifiedstorage-migrator t=2026-06-28T05:05:10.9250807+08:00 level=info msg="Migration successfully executed" id="create unifiedstorage_migration_log table" duration=507.9µs
logger=unifiedstorage-migrator t=2026-06-28T05:05:10.9310166+08:00 level=info msg="migrations completed" performed=1 skipped=0 duration=6.4438ms
logger=unifiedstorage-migrator t=2026-06-28T05:05:10.931523+08:00 level=info msg="Unlocking database"
logger=storage.unified.migrations t=2026-06-28T05:05:10.931523+08:00 level=info msg="Running migrations for unified storage"
logger=storage.unified.migrations t=2026-06-28T05:05:10.931523+08:00 level=info msg="Migration is disabled in config, skipping" migration=shorturls
logger=storage.unified.migrations t=2026-06-28T05:05:10.932067+08:00 level=info msg="Migration is disabled in config, skipping" migration=datasource
logger=storage.unified.migrations t=2026-06-28T05:05:10.932067+08:00 level=info msg="Migration is disabled in config, skipping" migration=stars
logger=storage.unified.migrations t=2026-06-28T05:05:10.932067+08:00 level=info msg="Migration is disabled in config, skipping" migration=preferences
logger=storage.unified.migrations t=2026-06-28T05:05:10.932067+08:00 level=info msg="Migration is disabled in config, skipping" migration=querycacheconfigs
logger=unifiedstorage-migrator t=2026-06-28T05:05:10.932067+08:00 level=info msg="Locking database"
logger=unifiedstorage-migrator t=2026-06-28T05:05:10.932067+08:00 level=info msg="Starting DB migrations"
logger=unifiedstorage-migrator t=2026-06-28T05:05:10.9325839+08:00 level=info msg="Executing migration" id="folders and dashboards migration"
logger=storage.unified.migration_runner.folders-dashboards t=2026-06-28T05:05:10.9325839+08:00 level=info msg="Starting migration for all organizations" org_count=1 resources="[folders.folder.grafana.app dashboards.dashboard.grafana.app]"
logger=storage.unified.migration_runner.folders-dashboards t=2026-06-28T05:05:10.9330904+08:00 level=info msg="Stored migrator transaction in context for bulk operations (SQLite compatibility)"
logger=storage.unified.migration_runner.folders-dashboards t=2026-06-28T05:05:10.9330904+08:00 level=info msg="Migrating organization" org_id=1 namespace=default
logger=storage.unified.migrator t=2026-06-28T05:05:10.9330904+08:00 level=info msg="start migrating legacy resources" namespace=default orgId=1 stackId=0
logger=storage.unified.migration_runner.folders-dashboards t=2026-06-28T05:05:10.9330904+08:00 level=info msg="Migration progress" org_id=1 count=-1 message="migrating folders..."
t=2026-06-28T05:05:10.9336074+08:00 level=info caller=logger.go:214 time=2026-06-28T05:05:10.9336074+08:00 msg="Using SQLite transaction from client context" logger=sql-resource-server
logger=storage.unified.migration_runner.folders-dashboards t=2026-06-28T05:05:10.9351459+08:00 level=info msg="Migration progress" org_id=1 count=-2 message="finished folders... (0)"
logger=storage.unified.migration_runner.folders-dashboards t=2026-06-28T05:05:10.9351459+08:00 level=info msg="Migration progress" org_id=1 count=-1 message="migrating dashboards..."
logger=storage.unified.migration_runner.folders-dashboards t=2026-06-28T05:05:10.9356689+08:00 level=info msg="Migration progress" org_id=1 count=-2 message="finished dashboards... (0)"
logger=storage.unified.migrator t=2026-06-28T05:05:10.9356689+08:00 level=info msg="finished migrating legacy resources" namespace=default orgId=1 stackId=0
t=2026-06-28T05:05:10.9361834+08:00 level=info caller=logger.go:214 time=2026-06-28T05:05:10.9356689+08:00 msg="synchronize collection" key=default/folder.grafana.app/folders
t=2026-06-28T05:05:10.9366964+08:00 level=info caller=logger.go:214 time=2026-06-28T05:05:10.9366964+08:00 msg="get stats (still in transaction)" key=default/folder.grafana.app/folders
t=2026-06-28T05:05:10.9372118+08:00 level=info caller=logger.go:214 time=2026-06-28T05:05:10.9372118+08:00 msg="successfully locked RV" logger=sql-resource-server nextRV=1782594310936997 key=default/folder.grafana.app/folders
t=2026-06-28T05:05:10.9377233+08:00 level=info caller=logger.go:214 time=2026-06-28T05:05:10.9377233+08:00 msg="successfully saved RV" logger=sql-resource-server rv=1782594310936997 key=default/folder.grafana.app/folders
t=2026-06-28T05:05:10.9377233+08:00 level=info caller=logger.go:214 time=2026-06-28T05:05:10.9377233+08:00 msg="synchronize collection" key=default/dashboard.grafana.app/dashboards
t=2026-06-28T05:05:10.9382364+08:00 level=info caller=logger.go:214 time=2026-06-28T05:05:10.9382364+08:00 msg="get stats (still in transaction)" key=default/dashboard.grafana.app/dashboards
t=2026-06-28T05:05:10.9387831+08:00 level=info caller=logger.go:214 time=2026-06-28T05:05:10.9387831+08:00 msg="successfully locked RV" logger=sql-resource-server nextRV=1782594310938003 key=default/dashboard.grafana.app/dashboards
t=2026-06-28T05:05:10.9387831+08:00 level=info caller=logger.go:214 time=2026-06-28T05:05:10.9387831+08:00 msg="successfully saved RV" logger=sql-resource-server rv=1782594310938003 key=default/dashboard.grafana.app/dashboards
logger=storage.unified.migrator t=2026-06-28T05:05:10.9392958+08:00 level=info msg="start rebuilding index for resources" namespace=default orgId=1 resources="[folders.folder.grafana.app dashboards.dashboard.grafana.app]"
logger=storage.unified.migrator t=2026-06-28T05:05:10.9398082+08:00 level=info msg="finished rebuilding index for resources" namespace=default orgId=1 resources="[folders.folder.grafana.app dashboards.dashboard.grafana.app]"
logger=storage.unified.migration_runner.folders-dashboards t=2026-06-28T05:05:10.9398082+08:00 level=info msg="Count validation" resource=folders.folder.grafana.app namespace=default legacy_count=0 unified_count=0 migration_summary_count=0 rejected=0 history=0
logger=storage.unified.migration_runner.folders-dashboards t=2026-06-28T05:05:10.9403147+08:00 level=info msg="Count validation" resource=dashboards.dashboard.grafana.app namespace=default legacy_count=0 unified_count=0 migration_summary_count=0 rejected=0 history=0
logger=storage.unified.migration_runner.folders-dashboards t=2026-06-28T05:05:10.9403147+08:00 level=info msg="Folder tree structure validation passed" folder_count=0 namespace=default
logger=storage.unified.migration_runner.folders-dashboards t=2026-06-28T05:05:10.9403147+08:00 level=info msg="Migration completed for organization" org_id=1 duration=7.2243ms processed=0 summaries=2 rejected=0
logger=storage.unified.migration_runner.folders-dashboards t=2026-06-28T05:05:10.9403147+08:00 level=info msg="Migration completed successfully for all organizations" org_count=1
logger=unifiedstorage-migrator t=2026-06-28T05:05:10.9403147+08:00 level=info msg="Migration successfully executed" id="folders and dashboards migration" duration=7.7308ms
logger=unifiedstorage-migrator t=2026-06-28T05:05:10.9468361+08:00 level=info msg="Executing migration" id="playlists migration"
logger=storage.unified.migration_runner.playlists t=2026-06-28T05:05:10.9468361+08:00 level=info msg="Starting migration for all organizations" org_count=1 resources=[playlists.playlist.grafana.app]
logger=storage.unified.migration_runner.playlists t=2026-06-28T05:05:10.9468361+08:00 level=info msg="Stored migrator transaction in context for bulk operations (SQLite compatibility)"
logger=storage.unified.migration_runner.playlists t=2026-06-28T05:05:10.9468361+08:00 level=info msg="Migration is not required, the legacy SQL table does not exist" table=playlist
logger=unifiedstorage-migrator t=2026-06-28T05:05:10.9468361+08:00 level=info msg="Migration successfully executed" id="playlists migration" duration=0s
logger=unifiedstorage-migrator t=2026-06-28T05:05:10.9529071+08:00 level=info msg="migrations completed" performed=2 skipped=1 duration=20.3233ms
logger=unifiedstorage-migrator t=2026-06-28T05:05:10.9529071+08:00 level=info msg="Unlocking database"
logger=storage.unified.migrations t=2026-06-28T05:05:10.9529071+08:00 level=info msg="Unified storage migrations completed successfully"
logger=live.push_http t=2026-06-28T05:05:10.9604481+08:00 level=info msg="Live Push Gateway initialization"
logger=ngalert.notifier t=2026-06-28T05:05:10.9614605+08:00 level=info component=alertmanager orgID=1 msg="template definitions loaded" mimir=0 grafana=0 total=0 maxTemplateOutput=10485760
logger=ngalert.notifier component=alertmanager orgID=1 t=2026-06-28T05:05:10.9642032+08:00 level=info msg="Applying new configuration to Alertmanager" configHash="{12383335334731491449 16454292769479786371 11535544170606148457 1343157387507078592 10278876130067529486 4613426124549341787 5144611013662998819}"
logger=ngalert.notifier t=2026-06-28T05:05:10.9642032+08:00 level=info component=alertmanager orgID=1 msg="template definitions loaded" mimir=0 grafana=0 total=0 maxTemplateOutput=10485760
logger=ngalert.writer t=2026-06-28T05:05:10.9785029+08:00 level=info msg="Setting up remote write using data sources" timeout=10s default_datasource_uid=
logger=ngalert t=2026-06-28T05:05:10.9785029+08:00 level=info msg="Using protobuf-based alert instance store"
logger=ngalert.state.manager.persist t=2026-06-28T05:05:10.9785029+08:00 level=info msg="Using sync rule state persister (compressed)"
logger=query_data t=2026-06-28T05:05:10.9794309+08:00 level=info msg="Query Service initialization"
logger=annotation.app t=2026-06-28T05:05:11.0024561+08:00 level=info msg="Starting annotation cleanup loop" interval=24h0m0s retention=2160h0m0s
logger=annotation.app t=2026-06-28T05:05:11.0029616+08:00 level=info msg="Annotation cleanup completed" rows_deleted=0 duration=0s
logger=infra.usagestats.collector t=2026-06-28T05:05:11.0039859+08:00 level=info msg="registering usage stat providers" usageStatsProvidersLen=2
logger=backgroundsvcs.managerAdapter t=2026-06-28T05:05:11.918781+08:00 level=info msg=starting module=*sqlstore.SQLStore
logger=backgroundsvcs.managerAdapter t=2026-06-28T05:05:11.918781+08:00 level=info msg=starting module=tracing
logger=backgroundsvcs.managerAdapter t=2026-06-28T05:05:11.918781+08:00 level=info msg=starting module=grafana-apiserver
logger=grafana-apiserver t=2026-06-28T05:05:12.0429604+08:00 level=info msg="Adding GroupVersion dashboard.grafana.app v2 to ResourceManager"
logger=grafana-apiserver t=2026-06-28T05:05:12.0429604+08:00 level=info msg="Adding GroupVersion dashboard.grafana.app v2beta1 to ResourceManager"
logger=grafana-apiserver t=2026-06-28T05:05:12.0429604+08:00 level=info msg="Adding GroupVersion dashboard.grafana.app v2alpha1 to ResourceManager"
logger=grafana-apiserver t=2026-06-28T05:05:12.0429604+08:00 level=info msg="Adding GroupVersion dashboard.grafana.app v0alpha1 to ResourceManager"
logger=grafana-apiserver t=2026-06-28T05:05:12.0429604+08:00 level=info msg="Adding GroupVersion dashboard.grafana.app v1 to ResourceManager"
logger=grafana-apiserver t=2026-06-28T05:05:12.0429604+08:00 level=info msg="Adding GroupVersion dashboard.grafana.app v1beta1 to ResourceManager"
logger=grafana-apiserver t=2026-06-28T05:05:12.0429604+08:00 level=info msg="Adding GroupVersion userstorage.grafana.app v0alpha1 to ResourceManager"
logger=grafana-apiserver t=2026-06-28T05:05:12.045832+08:00 level=info msg="Adding GroupVersion collections.grafana.app v1alpha1 to ResourceManager"
t=2026-06-28T05:05:12.045832+08:00 level=info caller=logger.go:214 time=2026-06-28T05:05:12.045832+08:00 msg="Zanzana is not enabled; skipping folder propagation hooks"
t=2026-06-28T05:05:12.045832+08:00 level=info caller=logger.go:214 time=2026-06-28T05:05:12.045832+08:00 msg="Zanzana is not enabled; skipping folder propagation hooks"
logger=grafana-apiserver t=2026-06-28T05:05:12.0468366+08:00 level=info msg="Adding GroupVersion folder.grafana.app v1 to ResourceManager"
logger=grafana-apiserver t=2026-06-28T05:05:12.0468366+08:00 level=info msg="Adding GroupVersion folder.grafana.app v1beta1 to ResourceManager"
logger=grafana-apiserver t=2026-06-28T05:05:12.0478353+08:00 level=info msg="Adding GroupVersion preferences.grafana.app v1alpha1 to ResourceManager"
logger=grafana-apiserver t=2026-06-28T05:05:12.0488384+08:00 level=info msg="Adding GroupVersion provisioning.grafana.app v0alpha1 to ResourceManager"
logger=grafana-apiserver t=2026-06-28T05:05:12.050344+08:00 level=info msg="Adding GroupVersion provisioning.grafana.app v1beta1 to ResourceManager"
logger=grafana-apiserver t=2026-06-28T05:05:12.050344+08:00 level=info msg="Adding GroupVersion features.grafana.app v0alpha1 to ResourceManager"
logger=grafana-apiserver t=2026-06-28T05:05:12.0513496+08:00 level=info msg="Adding GroupVersion playlist.grafana.app v1 to ResourceManager"
logger=grafana-apiserver t=2026-06-28T05:05:12.0513496+08:00 level=info msg="Adding GroupVersion playlist.grafana.app v0alpha1 to ResourceManager"
t=2026-06-28T05:05:12.0513496+08:00 level=info caller=logger.go:214 time=2026-06-28T05:05:12.0513496+08:00 msg="Installed APIs for app" app=playlist
logger=grafana-apiserver t=2026-06-28T05:05:12.0513496+08:00 level=info msg="Adding GroupVersion plugins.grafana.app v0alpha1 to ResourceManager"
t=2026-06-28T05:05:12.0513496+08:00 level=info caller=logger.go:214 time=2026-06-28T05:05:12.0513496+08:00 msg="Installed APIs for app" app=plugins
logger=grafana-apiserver t=2026-06-28T05:05:12.0533156+08:00 level=info msg="Adding GroupVersion example.grafana.app v1alpha1 to ResourceManager"
logger=grafana-apiserver t=2026-06-28T05:05:12.0533156+08:00 level=info msg="Adding GroupVersion example.grafana.app v0alpha1 to ResourceManager"
t=2026-06-28T05:05:12.0533156+08:00 level=info caller=logger.go:214 time=2026-06-28T05:05:12.0533156+08:00 msg="Installed APIs for app" app=example
logger=grafana-apiserver t=2026-06-28T05:05:12.0543206+08:00 level=info msg="Skipping API quotas.grafana.app/v0alpha1 because it has no resources."
t=2026-06-28T05:05:12.0543206+08:00 level=info caller=logger.go:214 time=2026-06-28T05:05:12.0543206+08:00 msg="Installed APIs for app" app=quotas
logger=grafana-apiserver t=2026-06-28T05:05:12.0543206+08:00 level=info msg="Adding GroupVersion shorturl.grafana.app v1beta1 to ResourceManager"
t=2026-06-28T05:05:12.0543206+08:00 level=info caller=logger.go:214 time=2026-06-28T05:05:12.0543206+08:00 msg="Installed APIs for app" app=shorturl
t=2026-06-28T05:05:12.0543206+08:00 level=warn caller=logger.go:224 time=2026-06-28T05:05:12.0543206+08:00 msg="skipped registering status sub-resource that does not support dual writing" resource=alertrules.rules.alerting.grafana.app version=v0alpha1 storagePath=alertrules/status
logger=grafana-apiserver t=2026-06-28T05:05:12.0563415+08:00 level=info msg="Adding GroupVersion rules.alerting.grafana.app v0alpha1 to ResourceManager"
t=2026-06-28T05:05:12.0563415+08:00 level=info caller=logger.go:214 time=2026-06-28T05:05:12.0563415+08:00 msg="Installed APIs for app" app=alerting
logger=grafana-apiserver t=2026-06-28T05:05:12.0573452+08:00 level=info msg="Adding GroupVersion notifications.alerting.grafana.app v1beta1 to ResourceManager"
logger=grafana-apiserver t=2026-06-28T05:05:12.0583456+08:00 level=info msg="Adding GroupVersion notifications.alerting.grafana.app v0alpha1 to ResourceManager"
t=2026-06-28T05:05:12.0583456+08:00 level=info caller=logger.go:214 time=2026-06-28T05:05:12.0583456+08:00 msg="Installed APIs for app" app=alerting-notifications
logger=grafana-apiserver t=2026-06-28T05:05:12.0593453+08:00 level=info msg="Adding GroupVersion advisor.grafana.app v0alpha1 to ResourceManager"
t=2026-06-28T05:05:12.0593453+08:00 level=info caller=logger.go:214 time=2026-06-28T05:05:12.0593453+08:00 msg="Installed APIs for app" app=advisor
t=2026-06-28T05:05:12.319764+08:00 level=info caller=logger.go:214 time=2026-06-28T05:05:12.319764+08:00 msg="App initialized" app=playlist
t=2026-06-28T05:05:12.319764+08:00 level=info caller=logger.go:214 time=2026-06-28T05:05:12.319764+08:00 msg="App initialized" app=plugins
t=2026-06-28T05:05:12.319764+08:00 level=info caller=logger.go:214 time=2026-06-28T05:05:12.319764+08:00 msg="App initialized" app=quotas
t=2026-06-28T05:05:12.319764+08:00 level=info caller=logger.go:214 time=2026-06-28T05:05:12.319764+08:00 msg="App initialized" app=alerting-notifications
t=2026-06-28T05:05:12.319764+08:00 level=info caller=logger.go:214 time=2026-06-28T05:05:12.319764+08:00 msg="App initialized" app=example
t=2026-06-28T05:05:12.319764+08:00 level=info caller=logger.go:214 time=2026-06-28T05:05:12.319764+08:00 msg="App initialized" app=shorturl
t=2026-06-28T05:05:12.319764+08:00 level=info caller=logger.go:214 time=2026-06-28T05:05:12.319764+08:00 msg="App initialized" app=advisor
t=2026-06-28T05:05:12.3207683+08:00 level=info caller=logger.go:214 time=2026-06-28T05:05:12.3207683+08:00 msg="start concurrent job driver" logger=concurrent-job-driver num_drivers=3 num_drivers=3
t=2026-06-28T05:05:12.3207683+08:00 level=info caller=logger.go:214 time=2026-06-28T05:05:12.3207683+08:00 msg="starting job cleanup controller" logger=job-cleanup-controller cleanup_interval=1m30s expiry=30s
t=2026-06-28T05:05:12.3207683+08:00 level=info caller=logger.go:214 time=2026-06-28T05:05:12.3207683+08:00 msg="Starting RepositoryController" logger=provisioning-repository-controller
t=2026-06-28T05:05:12.3207683+08:00 level=info caller=logger.go:214 time=2026-06-28T05:05:12.3207683+08:00 msg="start job driver" logger=concurrent-job-driver num_drivers=3 driver_id=1
t=2026-06-28T05:05:12.3207683+08:00 level=info caller=logger.go:214 time=2026-06-28T05:05:12.3207683+08:00 msg="start job driver" logger=concurrent-job-driver num_drivers=3 driver_id=0
t=2026-06-28T05:05:12.3207683+08:00 level=info caller=logger.go:214 time=2026-06-28T05:05:12.3207683+08:00 msg="start job driver" logger=concurrent-job-driver num_drivers=3 driver_id=2
t=2026-06-28T05:05:12.3233188+08:00 level=info caller=logger.go:214 time=2026-06-28T05:05:12.3233188+08:00 msg="App initialized" app=alerting
logger=backgroundsvcs.managerAdapter t=2026-06-28T05:05:12.3233188+08:00 level=info msg=starting module=plugins.store
logger=backgroundsvcs.managerAdapter t=2026-06-28T05:05:12.324324+08:00 level=info msg=starting module=plugin.backgroundinstaller
logger=plugin.backgroundinstaller t=2026-06-28T05:05:12.324324+08:00 level=info msg="Plugins installed" plugins=[]
logger=backgroundsvcs.managerAdapter t=2026-06-28T05:05:12.324324+08:00 level=info msg=starting module=provisioning
logger=plugin.backgroundinstaller t=2026-06-28T05:05:12.324324+08:00 level=info msg="Installing plugins" plugins="[{ID:grafana-lokiexplore-app Version: URL:} {ID:grafana-pyroscope-app Version: URL:} {ID:grafana-exploretraces-app Version: URL:} {ID:grafana-metricsdrilldown-app Version: URL:} {ID:elasticsearch Version: URL:} {ID:zipkin Version: URL:}]"
logger=plugin.backgroundinstaller t=2026-06-28T05:05:12.324324+08:00 level=info msg="Installing plugin" pluginId=grafana-lokiexplore-app version=
logger=provisioning.datasources t=2026-06-28T05:05:12.3273705+08:00 level=info msg="inserting datasource from configuration" name=Prometheus uid=prometheus
logger=provisioning.alerting t=2026-06-28T05:05:12.3723361+08:00 level=info msg="starting to provision alerting"
logger=provisioning.alerting t=2026-06-28T05:05:12.3723361+08:00 level=info msg="finished to provision alerting"
logger=bleve-backend namespace=default group=dashboard.grafana.app resource=dashboards reason=search t=2026-06-28T05:05:12.3883637+08:00 level=info msg="Building index using memory"
logger=bleve-backend namespace=default group=dashboard.grafana.app resource=dashboards reason=search t=2026-06-28T05:05:12.3960548+08:00 level=info msg="Finished building index" elapsed=7.6911ms listRV=1782594310938003
logger=bleve-backend namespace=default group=dashboard.grafana.app resource=dashboards reason=search t=2026-06-28T05:05:12.3965637+08:00 level=info msg="Storing index in cache" key="{Namespace:default Group:dashboard.grafana.app Resource:dashboards}" expiration=2026-06-28T05:15:12.3965637+08:00
logger=sqlstore.transactions t=2026-06-28T05:05:12.3970755+08:00 level=info msg="Database locked, sleeping then retrying" error="database is locked (5) (SQLITE_BUSY)" retry=0 sleep=72.84174ms
t=2026-06-28T05:05:12.4211177+08:00 level=info caller=logger.go:214 time=2026-06-28T05:05:12.4211177+08:00 msg="Starting ConnectionController" logger=provisioning-connection-controller
t=2026-06-28T05:05:12.4211177+08:00 level=info caller=logger.go:214 time=2026-06-28T05:05:12.4211177+08:00 msg="Starting workers" logger=provisioning-connection-controller count=1
t=2026-06-28T05:05:12.4211177+08:00 level=info caller=logger.go:214 time=2026-06-28T05:05:12.4211177+08:00 msg="Started workers" logger=provisioning-connection-controller
t=2026-06-28T05:05:12.4221334+08:00 level=info caller=logger.go:214 time=2026-06-28T05:05:12.4221334+08:00 msg="Starting workers" logger=provisioning-repository-controller count=1
t=2026-06-28T05:05:12.4221334+08:00 level=info caller=logger.go:214 time=2026-06-28T05:05:12.4221334+08:00 msg="Started workers" logger=provisioning-repository-controller
logger=provisioning.dashboard t=2026-06-28T05:05:12.4762404+08:00 level=info msg="starting to provision dashboards"
logger=bleve-backend namespace=default group=folder.grafana.app resource=folders reason=search t=2026-06-28T05:05:12.4777791+08:00 level=info msg="Building index using memory"
logger=bleve-backend namespace=default group=folder.grafana.app resource=folders reason=search t=2026-06-28T05:05:12.478298+08:00 level=info msg="Finished building index" elapsed=518.9µs listRV=1782594310936997
logger=bleve-backend namespace=default group=folder.grafana.app resource=folders reason=search t=2026-06-28T05:05:12.478298+08:00 level=info msg="Storing index in cache" key="{Namespace:default Group:folder.grafana.app Resource:folders}" expiration=2026-06-28T05:15:12.478298+08:00
logger=provisioning.dashboard t=2026-06-28T05:05:12.5204522+08:00 level=info msg="finished to provision dashboards"
logger=backgroundsvcs.managerAdapter t=2026-06-28T05:05:12.5267052+08:00 level=info msg=starting module=*authz.EmbeddedZanzanaService
logger=backgroundsvcs.managerAdapter t=2026-06-28T05:05:12.5267052+08:00 level=info msg=starting module=*remotecache.RemoteCache
logger=backgroundsvcs.managerAdapter t=2026-06-28T05:05:12.5267052+08:00 level=info msg=starting module=*cleanup.CleanUpService
logger=backgroundsvcs.managerAdapter t=2026-06-28T05:05:12.5267052+08:00 level=info msg=starting module=*statscollector.Service
logger=backgroundsvcs.managerAdapter t=2026-06-28T05:05:12.5267052+08:00 level=info msg=starting module=*garbagecollectionworker.Worker
logger=backgroundsvcs.managerAdapter t=2026-06-28T05:05:12.5267052+08:00 level=info msg=starting module=*api.HTTPServer
logger=backgroundsvcs.managerAdapter t=2026-06-28T05:05:12.5267052+08:00 level=info msg=starting module=*migrations.SecretMigrationProviderImpl
logger=backgroundsvcs.managerAdapter t=2026-06-28T05:05:12.5267052+08:00 level=info msg=starting module=*dynamic.KeyRetriever
logger=backgroundsvcs.managerAdapter t=2026-06-28T05:05:12.5267052+08:00 level=info msg=starting module=*supportbundlesimpl.Service
logger=backgroundsvcs.managerAdapter t=2026-06-28T05:05:12.5267052+08:00 level=info msg=starting module=*rendering.RenderingService
logger=backgroundsvcs.managerAdapter t=2026-06-28T05:05:12.5267052+08:00 level=info msg=starting module=*manager.ServiceAccountsService
logger=backgroundsvcs.managerAdapter t=2026-06-28T05:05:12.5267052+08:00 level=info msg=starting module=*ssosettingsimpl.Service
logger=backgroundsvcs.managerAdapter t=2026-06-28T05:05:12.5267052+08:00 level=info msg=starting module=*appregistry.Service
logger=backgroundsvcs.managerAdapter t=2026-06-28T05:05:12.5267052+08:00 level=info msg=starting module=*manager.SecretsService
logger=backgroundsvcs.managerAdapter t=2026-06-28T05:05:12.5267052+08:00 level=info msg=starting module=*authimpl.UserAuthTokenService
logger=backgroundsvcs.managerAdapter t=2026-06-28T05:05:12.5267052+08:00 level=info msg=starting module=*service.DashboardUpdater
logger=backgroundsvcs.managerAdapter t=2026-06-28T05:05:12.5267052+08:00 level=info msg=starting module=*notifications.NotificationService
logger=backgroundsvcs.managerAdapter t=2026-06-28T05:05:12.5267052+08:00 level=info msg=starting module=*pluginexternal.Service
logger=backgroundsvcs.managerAdapter t=2026-06-28T05:05:12.5267052+08:00 level=info msg=starting module=*loginattemptimpl.Service
logger=backgroundsvcs.managerAdapter t=2026-06-28T05:05:12.5267052+08:00 level=info msg=starting module=*live.GrafanaLive
logger=backgroundsvcs.managerAdapter t=2026-06-28T05:05:12.5267052+08:00 level=info msg=starting module=*dualwrite.ZanzanaReconciler
logger=backgroundsvcs.managerAdapter t=2026-06-28T05:05:12.5267052+08:00 level=info msg=starting module=*metrics.InternalMetricsService
logger=backgroundsvcs.managerAdapter t=2026-06-28T05:05:12.5267052+08:00 level=info msg=starting module=*store.standardStorageService
logger=backgroundsvcs.managerAdapter t=2026-06-28T05:05:12.5267052+08:00 level=info msg=starting module=*updatemanager.PluginsService
logger=backgroundsvcs.managerAdapter t=2026-06-28T05:05:12.5267052+08:00 level=info msg=starting module=*metric.Service
logger=backgroundsvcs.managerAdapter t=2026-06-28T05:05:12.5267052+08:00 level=info msg=starting module=*pushhttp.Gateway
logger=backgroundsvcs.managerAdapter t=2026-06-28T05:05:12.5267052+08:00 level=info msg=starting module=*updatemanager.GrafanaService
logger=backgroundsvcs.managerAdapter t=2026-06-28T05:05:12.5267052+08:00 level=info msg=starting module=*service.UsageStats
logger=backgroundsvcs.managerAdapter t=2026-06-28T05:05:12.5267052+08:00 level=info msg=starting module=*angulardetectorsprovider.Dynamic
logger=backgroundsvcs.managerAdapter t=2026-06-28T05:05:12.5267052+08:00 level=info msg=starting module=*service.DashboardServiceImpl
logger=backgroundsvcs.managerAdapter t=2026-06-28T05:05:12.5267052+08:00 level=info msg=starting module=*anonimpl.AnonDeviceService
logger=backgroundsvcs.managerAdapter t=2026-06-28T05:05:12.5267052+08:00 level=info msg=starting module=*ngalert.AlertNG
logger=app-registry t=2026-06-28T05:05:12.5282937+08:00 level=info msg="app registry initialized"
logger=http.server t=2026-06-28T05:05:12.5292985+08:00 level=info msg="HTTP Server Listen" address=[::]:3000 protocol=http subUrl= socket=
logger=grafanaStorageLogger t=2026-06-28T05:05:12.5350607+08:00 level=info msg="Storage starting"
logger=ngalert t=2026-06-28T05:05:12.5355675+08:00 level=info msg="Primary node, alert rule evaluation enabled"
logger=ngalert.multiorg.alertmanager t=2026-06-28T05:05:12.5355675+08:00 level=info msg="Starting MultiOrg Alertmanager"
logger=backgroundsvcs.managerAdapter t=2026-06-28T05:05:12.5355675+08:00 level=info msg="All modules healthy"
logger=sqlstore.transactions t=2026-06-28T05:05:12.536572+08:00 level=info msg="Database locked, sleeping then retrying" error="database is locked (5) (SQLITE_BUSY)" retry=0 sleep=33.880226ms
logger=ngalert.state.manager t=2026-06-28T05:05:12.536572+08:00 level=info msg="Warming state cache for startup"
logger=ngalert.state.manager t=2026-06-28T05:05:12.5382591+08:00 level=info msg="State cache has been initialized" states=0 duration=1.6871ms
logger=ngalert.scheduler t=2026-06-28T05:05:12.5382591+08:00 level=info msg="Starting scheduler" tickInterval=10s maxAttempts=3
logger=ngalert.scheduler t=2026-06-28T05:05:12.5382591+08:00 level=info msg=starting component=ticker first_tick=2026-06-28T05:05:20+08:00
logger=grafana.update.checker t=2026-06-28T05:05:12.8407911+08:00 level=info msg="Update check succeeded" duration=305.2248ms
logger=plugin.angulardetectorsprovider.dynamic t=2026-06-28T05:05:12.9234987+08:00 level=info msg="Patterns update finished" duration=366.9762ms
logger=plugins.update.checker t=2026-06-28T05:05:12.9769066+08:00 level=info msg="flag evaluation succeeded" flag="{Value:false EvaluationDetails:{FlagKey:pluginsAutoUpdate FlagType:bool ResolutionDetail:{Variant:default Reason:STATIC ErrorCode: ErrorMessage: FlagMetadata:map[]}}}" details="{Value:false EvaluationDetails:{FlagKey:pluginsAutoUpdate FlagType:bool ResolutionDetail:{Variant:default Reason:STATIC ErrorCode: ErrorMessage: FlagMetadata:map[]}}}"
logger=plugins.update.checker t=2026-06-28T05:05:12.9769066+08:00 level=info msg="Update check succeeded" duration=441.3408ms
logger=plugins.update.checker t=2026-06-28T05:05:12.9769066+08:00 level=info msg="flag evaluation succeeded" flag="{Value:false EvaluationDetails:{FlagKey:pluginsAutoUpdate FlagType:bool ResolutionDetail:{Variant:default Reason:STATIC ErrorCode: ErrorMessage: FlagMetadata:map[]}}}" details="{Value:false EvaluationDetails:{FlagKey:pluginsAutoUpdate FlagType:bool ResolutionDetail:{Variant:default Reason:STATIC ErrorCode: ErrorMessage: FlagMetadata:map[]}}}"
logger=plugin.repository t=2026-06-28T05:05:14.2163635+08:00 level=warn msg="Failed to remove temporary filefileC:\\Users\\mei\\AppData\\Local\\Temp\\1214286427.ziperrorremove C:\\Users\\mei\\AppData\\Local\\Temp\\1214286427.zip: The process cannot access the file because it is being used by another process."
logger=plugin.installer t=2026-06-28T05:05:14.2163635+08:00 level=info msg="Installing plugin" pluginId=grafana-lokiexplore-app version=
logger=installer.fs t=2026-06-28T05:05:14.4804722+08:00 level=info msg="Downloaded and extracted grafana-lokiexplore-app v2.1.5 zip successfully to D:\\MyPoj\\grafana\\grafana-13.1.0\\data\\plugins\\grafana-lokiexplore-app"
logger=plugins.registration t=2026-06-28T05:05:15.2331398+08:00 level=info msg="Plugin registered" pluginId=grafana-lokiexplore-app
logger=plugin.backgroundinstaller t=2026-06-28T05:05:15.2336565+08:00 level=info msg="Plugin successfully installed" pluginId=grafana-lokiexplore-app version= duration=2.9093432s
logger=plugin.backgroundinstaller t=2026-06-28T05:05:15.2336565+08:00 level=info msg="Installing plugin" pluginId=grafana-pyroscope-app version=
logger=plugin.repository t=2026-06-28T05:05:16.3253254+08:00 level=warn msg="Failed to remove temporary filefileC:\\Users\\mei\\AppData\\Local\\Temp\\4113464309.ziperrorremove C:\\Users\\mei\\AppData\\Local\\Temp\\4113464309.zip: The process cannot access the file because it is being used by another process."
logger=plugin.installer t=2026-06-28T05:05:16.3253254+08:00 level=info msg="Installing plugin" pluginId=grafana-pyroscope-app version=
logger=installer.fs t=2026-06-28T05:05:16.4966768+08:00 level=info msg="Downloaded and extracted grafana-pyroscope-app v2.0.7 zip successfully to D:\\MyPoj\\grafana\\grafana-13.1.0\\data\\plugins\\grafana-pyroscope-app"
logger=plugins.registration t=2026-06-28T05:05:17.8347765+08:00 level=info msg="Plugin registered" pluginId=grafana-pyroscope-app
logger=plugin.backgroundinstaller t=2026-06-28T05:05:17.83529+08:00 level=info msg="Plugin successfully installed" pluginId=grafana-pyroscope-app version= duration=2.6016432s
logger=plugin.backgroundinstaller t=2026-06-28T05:05:17.83529+08:00 level=info msg="Installing plugin" pluginId=grafana-exploretraces-app version=
logger=plugin.repository t=2026-06-28T05:05:18.96684+08:00 level=warn msg="Failed to remove temporary filefileC:\\Users\\mei\\AppData\\Local\\Temp\\4289487446.ziperrorremove C:\\Users\\mei\\AppData\\Local\\Temp\\4289487446.zip: The process cannot access the file because it is being used by another process."
logger=plugin.installer t=2026-06-28T05:05:18.96684+08:00 level=info msg="Installing plugin" pluginId=grafana-exploretraces-app version=
logger=installer.fs t=2026-06-28T05:05:19.0935467+08:00 level=info msg="Downloaded and extracted grafana-exploretraces-app v2.0.4 zip successfully to D:\\MyPoj\\grafana\\grafana-13.1.0\\data\\plugins\\grafana-exploretraces-app"
logger=plugins.registration t=2026-06-28T05:05:20.3335975+08:00 level=info msg="Plugin registered" pluginId=grafana-exploretraces-app
logger=plugin.backgroundinstaller t=2026-06-28T05:05:20.3341082+08:00 level=info msg="Plugin successfully installed" pluginId=grafana-exploretraces-app version= duration=2.4988274s
logger=plugin.backgroundinstaller t=2026-06-28T05:05:20.3341082+08:00 level=info msg="Installing plugin" pluginId=grafana-metricsdrilldown-app version=
logger=plugin.repository t=2026-06-28T05:05:21.4959585+08:00 level=warn msg="Failed to remove temporary filefileC:\\Users\\mei\\AppData\\Local\\Temp\\4137681442.ziperrorremove C:\\Users\\mei\\AppData\\Local\\Temp\\4137681442.zip: The process cannot access the file because it is being used by another process."
logger=plugin.installer t=2026-06-28T05:05:21.4959585+08:00 level=info msg="Installing plugin" pluginId=grafana-metricsdrilldown-app version=
logger=installer.fs t=2026-06-28T05:05:21.6679372+08:00 level=info msg="Downloaded and extracted grafana-metricsdrilldown-app v2.1.0 zip successfully to D:\\MyPoj\\grafana\\grafana-13.1.0\\data\\plugins\\grafana-metricsdrilldown-app"
logger=plugins.registration t=2026-06-28T05:05:22.3925795+08:00 level=info msg="Plugin registered" pluginId=grafana-metricsdrilldown-app
logger=plugin.backgroundinstaller t=2026-06-28T05:05:22.396226+08:00 level=info msg="Plugin successfully installed" pluginId=grafana-metricsdrilldown-app version= duration=2.0621254s
logger=plugin.backgroundinstaller t=2026-06-28T05:05:22.7976883+08:00 level=info msg="Installing plugin" pluginId=elasticsearch version=
logger=plugin.installer t=2026-06-28T05:05:23.3734368+08:00 level=info msg="Updating plugin" pluginId=elasticsearch from=12.6.4 to=12.6.5
logger=plugin.elasticsearch t=2026-06-28T05:05:23.3792794+08:00 level=info msg="plugin process exited" plugin=D:\MyPoj\grafana\grafana-13.1.0\data\plugins-bundled\elasticsearch/gpx_grafana_elasticsearch_datasource_windows_amd64.exe id=42600
logger=plugin.repository t=2026-06-28T05:05:26.5837924+08:00 level=warn msg="Failed to remove temporary filefileC:\\Users\\mei\\AppData\\Local\\Temp\\291438295.ziperrorremove C:\\Users\\mei\\AppData\\Local\\Temp\\291438295.zip: The process cannot access the file because it is being used by another process."
logger=installer.fs t=2026-06-28T05:05:26.801708+08:00 level=info msg="Downloaded and extracted elasticsearch v12.6.5 zip successfully to D:\\MyPoj\\grafana\\grafana-13.1.0\\data\\plugins\\elasticsearch"
logger=plugins.registration t=2026-06-28T05:05:29.7705495+08:00 level=info msg="Plugin registered" pluginId=elasticsearch
logger=plugin.backgroundinstaller t=2026-06-28T05:05:29.7710664+08:00 level=info msg="Plugin successfully installed" pluginId=elasticsearch version= duration=6.9728916s
logger=bleve-backend namespace=default group=provisioning.grafana.app resource=repositories reason=getStats t=2026-06-28T05:07:11.5291349+08:00 level=info msg="Building index using memory"
logger=bleve-backend namespace=default group=provisioning.grafana.app resource=repositories reason=getStats t=2026-06-28T05:07:11.5296515+08:00 level=info msg="Finished building index" elapsed=0s listRV=1
logger=bleve-backend namespace=default group=provisioning.grafana.app resource=repositories reason=getStats t=2026-06-28T05:07:11.5301643+08:00 level=info msg="Storing index in cache" key="{Namespace:default Group:provisioning.grafana.app Resource:repositories}" expiration=2026-06-28T05:17:11.5301643+08:00
logger=bleve-backend namespace=default group=playlist.grafana.app resource=playlists reason=getStats t=2026-06-28T05:07:11.5306704+08:00 level=info msg="Building index using memory"
logger=bleve-backend namespace=default group=playlist.grafana.app resource=playlists reason=getStats t=2026-06-28T05:07:11.5311835+08:00 level=info msg="Finished building index" elapsed=513.1µs listRV=1
logger=bleve-backend namespace=default group=playlist.grafana.app resource=playlists reason=getStats t=2026-06-28T05:07:11.5311835+08:00 level=info msg="Storing index in cache" key="{Namespace:default Group:playlist.grafana.app Resource:playlists}" expiration=2026-06-28T05:17:11.5311835+08:00
logger=infra.usagestats t=2026-06-28T05:07:11.5322107+08:00 level=info msg="Usage stats are ready to report"
logger=context userId=0 orgId=1 uname= t=2026-06-28T05:07:21.3857288+08:00 level=info msg="Request Completed" method=GET path=/api/live/ws status=-1 remote_addr=[::1] time_ms=1 duration=1.0122ms size=0 referer= handler=/api/live/ws status_source=server
logger=context userId=0 orgId=1 uname= t=2026-06-28T05:07:21.504517+08:00 level=info msg="Request Completed" method=GET path=/@vite/client status=404 remote_addr=[::1] time_ms=3 duration=3.1019ms size=65726 referer=http://localhost:3000/ handler=notfound status_source=server
logger=live t=2026-06-28T05:07:21.891039+08:00 level=info msg="Initialized channel handler" channel=grafana/dashboard/uid/firegraph-overview address=grafana/dashboard/uid/firegraph-overview
logger=cleanup t=2026-06-28T05:15:12.5713347+08:00 level=info msg="Completed cleanup jobs" duration=45.2908ms
logger=plugins.update.checker t=2026-06-28T05:15:13.3143584+08:00 level=info msg="Update check succeeded" duration=338.7704ms
logger=plugins.update.checker t=2026-06-28T05:15:13.3148815+08:00 level=info msg="flag evaluation succeeded" flag="{Value:false EvaluationDetails:{FlagKey:pluginsAutoUpdate FlagType:bool ResolutionDetail:{Variant:default Reason:STATIC ErrorCode: ErrorMessage: FlagMetadata:map[]}}}" details="{Value:false EvaluationDetails:{FlagKey:pluginsAutoUpdate FlagType:bool ResolutionDetail:{Variant:default Reason:STATIC ErrorCode: ErrorMessage: FlagMetadata:map[]}}}"
logger=bleve-backend t=2026-06-28T05:17:10.4987314+08:00 level=info msg="index evicted from cache" reason=expired key="{Namespace:default Group:dashboard.grafana.app Resource:dashboards}" storage=memory
logger=bleve-backend t=2026-06-28T05:17:10.4992412+08:00 level=info msg="index evicted from cache" reason=expired key="{Namespace:default Group:folder.grafana.app Resource:folders}" storage=memory
logger=bleve-backend t=2026-06-28T05:19:10.4978889+08:00 level=info msg="index evicted from cache" reason=expired key="{Namespace:default Group:provisioning.grafana.app Resource:repositories}" storage=memory
logger=bleve-backend t=2026-06-28T05:19:10.499436+08:00 level=info msg="index evicted from cache" reason=expired key="{Namespace:default Group:playlist.grafana.app Resource:playlists}" storage=memory
logger=sqlstore.transactions t=2026-06-28T05:20:10.9643828+08:00 level=info msg="Database locked, sleeping then retrying" error="database is locked (5) (SQLITE_BUSY)" retry=0 sleep=43.464459ms
logger=cleanup t=2026-06-28T05:25:12.5258002+08:00 level=info msg="Completed cleanup jobs" duration=1.643ms
logger=plugins.update.checker t=2026-06-28T05:25:13.354447+08:00 level=info msg="Update check succeeded" duration=381.0084ms
logger=plugins.update.checker t=2026-06-28T05:25:13.3549532+08:00 level=info msg="flag evaluation succeeded" flag="{Value:false EvaluationDetails:{FlagKey:pluginsAutoUpdate FlagType:bool ResolutionDetail:{Variant:default Reason:STATIC ErrorCode: ErrorMessage: FlagMetadata:map[]}}}" details="{Value:false EvaluationDetails:{FlagKey:pluginsAutoUpdate FlagType:bool ResolutionDetail:{Variant:default Reason:STATIC ErrorCode: ErrorMessage: FlagMetadata:map[]}}}"
logger=cleanup t=2026-06-28T05:35:12.574828+08:00 level=info msg="Completed cleanup jobs" duration=53.2178ms
logger=plugins.update.checker t=2026-06-28T05:35:13.3130931+08:00 level=info msg="Update check succeeded" duration=342.3672ms
logger=plugins.update.checker t=2026-06-28T05:35:13.3150685+08:00 level=info msg="flag evaluation succeeded" flag="{Value:false EvaluationDetails:{FlagKey:pluginsAutoUpdate FlagType:bool ResolutionDetail:{Variant:default Reason:STATIC ErrorCode: ErrorMessage: FlagMetadata:map[]}}}" details="{Value:false EvaluationDetails:{FlagKey:pluginsAutoUpdate FlagType:bool ResolutionDetail:{Variant:default Reason:STATIC ErrorCode: ErrorMessage: FlagMetadata:map[]}}}"
logger=bleve-backend namespace=default group=provisioning.grafana.app resource=repositories reason=getStats t=2026-06-28T05:37:11.5275544+08:00 level=info msg="Building index using memory"
logger=bleve-backend namespace=default group=provisioning.grafana.app resource=repositories reason=getStats t=2026-06-28T05:37:11.5349471+08:00 level=info msg="Finished building index" elapsed=1.0366ms listRV=1
logger=bleve-backend namespace=default group=provisioning.grafana.app resource=repositories reason=getStats t=2026-06-28T05:37:11.5368762+08:00 level=info msg="Storing index in cache" key="{Namespace:default Group:provisioning.grafana.app Resource:repositories}" expiration=2026-06-28T05:47:11.5368762+08:00
logger=bleve-backend namespace=default group=playlist.grafana.app resource=playlists reason=getStats t=2026-06-28T05:37:11.5420712+08:00 level=info msg="Building index using memory"
logger=bleve-backend namespace=default group=playlist.grafana.app resource=playlists reason=getStats t=2026-06-28T05:37:11.5426548+08:00 level=info msg="Finished building index" elapsed=0s listRV=1
logger=bleve-backend namespace=default group=playlist.grafana.app resource=playlists reason=getStats t=2026-06-28T05:37:11.5441972+08:00 level=info msg="Storing index in cache" key="{Namespace:default Group:playlist.grafana.app Resource:playlists}" expiration=2026-06-28T05:47:11.5441972+08:00
logger=bleve-backend namespace=default group=folder.grafana.app resource=folders reason=getStats t=2026-06-28T05:37:11.5465104+08:00 level=info msg="Building index using memory"
logger=bleve-backend namespace=default group=folder.grafana.app resource=folders reason=getStats t=2026-06-28T05:37:11.5494925+08:00 level=info msg="Finished building index" elapsed=1.918ms listRV=1782594312479014
logger=bleve-backend namespace=default group=folder.grafana.app resource=folders reason=getStats t=2026-06-28T05:37:11.5526274+08:00 level=info msg="Storing index in cache" key="{Namespace:default Group:folder.grafana.app Resource:folders}" expiration=2026-06-28T05:47:11.5526274+08:00
logger=bleve-backend namespace=default group=dashboard.grafana.app resource=dashboards reason=getStats t=2026-06-28T05:37:11.555526+08:00 level=info msg="Building index using memory"
logger=bleve-backend namespace=default group=dashboard.grafana.app resource=dashboards reason=getStats t=2026-06-28T05:37:11.5606323+08:00 level=info msg="Finished building index" elapsed=4.052ms listRV=1782594312508988
logger=bleve-backend namespace=default group=dashboard.grafana.app resource=dashboards reason=getStats t=2026-06-28T05:37:11.5606323+08:00 level=info msg="Storing index in cache" key="{Namespace:default Group:dashboard.grafana.app Resource:dashboards}" expiration=2026-06-28T05:47:11.5606323+08:00
logger=infra.usagestats t=2026-06-28T05:37:11.5631787+08:00 level=info msg="Usage stats are ready to report"
logger=cleanup t=2026-06-28T05:45:12.5238605+08:00 level=info msg="Completed cleanup jobs" duration=4.2444ms
logger=plugins.update.checker t=2026-06-28T05:45:13.3205935+08:00 level=info msg="Update check succeeded" duration=351.6844ms
logger=plugins.update.checker t=2026-06-28T05:45:13.32174+08:00 level=info msg="flag evaluation succeeded" flag="{Value:false EvaluationDetails:{FlagKey:pluginsAutoUpdate FlagType:bool ResolutionDetail:{Variant:default Reason:STATIC ErrorCode: ErrorMessage: FlagMetadata:map[]}}}" details="{Value:false EvaluationDetails:{FlagKey:pluginsAutoUpdate FlagType:bool ResolutionDetail:{Variant:default Reason:STATIC ErrorCode: ErrorMessage: FlagMetadata:map[]}}}"
logger=bleve-backend t=2026-06-28T05:49:10.4934938+08:00 level=info msg="index evicted from cache" reason=expired key="{Namespace:default Group:provisioning.grafana.app Resource:repositories}" storage=memory
logger=bleve-backend t=2026-06-28T05:49:10.4934938+08:00 level=info msg="index evicted from cache" reason=expired key="{Namespace:default Group:playlist.grafana.app Resource:playlists}" storage=memory
logger=bleve-backend t=2026-06-28T05:49:10.4942942+08:00 level=info msg="index evicted from cache" reason=expired key="{Namespace:default Group:folder.grafana.app Resource:folders}" storage=memory
logger=bleve-backend t=2026-06-28T05:49:10.4948578+08:00 level=info msg="index evicted from cache" reason=expired key="{Namespace:default Group:dashboard.grafana.app Resource:dashboards}" storage=memory
logger=cleanup t=2026-06-28T05:55:12.587478+08:00 level=info msg="Completed cleanup jobs" duration=70.146ms
logger=plugins.update.checker t=2026-06-28T05:55:13.331278+08:00 level=info msg="Update check succeeded" duration=364.9753ms
logger=plugins.update.checker t=2026-06-28T05:55:13.3318147+08:00 level=info msg="flag evaluation succeeded" flag="{Value:false EvaluationDetails:{FlagKey:pluginsAutoUpdate FlagType:bool ResolutionDetail:{Variant:default Reason:STATIC ErrorCode: ErrorMessage: FlagMetadata:map[]}}}" details="{Value:false EvaluationDetails:{FlagKey:pluginsAutoUpdate FlagType:bool ResolutionDetail:{Variant:default Reason:STATIC ErrorCode: ErrorMessage: FlagMetadata:map[]}}}"
logger=cleanup t=2026-06-28T06:05:12.5425176+08:00 level=info msg="Completed cleanup jobs" duration=27.2559ms
logger=plugins.update.checker t=2026-06-28T06:05:13.3557413+08:00 level=info msg="Update check succeeded" duration=391.5756ms
logger=plugins.update.checker t=2026-06-28T06:05:13.3570843+08:00 level=info msg="flag evaluation succeeded" flag="{Value:false EvaluationDetails:{FlagKey:pluginsAutoUpdate FlagType:bool ResolutionDetail:{Variant:default Reason:STATIC ErrorCode: ErrorMessage: FlagMetadata:map[]}}}" details="{Value:false EvaluationDetails:{FlagKey:pluginsAutoUpdate FlagType:bool ResolutionDetail:{Variant:default Reason:STATIC ErrorCode: ErrorMessage: FlagMetadata:map[]}}}"
logger=bleve-backend namespace=default group=provisioning.grafana.app resource=repositories reason=getStats t=2026-06-28T06:07:11.5326948+08:00 level=info msg="Building index using memory"
logger=bleve-backend namespace=default group=provisioning.grafana.app resource=repositories reason=getStats t=2026-06-28T06:07:11.5369959+08:00 level=info msg="Finished building index" elapsed=2.873ms listRV=1
logger=bleve-backend namespace=default group=provisioning.grafana.app resource=repositories reason=getStats t=2026-06-28T06:07:11.5369959+08:00 level=info msg="Storing index in cache" key="{Namespace:default Group:provisioning.grafana.app Resource:repositories}" expiration=2026-06-28T06:17:11.5369959+08:00
logger=bleve-backend namespace=default group=playlist.grafana.app resource=playlists reason=getStats t=2026-06-28T06:07:11.5380325+08:00 level=info msg="Building index using memory"
logger=bleve-backend namespace=default group=playlist.grafana.app resource=playlists reason=getStats t=2026-06-28T06:07:11.5380325+08:00 level=info msg="Finished building index" elapsed=0s listRV=1
logger=bleve-backend namespace=default group=playlist.grafana.app resource=playlists reason=getStats t=2026-06-28T06:07:11.5385516+08:00 level=info msg="Storing index in cache" key="{Namespace:default Group:playlist.grafana.app Resource:playlists}" expiration=2026-06-28T06:17:11.5385516+08:00
logger=bleve-backend namespace=default group=folder.grafana.app resource=folders reason=getStats t=2026-06-28T06:07:11.5385516+08:00 level=info msg="Building index using memory"
logger=bleve-backend namespace=default group=folder.grafana.app resource=folders reason=getStats t=2026-06-28T06:07:11.5401156+08:00 level=info msg="Finished building index" elapsed=1.0513ms listRV=1782594312479014
logger=bleve-backend namespace=default group=folder.grafana.app resource=folders reason=getStats t=2026-06-28T06:07:11.5401156+08:00 level=info msg="Storing index in cache" key="{Namespace:default Group:folder.grafana.app Resource:folders}" expiration=2026-06-28T06:17:11.5401156+08:00
logger=bleve-backend namespace=default group=dashboard.grafana.app resource=dashboards reason=getStats t=2026-06-28T06:07:11.5401156+08:00 level=info msg="Building index using memory"
logger=bleve-backend namespace=default group=dashboard.grafana.app resource=dashboards reason=getStats t=2026-06-28T06:07:11.5411229+08:00 level=info msg="Finished building index" elapsed=0s listRV=1782594312508988
logger=bleve-backend namespace=default group=dashboard.grafana.app resource=dashboards reason=getStats t=2026-06-28T06:07:11.5426957+08:00 level=info msg="Storing index in cache" key="{Namespace:default Group:dashboard.grafana.app Resource:dashboards}" expiration=2026-06-28T06:17:11.5426957+08:00
logger=infra.usagestats t=2026-06-28T06:07:11.5426957+08:00 level=info msg="Usage stats are ready to report"
logger=cleanup t=2026-06-28T06:15:12.5408177+08:00 level=info msg="Completed cleanup jobs" duration=28.1096ms
logger=plugins.update.checker t=2026-06-28T06:15:13.3023767+08:00 level=info msg="Update check succeeded" duration=339.8351ms
logger=plugins.update.checker t=2026-06-28T06:15:13.3029446+08:00 level=info msg="flag evaluation succeeded" flag="{Value:false EvaluationDetails:{FlagKey:pluginsAutoUpdate FlagType:bool ResolutionDetail:{Variant:default Reason:STATIC ErrorCode: ErrorMessage: FlagMetadata:map[]}}}" details="{Value:false EvaluationDetails:{FlagKey:pluginsAutoUpdate FlagType:bool ResolutionDetail:{Variant:default Reason:STATIC ErrorCode: ErrorMessage: FlagMetadata:map[]}}}"
logger=bleve-backend t=2026-06-28T06:19:10.4847618+08:00 level=info msg="index evicted from cache" reason=expired key="{Namespace:default Group:playlist.grafana.app Resource:playlists}" storage=memory
logger=bleve-backend t=2026-06-28T06:19:10.4868674+08:00 level=info msg="index evicted from cache" reason=expired key="{Namespace:default Group:folder.grafana.app Resource:folders}" storage=memory
logger=bleve-backend t=2026-06-28T06:19:10.4868674+08:00 level=info msg="index evicted from cache" reason=expired key="{Namespace:default Group:dashboard.grafana.app Resource:dashboards}" storage=memory
logger=bleve-backend t=2026-06-28T06:19:10.4875062+08:00 level=info msg="index evicted from cache" reason=expired key="{Namespace:default Group:provisioning.grafana.app Resource:repositories}" storage=memory
logger=cleanup t=2026-06-28T06:25:12.5120822+08:00 level=info msg="Completed cleanup jobs" duration=1.5398ms
logger=plugins.update.checker t=2026-06-28T06:25:13.2944281+08:00 level=info msg="Update check succeeded" duration=334.668ms
logger=plugins.update.checker t=2026-06-28T06:25:13.2992876+08:00 level=info msg="flag evaluation succeeded" flag="{Value:false EvaluationDetails:{FlagKey:pluginsAutoUpdate FlagType:bool ResolutionDetail:{Variant:default Reason:STATIC ErrorCode: ErrorMessage: FlagMetadata:map[]}}}" details="{Value:false EvaluationDetails:{FlagKey:pluginsAutoUpdate FlagType:bool ResolutionDetail:{Variant:default Reason:STATIC ErrorCode: ErrorMessage: FlagMetadata:map[]}}}"
logger=cleanup t=2026-06-28T06:35:12.5576193+08:00 level=info msg="Completed cleanup jobs" duration=48.6074ms
logger=plugins.update.checker t=2026-06-28T06:35:13.3177265+08:00 level=info msg="Update check succeeded" duration=360.0106ms
logger=plugins.update.checker t=2026-06-28T06:35:13.3177265+08:00 level=info msg="flag evaluation succeeded" flag="{Value:false EvaluationDetails:{FlagKey:pluginsAutoUpdate FlagType:bool ResolutionDetail:{Variant:default Reason:STATIC ErrorCode: ErrorMessage: FlagMetadata:map[]}}}" details="{Value:false EvaluationDetails:{FlagKey:pluginsAutoUpdate FlagType:bool ResolutionDetail:{Variant:default Reason:STATIC ErrorCode: ErrorMessage: FlagMetadata:map[]}}}"
logger=bleve-backend namespace=default group=provisioning.grafana.app resource=repositories reason=getStats t=2026-06-28T06:37:11.5171946+08:00 level=info msg="Building index using memory"
logger=bleve-backend namespace=default group=provisioning.grafana.app resource=repositories reason=getStats t=2026-06-28T06:37:11.5178497+08:00 level=info msg="Finished building index" elapsed=655.1µs listRV=1
logger=bleve-backend namespace=default group=provisioning.grafana.app resource=repositories reason=getStats t=2026-06-28T06:37:11.5223277+08:00 level=info msg="Storing index in cache" key="{Namespace:default Group:provisioning.grafana.app Resource:repositories}" expiration=2026-06-28T06:47:11.5223277+08:00
logger=bleve-backend namespace=default group=playlist.grafana.app resource=playlists reason=getStats t=2026-06-28T06:37:11.5237218+08:00 level=info msg="Building index using memory"
logger=bleve-backend namespace=default group=playlist.grafana.app resource=playlists reason=getStats t=2026-06-28T06:37:11.524781+08:00 level=info msg="Finished building index" elapsed=301.8µs listRV=1
logger=bleve-backend namespace=default group=playlist.grafana.app resource=playlists reason=getStats t=2026-06-28T06:37:11.5258361+08:00 level=info msg="Storing index in cache" key="{Namespace:default Group:playlist.grafana.app Resource:playlists}" expiration=2026-06-28T06:47:11.5258361+08:00
logger=bleve-backend namespace=default group=folder.grafana.app resource=folders reason=getStats t=2026-06-28T06:37:11.5292503+08:00 level=info msg="Building index using memory"
logger=bleve-backend namespace=default group=folder.grafana.app resource=folders reason=getStats t=2026-06-28T06:37:11.5322883+08:00 level=info msg="Finished building index" elapsed=1.9675ms listRV=1782594312479014
logger=bleve-backend namespace=default group=folder.grafana.app resource=folders reason=getStats t=2026-06-28T06:37:11.5327951+08:00 level=info msg="Storing index in cache" key="{Namespace:default Group:folder.grafana.app Resource:folders}" expiration=2026-06-28T06:47:11.5327951+08:00
logger=bleve-backend namespace=default group=dashboard.grafana.app resource=dashboards reason=getStats t=2026-06-28T06:37:11.5338737+08:00 level=info msg="Building index using memory"
logger=bleve-backend namespace=default group=dashboard.grafana.app resource=dashboards reason=getStats t=2026-06-28T06:37:11.5354564+08:00 level=info msg="Finished building index" elapsed=1.0433ms listRV=1782594312508988
logger=bleve-backend namespace=default group=dashboard.grafana.app resource=dashboards reason=getStats t=2026-06-28T06:37:11.5354564+08:00 level=info msg="Storing index in cache" key="{Namespace:default Group:dashboard.grafana.app Resource:dashboards}" expiration=2026-06-28T06:47:11.5354564+08:00
logger=infra.usagestats t=2026-06-28T06:37:11.536537+08:00 level=info msg="Usage stats are ready to report"
logger=cleanup t=2026-06-28T06:45:12.5274925+08:00 level=info msg="Completed cleanup jobs" duration=20.7751ms
logger=plugins.update.checker t=2026-06-28T06:45:13.3091427+08:00 level=info msg="Update check succeeded" duration=353.8612ms
logger=plugins.update.checker t=2026-06-28T06:45:13.310292+08:00 level=info msg="flag evaluation succeeded" flag="{Value:false EvaluationDetails:{FlagKey:pluginsAutoUpdate FlagType:bool ResolutionDetail:{Variant:default Reason:STATIC ErrorCode: ErrorMessage: FlagMetadata:map[]}}}" details="{Value:false EvaluationDetails:{FlagKey:pluginsAutoUpdate FlagType:bool ResolutionDetail:{Variant:default Reason:STATIC ErrorCode: ErrorMessage: FlagMetadata:map[]}}}"
logger=bleve-backend t=2026-06-28T06:49:10.4777717+08:00 level=info msg="index evicted from cache" reason=expired key="{Namespace:default Group:playlist.grafana.app Resource:playlists}" storage=memory
logger=bleve-backend t=2026-06-28T06:49:10.4777717+08:00 level=info msg="index evicted from cache" reason=expired key="{Namespace:default Group:folder.grafana.app Resource:folders}" storage=memory
logger=bleve-backend t=2026-06-28T06:49:10.4777717+08:00 level=info msg="index evicted from cache" reason=expired key="{Namespace:default Group:dashboard.grafana.app Resource:dashboards}" storage=memory
logger=bleve-backend t=2026-06-28T06:49:10.4777717+08:00 level=info msg="index evicted from cache" reason=expired key="{Namespace:default Group:provisioning.grafana.app Resource:repositories}" storage=memory
logger=cleanup t=2026-06-28T06:55:12.5347177+08:00 level=info msg="Completed cleanup jobs" duration=30.5904ms
logger=plugins.update.checker t=2026-06-28T06:55:13.3024371+08:00 level=info msg="Update check succeeded" duration=348.0433ms
logger=plugins.update.checker t=2026-06-28T06:55:13.3030992+08:00 level=info msg="flag evaluation succeeded" flag="{Value:false EvaluationDetails:{FlagKey:pluginsAutoUpdate FlagType:bool ResolutionDetail:{Variant:default Reason:STATIC ErrorCode: ErrorMessage: FlagMetadata:map[]}}}" details="{Value:false EvaluationDetails:{FlagKey:pluginsAutoUpdate FlagType:bool ResolutionDetail:{Variant:default Reason:STATIC ErrorCode: ErrorMessage: FlagMetadata:map[]}}}"
logger=cleanup t=2026-06-28T07:05:12.5044516+08:00 level=info msg="Completed cleanup jobs" duration=2.5849ms
logger=plugins.update.checker t=2026-06-28T07:05:13.2988347+08:00 level=info msg="Update check succeeded" duration=348.2461ms
logger=plugins.update.checker t=2026-06-28T07:05:13.2988347+08:00 level=info msg="flag evaluation succeeded" flag="{Value:false EvaluationDetails:{FlagKey:pluginsAutoUpdate FlagType:bool ResolutionDetail:{Variant:default Reason:STATIC ErrorCode: ErrorMessage: FlagMetadata:map[]}}}" details="{Value:false EvaluationDetails:{FlagKey:pluginsAutoUpdate FlagType:bool ResolutionDetail:{Variant:default Reason:STATIC ErrorCode: ErrorMessage: FlagMetadata:map[]}}}"
logger=bleve-backend namespace=default group=provisioning.grafana.app resource=repositories reason=getStats t=2026-06-28T07:07:11.5089055+08:00 level=info msg="Building index using memory"
logger=bleve-backend namespace=default group=provisioning.grafana.app resource=repositories reason=getStats t=2026-06-28T07:07:11.5103559+08:00 level=info msg="Finished building index" elapsed=728.7µs listRV=1
logger=bleve-backend namespace=default group=provisioning.grafana.app resource=repositories reason=getStats t=2026-06-28T07:07:11.5103559+08:00 level=info msg="Storing index in cache" key="{Namespace:default Group:provisioning.grafana.app Resource:repositories}" expiration=2026-06-28T07:17:11.5103559+08:00
logger=bleve-backend namespace=default group=playlist.grafana.app resource=playlists reason=getStats t=2026-06-28T07:07:11.5114529+08:00 level=info msg="Building index using memory"
logger=bleve-backend namespace=default group=playlist.grafana.app resource=playlists reason=getStats t=2026-06-28T07:07:11.5120424+08:00 level=info msg="Finished building index" elapsed=589.5µs listRV=1
logger=bleve-backend namespace=default group=playlist.grafana.app resource=playlists reason=getStats t=2026-06-28T07:07:11.5126172+08:00 level=info msg="Storing index in cache" key="{Namespace:default Group:playlist.grafana.app Resource:playlists}" expiration=2026-06-28T07:17:11.5126172+08:00
logger=bleve-backend namespace=default group=folder.grafana.app resource=folders reason=getStats t=2026-06-28T07:07:11.514519+08:00 level=info msg="Building index using memory"
logger=bleve-backend namespace=default group=folder.grafana.app resource=folders reason=getStats t=2026-06-28T07:07:11.5182093+08:00 level=info msg="Finished building index" elapsed=3.3685ms listRV=1782594312479014
logger=bleve-backend namespace=default group=folder.grafana.app resource=folders reason=getStats t=2026-06-28T07:07:11.5189072+08:00 level=info msg="Storing index in cache" key="{Namespace:default Group:folder.grafana.app Resource:folders}" expiration=2026-06-28T07:17:11.5189072+08:00
logger=bleve-backend namespace=default group=dashboard.grafana.app resource=dashboards reason=getStats t=2026-06-28T07:07:11.5194261+08:00 level=info msg="Building index using memory"
logger=bleve-backend namespace=default group=dashboard.grafana.app resource=dashboards reason=getStats t=2026-06-28T07:07:11.5240115+08:00 level=info msg="Finished building index" elapsed=4.0186ms listRV=1782594312508988
logger=bleve-backend namespace=default group=dashboard.grafana.app resource=dashboards reason=getStats t=2026-06-28T07:07:11.5240115+08:00 level=info msg="Storing index in cache" key="{Namespace:default Group:dashboard.grafana.app Resource:dashboards}" expiration=2026-06-28T07:17:11.5240115+08:00
logger=infra.usagestats t=2026-06-28T07:07:11.5262335+08:00 level=info msg="Usage stats are ready to report"
logger=cleanup t=2026-06-28T07:15:12.555549+08:00 level=info msg="Completed cleanup jobs" duration=56.4395ms
logger=plugins.update.checker t=2026-06-28T07:15:13.2866261+08:00 level=info msg="Update check succeeded" duration=337.9617ms
logger=plugins.update.checker t=2026-06-28T07:15:13.2871346+08:00 level=info msg="flag evaluation succeeded" flag="{Value:false EvaluationDetails:{FlagKey:pluginsAutoUpdate FlagType:bool ResolutionDetail:{Variant:default Reason:STATIC ErrorCode: ErrorMessage: FlagMetadata:map[]}}}" details="{Value:false EvaluationDetails:{FlagKey:pluginsAutoUpdate FlagType:bool ResolutionDetail:{Variant:default Reason:STATIC ErrorCode: ErrorMessage: FlagMetadata:map[]}}}"
logger=bleve-backend t=2026-06-28T07:19:10.4708827+08:00 level=info msg="index evicted from cache" reason=expired key="{Namespace:default Group:provisioning.grafana.app Resource:repositories}" storage=memory
logger=bleve-backend t=2026-06-28T07:19:10.4745329+08:00 level=info msg="index evicted from cache" reason=expired key="{Namespace:default Group:playlist.grafana.app Resource:playlists}" storage=memory
logger=bleve-backend t=2026-06-28T07:19:10.4745329+08:00 level=info msg="index evicted from cache" reason=expired key="{Namespace:default Group:folder.grafana.app Resource:folders}" storage=memory
logger=bleve-backend t=2026-06-28T07:19:10.4745329+08:00 level=info msg="index evicted from cache" reason=expired key="{Namespace:default Group:dashboard.grafana.app Resource:dashboards}" storage=memory
logger=cleanup t=2026-06-28T07:25:12.5559628+08:00 level=info msg="Completed cleanup jobs" duration=59.1804ms
logger=plugins.update.checker t=2026-06-28T07:25:13.2986158+08:00 level=info msg="Update check succeeded" duration=352.6133ms
logger=plugins.update.checker t=2026-06-28T07:25:13.3021763+08:00 level=info msg="flag evaluation succeeded" flag="{Value:false EvaluationDetails:{FlagKey:pluginsAutoUpdate FlagType:bool ResolutionDetail:{Variant:default Reason:STATIC ErrorCode: ErrorMessage: FlagMetadata:map[]}}}" details="{Value:false EvaluationDetails:{FlagKey:pluginsAutoUpdate FlagType:bool ResolutionDetail:{Variant:default Reason:STATIC ErrorCode: ErrorMessage: FlagMetadata:map[]}}}"
logger=cleanup t=2026-06-28T07:35:12.49925+08:00 level=info msg="Completed cleanup jobs" duration=4.6412ms
logger=plugins.update.checker t=2026-06-28T07:35:13.2722592+08:00 level=info msg="Update check succeeded" duration=326.612ms
logger=plugins.update.checker t=2026-06-28T07:35:13.2722592+08:00 level=info msg="flag evaluation succeeded" flag="{Value:false EvaluationDetails:{FlagKey:pluginsAutoUpdate FlagType:bool ResolutionDetail:{Variant:default Reason:STATIC ErrorCode: ErrorMessage: FlagMetadata:map[]}}}" details="{Value:false EvaluationDetails:{FlagKey:pluginsAutoUpdate FlagType:bool ResolutionDetail:{Variant:default Reason:STATIC ErrorCode: ErrorMessage: FlagMetadata:map[]}}}"
logger=bleve-backend namespace=default group=provisioning.grafana.app resource=repositories reason=getStats t=2026-06-28T07:37:11.5013537+08:00 level=info msg="Building index using memory"
logger=bleve-backend namespace=default group=provisioning.grafana.app resource=repositories reason=getStats t=2026-06-28T07:37:11.5046637+08:00 level=info msg="Finished building index" elapsed=2.3059ms listRV=1
logger=bleve-backend namespace=default group=provisioning.grafana.app resource=repositories reason=getStats t=2026-06-28T07:37:11.5053077+08:00 level=info msg="Storing index in cache" key="{Namespace:default Group:provisioning.grafana.app Resource:repositories}" expiration=2026-06-28T07:47:11.5053077+08:00
logger=bleve-backend namespace=default group=playlist.grafana.app resource=playlists reason=getStats t=2026-06-28T07:37:11.5058226+08:00 level=info msg="Building index using memory"
logger=bleve-backend namespace=default group=playlist.grafana.app resource=playlists reason=getStats t=2026-06-28T07:37:11.5063327+08:00 level=info msg="Finished building index" elapsed=510.1µs listRV=1
logger=bleve-backend namespace=default group=playlist.grafana.app resource=playlists reason=getStats t=2026-06-28T07:37:11.5063327+08:00 level=info msg="Storing index in cache" key="{Namespace:default Group:playlist.grafana.app Resource:playlists}" expiration=2026-06-28T07:47:11.5063327+08:00
logger=bleve-backend namespace=default group=folder.grafana.app resource=folders reason=getStats t=2026-06-28T07:37:11.5068514+08:00 level=info msg="Building index using memory"
logger=bleve-backend namespace=default group=folder.grafana.app resource=folders reason=getStats t=2026-06-28T07:37:11.5084638+08:00 level=info msg="Finished building index" elapsed=1.6124ms listRV=1782594312479014
logger=bleve-backend namespace=default group=folder.grafana.app resource=folders reason=getStats t=2026-06-28T07:37:11.5098254+08:00 level=info msg="Storing index in cache" key="{Namespace:default Group:folder.grafana.app Resource:folders}" expiration=2026-06-28T07:47:11.5098254+08:00
logger=bleve-backend namespace=default group=dashboard.grafana.app resource=dashboards reason=getStats t=2026-06-28T07:37:11.514437+08:00 level=info msg="Building index using memory"
logger=bleve-backend namespace=default group=dashboard.grafana.app resource=dashboards reason=getStats t=2026-06-28T07:37:11.5161304+08:00 level=info msg="Finished building index" elapsed=1.1712ms listRV=1782594312508988
logger=bleve-backend namespace=default group=dashboard.grafana.app resource=dashboards reason=getStats t=2026-06-28T07:37:11.5166372+08:00 level=info msg="Storing index in cache" key="{Namespace:default Group:dashboard.grafana.app Resource:dashboards}" expiration=2026-06-28T07:47:11.5166372+08:00
logger=infra.usagestats t=2026-06-28T07:37:11.5171572+08:00 level=info msg="Usage stats are ready to report"
logger=cleanup t=2026-06-28T07:45:12.4928351+08:00 level=info msg="Completed cleanup jobs" duration=508.1µs
logger=plugins.update.checker t=2026-06-28T07:45:13.3345464+08:00 level=info msg="Update check succeeded" duration=392.9341ms
logger=plugins.update.checker t=2026-06-28T07:45:13.3345464+08:00 level=info msg="flag evaluation succeeded" flag="{Value:false EvaluationDetails:{FlagKey:pluginsAutoUpdate FlagType:bool ResolutionDetail:{Variant:default Reason:STATIC ErrorCode: ErrorMessage: FlagMetadata:map[]}}}" details="{Value:false EvaluationDetails:{FlagKey:pluginsAutoUpdate FlagType:bool ResolutionDetail:{Variant:default Reason:STATIC ErrorCode: ErrorMessage: FlagMetadata:map[]}}}"
logger=bleve-backend t=2026-06-28T07:49:10.4637351+08:00 level=info msg="index evicted from cache" reason=expired key="{Namespace:default Group:provisioning.grafana.app Resource:repositories}" storage=memory
logger=bleve-backend t=2026-06-28T07:49:10.4643702+08:00 level=info msg="index evicted from cache" reason=expired key="{Namespace:default Group:playlist.grafana.app Resource:playlists}" storage=memory
logger=bleve-backend t=2026-06-28T07:49:10.4649721+08:00 level=info msg="index evicted from cache" reason=expired key="{Namespace:default Group:folder.grafana.app Resource:folders}" storage=memory
logger=bleve-backend t=2026-06-28T07:49:10.4656573+08:00 level=info msg="index evicted from cache" reason=expired key="{Namespace:default Group:dashboard.grafana.app Resource:dashboards}" storage=memory
logger=cleanup t=2026-06-28T07:55:12.5078857+08:00 level=info msg="Completed cleanup jobs" duration=17.0023ms
logger=plugins.update.checker t=2026-06-28T07:55:13.298687+08:00 level=info msg="Update check succeeded" duration=358.712ms
logger=plugins.update.checker t=2026-06-28T07:55:13.3000751+08:00 level=info msg="flag evaluation succeeded" flag="{Value:false EvaluationDetails:{FlagKey:pluginsAutoUpdate FlagType:bool ResolutionDetail:{Variant:default Reason:STATIC ErrorCode: ErrorMessage: FlagMetadata:map[]}}}" details="{Value:false EvaluationDetails:{FlagKey:pluginsAutoUpdate FlagType:bool ResolutionDetail:{Variant:default Reason:STATIC ErrorCode: ErrorMessage: FlagMetadata:map[]}}}"
logger=cleanup t=2026-06-28T08:05:12.5217171+08:00 level=info msg="Completed cleanup jobs" duration=34.0993ms
logger=plugins.update.checker t=2026-06-28T08:05:13.2879029+08:00 level=info msg="Update check succeeded" duration=350.7641ms
logger=plugins.update.checker t=2026-06-28T08:05:13.2884564+08:00 level=info msg="flag evaluation succeeded" flag="{Value:false EvaluationDetails:{FlagKey:pluginsAutoUpdate FlagType:bool ResolutionDetail:{Variant:default Reason:STATIC ErrorCode: ErrorMessage: FlagMetadata:map[]}}}" details="{Value:false EvaluationDetails:{FlagKey:pluginsAutoUpdate FlagType:bool ResolutionDetail:{Variant:default Reason:STATIC ErrorCode: ErrorMessage: FlagMetadata:map[]}}}"
logger=bleve-backend namespace=default group=provisioning.grafana.app resource=repositories reason=getStats t=2026-06-28T08:07:11.5008722+08:00 level=info msg="Building index using memory"
logger=bleve-backend namespace=default group=provisioning.grafana.app resource=repositories reason=getStats t=2026-06-28T08:07:11.5034723+08:00 level=info msg="Finished building index" elapsed=503.4µs listRV=1
logger=bleve-backend namespace=default group=provisioning.grafana.app resource=repositories reason=getStats t=2026-06-28T08:07:11.5039808+08:00 level=info msg="Storing index in cache" key="{Namespace:default Group:provisioning.grafana.app Resource:repositories}" expiration=2026-06-28T08:17:11.5039808+08:00
logger=bleve-backend namespace=default group=playlist.grafana.app resource=playlists reason=getStats t=2026-06-28T08:07:11.5050775+08:00 level=info msg="Building index using memory"
logger=bleve-backend namespace=default group=playlist.grafana.app resource=playlists reason=getStats t=2026-06-28T08:07:11.5056003+08:00 level=info msg="Finished building index" elapsed=522.8µs listRV=1
logger=bleve-backend namespace=default group=playlist.grafana.app resource=playlists reason=getStats t=2026-06-28T08:07:11.5056003+08:00 level=info msg="Storing index in cache" key="{Namespace:default Group:playlist.grafana.app Resource:playlists}" expiration=2026-06-28T08:17:11.5056003+08:00
logger=bleve-backend namespace=default group=folder.grafana.app resource=folders reason=getStats t=2026-06-28T08:07:11.5066309+08:00 level=info msg="Building index using memory"
logger=bleve-backend namespace=default group=folder.grafana.app resource=folders reason=getStats t=2026-06-28T08:07:11.507667+08:00 level=info msg="Finished building index" elapsed=1.0361ms listRV=1782594312479014
logger=bleve-backend namespace=default group=folder.grafana.app resource=folders reason=getStats t=2026-06-28T08:07:11.507667+08:00 level=info msg="Storing index in cache" key="{Namespace:default Group:folder.grafana.app Resource:folders}" expiration=2026-06-28T08:17:11.507667+08:00
logger=bleve-backend namespace=default group=dashboard.grafana.app resource=dashboards reason=getStats t=2026-06-28T08:07:11.5087973+08:00 level=info msg="Building index using memory"
logger=bleve-backend namespace=default group=dashboard.grafana.app resource=dashboards reason=getStats t=2026-06-28T08:07:11.5103599+08:00 level=info msg="Finished building index" elapsed=1.5626ms listRV=1782594312508988
logger=bleve-backend namespace=default group=dashboard.grafana.app resource=dashboards reason=getStats t=2026-06-28T08:07:11.5103599+08:00 level=info msg="Storing index in cache" key="{Namespace:default Group:dashboard.grafana.app Resource:dashboards}" expiration=2026-06-28T08:17:11.5103599+08:00
logger=infra.usagestats t=2026-06-28T08:07:11.510888+08:00 level=info msg="Usage stats are ready to report"
logger=cleanup t=2026-06-28T08:15:12.4917971+08:00 level=info msg="Completed cleanup jobs" duration=5.8029ms
logger=plugins.update.checker t=2026-06-28T08:15:13.2844366+08:00 level=info msg="Update check succeeded" duration=349.5634ms
logger=plugins.update.checker t=2026-06-28T08:15:13.285117+08:00 level=info msg="flag evaluation succeeded" flag="{Value:false EvaluationDetails:{FlagKey:pluginsAutoUpdate FlagType:bool ResolutionDetail:{Variant:default Reason:STATIC ErrorCode: ErrorMessage: FlagMetadata:map[]}}}" details="{Value:false EvaluationDetails:{FlagKey:pluginsAutoUpdate FlagType:bool ResolutionDetail:{Variant:default Reason:STATIC ErrorCode: ErrorMessage: FlagMetadata:map[]}}}"
logger=bleve-backend t=2026-06-28T08:19:10.4570799+08:00 level=info msg="index evicted from cache" reason=expired key="{Namespace:default Group:playlist.grafana.app Resource:playlists}" storage=memory
logger=bleve-backend t=2026-06-28T08:19:10.4570799+08:00 level=info msg="index evicted from cache" reason=expired key="{Namespace:default Group:folder.grafana.app Resource:folders}" storage=memory
logger=bleve-backend t=2026-06-28T08:19:10.4570799+08:00 level=info msg="index evicted from cache" reason=expired key="{Namespace:default Group:dashboard.grafana.app Resource:dashboards}" storage=memory
logger=bleve-backend t=2026-06-28T08:19:10.4570799+08:00 level=info msg="index evicted from cache" reason=expired key="{Namespace:default Group:provisioning.grafana.app Resource:repositories}" storage=memory
logger=cleanup t=2026-06-28T08:25:12.490491+08:00 level=info msg="Completed cleanup jobs" duration=6.9458ms
logger=plugins.update.checker t=2026-06-28T08:25:13.2496495+08:00 level=info msg="Update check succeeded" duration=316.9264ms
logger=plugins.update.checker t=2026-06-28T08:25:13.250153+08:00 level=info msg="flag evaluation succeeded" flag="{Value:false EvaluationDetails:{FlagKey:pluginsAutoUpdate FlagType:bool ResolutionDetail:{Variant:default Reason:STATIC ErrorCode: ErrorMessage: FlagMetadata:map[]}}}" details="{Value:false EvaluationDetails:{FlagKey:pluginsAutoUpdate FlagType:bool ResolutionDetail:{Variant:default Reason:STATIC ErrorCode: ErrorMessage: FlagMetadata:map[]}}}"
logger=cleanup t=2026-06-28T08:35:12.5122119+08:00 level=info msg="Completed cleanup jobs" duration=30.5211ms
logger=plugins.update.checker t=2026-06-28T08:35:13.2694945+08:00 level=info msg="Update check succeeded" duration=338.7013ms
logger=plugins.update.checker t=2026-06-28T08:35:13.2694945+08:00 level=info msg="flag evaluation succeeded" flag="{Value:false EvaluationDetails:{FlagKey:pluginsAutoUpdate FlagType:bool ResolutionDetail:{Variant:default Reason:STATIC ErrorCode: ErrorMessage: FlagMetadata:map[]}}}" details="{Value:false EvaluationDetails:{FlagKey:pluginsAutoUpdate FlagType:bool ResolutionDetail:{Variant:default Reason:STATIC ErrorCode: ErrorMessage: FlagMetadata:map[]}}}"
logger=bleve-backend namespace=default group=provisioning.grafana.app resource=repositories reason=getStats t=2026-06-28T08:37:11.4875069+08:00 level=info msg="Building index using memory"
logger=bleve-backend namespace=default group=provisioning.grafana.app resource=repositories reason=getStats t=2026-06-28T08:37:11.4880228+08:00 level=info msg="Finished building index" elapsed=515.9µs listRV=1
logger=bleve-backend namespace=default group=provisioning.grafana.app resource=repositories reason=getStats t=2026-06-28T08:37:11.4885346+08:00 level=info msg="Storing index in cache" key="{Namespace:default Group:provisioning.grafana.app Resource:repositories}" expiration=2026-06-28T08:47:11.4885346+08:00
logger=bleve-backend namespace=default group=playlist.grafana.app resource=playlists reason=getStats t=2026-06-28T08:37:11.4890624+08:00 level=info msg="Building index using memory"
logger=bleve-backend namespace=default group=playlist.grafana.app resource=playlists reason=getStats t=2026-06-28T08:37:11.4890624+08:00 level=info msg="Finished building index" elapsed=0s listRV=1
logger=bleve-backend namespace=default group=playlist.grafana.app resource=playlists reason=getStats t=2026-06-28T08:37:11.4890624+08:00 level=info msg="Storing index in cache" key="{Namespace:default Group:playlist.grafana.app Resource:playlists}" expiration=2026-06-28T08:47:11.4890624+08:00
logger=bleve-backend namespace=default group=folder.grafana.app resource=folders reason=getStats t=2026-06-28T08:37:11.4895762+08:00 level=info msg="Building index using memory"
logger=bleve-backend namespace=default group=folder.grafana.app resource=folders reason=getStats t=2026-06-28T08:37:11.4948137+08:00 level=info msg="Finished building index" elapsed=4.722ms listRV=1782594312479014
logger=bleve-backend namespace=default group=folder.grafana.app resource=folders reason=getStats t=2026-06-28T08:37:11.4960196+08:00 level=info msg="Storing index in cache" key="{Namespace:default Group:folder.grafana.app Resource:folders}" expiration=2026-06-28T08:47:11.4960196+08:00
logger=bleve-backend namespace=default group=dashboard.grafana.app resource=dashboards reason=getStats t=2026-06-28T08:37:11.4970547+08:00 level=info msg="Building index using memory"
logger=bleve-backend namespace=default group=dashboard.grafana.app resource=dashboards reason=getStats t=2026-06-28T08:37:11.500863+08:00 level=info msg="Finished building index" elapsed=3.2534ms listRV=1782594312508988
logger=bleve-backend namespace=default group=dashboard.grafana.app resource=dashboards reason=getStats t=2026-06-28T08:37:11.500863+08:00 level=info msg="Storing index in cache" key="{Namespace:default Group:dashboard.grafana.app Resource:dashboards}" expiration=2026-06-28T08:47:11.500863+08:00
logger=infra.usagestats t=2026-06-28T08:37:11.5019043+08:00 level=info msg="Usage stats are ready to report"
logger=cleanup t=2026-06-28T08:45:12.5378768+08:00 level=info msg="Completed cleanup jobs" duration=58.9949ms
logger=plugins.update.checker t=2026-06-28T08:45:13.296962+08:00 level=info msg="Update check succeeded" duration=369.3146ms
logger=plugins.update.checker t=2026-06-28T08:45:13.2984196+08:00 level=info msg="flag evaluation succeeded" flag="{Value:false EvaluationDetails:{FlagKey:pluginsAutoUpdate FlagType:bool ResolutionDetail:{Variant:default Reason:STATIC ErrorCode: ErrorMessage: FlagMetadata:map[]}}}" details="{Value:false EvaluationDetails:{FlagKey:pluginsAutoUpdate FlagType:bool ResolutionDetail:{Variant:default Reason:STATIC ErrorCode: ErrorMessage: FlagMetadata:map[]}}}"
logger=bleve-backend t=2026-06-28T08:49:10.4504088+08:00 level=info msg="index evicted from cache" reason=expired key="{Namespace:default Group:dashboard.grafana.app Resource:dashboards}" storage=memory
logger=bleve-backend t=2026-06-28T08:49:10.4504088+08:00 level=info msg="index evicted from cache" reason=expired key="{Namespace:default Group:provisioning.grafana.app Resource:repositories}" storage=memory
logger=bleve-backend t=2026-06-28T08:49:10.4504088+08:00 level=info msg="index evicted from cache" reason=expired key="{Namespace:default Group:playlist.grafana.app Resource:playlists}" storage=memory
logger=bleve-backend t=2026-06-28T08:49:10.4504088+08:00 level=info msg="index evicted from cache" reason=expired key="{Namespace:default Group:folder.grafana.app Resource:folders}" storage=memory
logger=cleanup t=2026-06-28T08:55:12.5059864+08:00 level=info msg="Completed cleanup jobs" duration=28.6918ms
logger=plugins.update.checker t=2026-06-28T08:55:13.3205887+08:00 level=info msg="Update check succeeded" duration=394.872ms
logger=plugins.update.checker t=2026-06-28T08:55:13.3210949+08:00 level=info msg="flag evaluation succeeded" flag="{Value:false EvaluationDetails:{FlagKey:pluginsAutoUpdate FlagType:bool ResolutionDetail:{Variant:default Reason:STATIC ErrorCode: ErrorMessage: FlagMetadata:map[]}}}" details="{Value:false EvaluationDetails:{FlagKey:pluginsAutoUpdate FlagType:bool ResolutionDetail:{Variant:default Reason:STATIC ErrorCode: ErrorMessage: FlagMetadata:map[]}}}"
logger=cleanup t=2026-06-28T09:05:12.4969414+08:00 level=info msg="Completed cleanup jobs" duration=22.6771ms
logger=plugins.update.checker t=2026-06-28T09:05:13.265737+08:00 level=info msg="Update check succeeded" duration=342.663ms
logger=plugins.update.checker t=2026-06-28T09:05:13.2662407+08:00 level=info msg="flag evaluation succeeded" flag="{Value:false EvaluationDetails:{FlagKey:pluginsAutoUpdate FlagType:bool ResolutionDetail:{Variant:default Reason:STATIC ErrorCode: ErrorMessage: FlagMetadata:map[]}}}" details="{Value:false EvaluationDetails:{FlagKey:pluginsAutoUpdate FlagType:bool ResolutionDetail:{Variant:default Reason:STATIC ErrorCode: ErrorMessage: FlagMetadata:map[]}}}"
logger=bleve-backend namespace=default group=provisioning.grafana.app resource=repositories reason=getStats t=2026-06-28T09:07:11.4792924+08:00 level=info msg="Building index using memory"
logger=bleve-backend namespace=default group=provisioning.grafana.app resource=repositories reason=getStats t=2026-06-28T09:07:11.4798205+08:00 level=info msg="Finished building index" elapsed=528.1µs listRV=1
logger=bleve-backend namespace=default group=provisioning.grafana.app resource=repositories reason=getStats t=2026-06-28T09:07:11.4808801+08:00 level=info msg="Storing index in cache" key="{Namespace:default Group:provisioning.grafana.app Resource:repositories}" expiration=2026-06-28T09:17:11.4808801+08:00
logger=bleve-backend namespace=default group=playlist.grafana.app resource=playlists reason=getStats t=2026-06-28T09:07:11.4828917+08:00 level=info msg="Building index using memory"
logger=bleve-backend namespace=default group=playlist.grafana.app resource=playlists reason=getStats t=2026-06-28T09:07:11.4840006+08:00 level=info msg="Finished building index" elapsed=0s listRV=1
logger=bleve-backend namespace=default group=playlist.grafana.app resource=playlists reason=getStats t=2026-06-28T09:07:11.4848585+08:00 level=info msg="Storing index in cache" key="{Namespace:default Group:playlist.grafana.app Resource:playlists}" expiration=2026-06-28T09:17:11.4848585+08:00
logger=bleve-backend namespace=default group=folder.grafana.app resource=folders reason=getStats t=2026-06-28T09:07:11.4860365+08:00 level=info msg="Building index using memory"
logger=bleve-backend namespace=default group=folder.grafana.app resource=folders reason=getStats t=2026-06-28T09:07:11.4894946+08:00 level=info msg="Finished building index" elapsed=2.8582ms listRV=1782594312479014
logger=bleve-backend namespace=default group=folder.grafana.app resource=folders reason=getStats t=2026-06-28T09:07:11.4900693+08:00 level=info msg="Storing index in cache" key="{Namespace:default Group:folder.grafana.app Resource:folders}" expiration=2026-06-28T09:17:11.4900693+08:00
logger=bleve-backend namespace=default group=dashboard.grafana.app resource=dashboards reason=getStats t=2026-06-28T09:07:11.4918939+08:00 level=info msg="Building index using memory"
logger=bleve-backend namespace=default group=dashboard.grafana.app resource=dashboards reason=getStats t=2026-06-28T09:07:11.4954794+08:00 level=info msg="Finished building index" elapsed=3.045ms listRV=1782594312508988
logger=bleve-backend namespace=default group=dashboard.grafana.app resource=dashboards reason=getStats t=2026-06-28T09:07:11.4959821+08:00 level=info msg="Storing index in cache" key="{Namespace:default Group:dashboard.grafana.app Resource:dashboards}" expiration=2026-06-28T09:17:11.4959821+08:00
logger=infra.usagestats t=2026-06-28T09:07:11.4970929+08:00 level=info msg="Usage stats are ready to report"
logger=cleanup t=2026-06-28T09:15:12.4742916+08:00 level=info msg="Completed cleanup jobs" duration=2.6448ms
logger=plugins.update.checker t=2026-06-28T09:15:13.2909731+08:00 level=info msg="Update check succeeded" duration=369.6214ms
logger=plugins.update.checker t=2026-06-28T09:15:13.2909731+08:00 level=info msg="flag evaluation succeeded" flag="{Value:false EvaluationDetails:{FlagKey:pluginsAutoUpdate FlagType:bool ResolutionDetail:{Variant:default Reason:STATIC ErrorCode: ErrorMessage: FlagMetadata:map[]}}}" details="{Value:false EvaluationDetails:{FlagKey:pluginsAutoUpdate FlagType:bool ResolutionDetail:{Variant:default Reason:STATIC ErrorCode: ErrorMessage: FlagMetadata:map[]}}}"
logger=bleve-backend t=2026-06-28T09:19:10.4433387+08:00 level=info msg="index evicted from cache" reason=expired key="{Namespace:default Group:provisioning.grafana.app Resource:repositories}" storage=memory
logger=bleve-backend t=2026-06-28T09:19:10.4433387+08:00 level=info msg="index evicted from cache" reason=expired key="{Namespace:default Group:playlist.grafana.app Resource:playlists}" storage=memory
logger=bleve-backend t=2026-06-28T09:19:10.4438424+08:00 level=info msg="index evicted from cache" reason=expired key="{Namespace:default Group:folder.grafana.app Resource:folders}" storage=memory
logger=bleve-backend t=2026-06-28T09:19:10.4438424+08:00 level=info msg="index evicted from cache" reason=expired key="{Namespace:default Group:dashboard.grafana.app Resource:dashboards}" storage=memory
logger=cleanup t=2026-06-28T09:25:12.4799143+08:00 level=info msg="Completed cleanup jobs" duration=9.2228ms
logger=plugins.update.checker t=2026-06-28T09:25:13.2710739+08:00 level=info msg="Update check succeeded" duration=352.1681ms
logger=plugins.update.checker t=2026-06-28T09:25:13.2724567+08:00 level=info msg="flag evaluation succeeded" flag="{Value:false EvaluationDetails:{FlagKey:pluginsAutoUpdate FlagType:bool ResolutionDetail:{Variant:default Reason:STATIC ErrorCode: ErrorMessage: FlagMetadata:map[]}}}" details="{Value:false EvaluationDetails:{FlagKey:pluginsAutoUpdate FlagType:bool ResolutionDetail:{Variant:default Reason:STATIC ErrorCode: ErrorMessage: FlagMetadata:map[]}}}"
logger=cleanup t=2026-06-28T09:35:12.4761758+08:00 level=info msg="Completed cleanup jobs" duration=8.9191ms
logger=plugins.update.checker t=2026-06-28T09:35:13.271591+08:00 level=info msg="Update check succeeded" duration=354.8645ms
logger=plugins.update.checker t=2026-06-28T09:35:13.2721365+08:00 level=info msg="flag evaluation succeeded" flag="{Value:false EvaluationDetails:{FlagKey:pluginsAutoUpdate FlagType:bool ResolutionDetail:{Variant:default Reason:STATIC ErrorCode: ErrorMessage: FlagMetadata:map[]}}}" details="{Value:false EvaluationDetails:{FlagKey:pluginsAutoUpdate FlagType:bool ResolutionDetail:{Variant:default Reason:STATIC ErrorCode: ErrorMessage: FlagMetadata:map[]}}}"
logger=bleve-backend namespace=default group=provisioning.grafana.app resource=repositories reason=getStats t=2026-06-28T09:37:11.4743254+08:00 level=info msg="Building index using memory"
logger=bleve-backend namespace=default group=provisioning.grafana.app resource=repositories reason=getStats t=2026-06-28T09:37:11.4756146+08:00 level=info msg="Finished building index" elapsed=769.8µs listRV=1
logger=bleve-backend namespace=default group=provisioning.grafana.app resource=repositories reason=getStats t=2026-06-28T09:37:11.4762161+08:00 level=info msg="Storing index in cache" key="{Namespace:default Group:provisioning.grafana.app Resource:repositories}" expiration=2026-06-28T09:47:11.4762161+08:00
logger=bleve-backend namespace=default group=playlist.grafana.app resource=playlists reason=getStats t=2026-06-28T09:37:11.4773237+08:00 level=info msg="Building index using memory"
logger=bleve-backend namespace=default group=playlist.grafana.app resource=playlists reason=getStats t=2026-06-28T09:37:11.4778994+08:00 level=info msg="Finished building index" elapsed=575.7µs listRV=1
logger=bleve-backend namespace=default group=playlist.grafana.app resource=playlists reason=getStats t=2026-06-28T09:37:11.4778994+08:00 level=info msg="Storing index in cache" key="{Namespace:default Group:playlist.grafana.app Resource:playlists}" expiration=2026-06-28T09:47:11.4778994+08:00
logger=bleve-backend namespace=default group=folder.grafana.app resource=folders reason=getStats t=2026-06-28T09:37:11.4790747+08:00 level=info msg="Building index using memory"
logger=bleve-backend namespace=default group=folder.grafana.app resource=folders reason=getStats t=2026-06-28T09:37:11.4809795+08:00 level=info msg="Finished building index" elapsed=1.3827ms listRV=1782594312479014
logger=bleve-backend namespace=default group=folder.grafana.app resource=folders reason=getStats t=2026-06-28T09:37:11.4809795+08:00 level=info msg="Storing index in cache" key="{Namespace:default Group:folder.grafana.app Resource:folders}" expiration=2026-06-28T09:47:11.4809795+08:00
logger=bleve-backend namespace=default group=dashboard.grafana.app resource=dashboards reason=getStats t=2026-06-28T09:37:11.4822285+08:00 level=info msg="Building index using memory"
logger=bleve-backend namespace=default group=dashboard.grafana.app resource=dashboards reason=getStats t=2026-06-28T09:37:11.4852661+08:00 level=info msg="Finished building index" elapsed=2.4208ms listRV=1782594312508988
logger=bleve-backend namespace=default group=dashboard.grafana.app resource=dashboards reason=getStats t=2026-06-28T09:37:11.4852661+08:00 level=info msg="Storing index in cache" key="{Namespace:default Group:dashboard.grafana.app Resource:dashboards}" expiration=2026-06-28T09:47:11.4852661+08:00
logger=infra.usagestats t=2026-06-28T09:37:11.4864371+08:00 level=info msg="Usage stats are ready to report"
logger=cleanup t=2026-06-28T09:45:12.4673614+08:00 level=info msg="Completed cleanup jobs" duration=2.2799ms
logger=plugins.update.checker t=2026-06-28T09:45:13.2805196+08:00 level=info msg="Update check succeeded" duration=366.3782ms
logger=plugins.update.checker t=2026-06-28T09:45:13.2805196+08:00 level=info msg="flag evaluation succeeded" flag="{Value:false EvaluationDetails:{FlagKey:pluginsAutoUpdate FlagType:bool ResolutionDetail:{Variant:default Reason:STATIC ErrorCode: ErrorMessage: FlagMetadata:map[]}}}" details="{Value:false EvaluationDetails:{FlagKey:pluginsAutoUpdate FlagType:bool ResolutionDetail:{Variant:default Reason:STATIC ErrorCode: ErrorMessage: FlagMetadata:map[]}}}"
logger=bleve-backend t=2026-06-28T09:49:10.4365159+08:00 level=info msg="index evicted from cache" reason=expired key="{Namespace:default Group:dashboard.grafana.app Resource:dashboards}" storage=memory
logger=bleve-backend t=2026-06-28T09:49:10.4365159+08:00 level=info msg="index evicted from cache" reason=expired key="{Namespace:default Group:provisioning.grafana.app Resource:repositories}" storage=memory
logger=bleve-backend t=2026-06-28T09:49:10.4365159+08:00 level=info msg="index evicted from cache" reason=expired key="{Namespace:default Group:playlist.grafana.app Resource:playlists}" storage=memory
logger=bleve-backend t=2026-06-28T09:49:10.4365159+08:00 level=info msg="index evicted from cache" reason=expired key="{Namespace:default Group:folder.grafana.app Resource:folders}" storage=memory
logger=cleanup t=2026-06-28T09:55:12.4643251+08:00 level=info msg="Completed cleanup jobs" duration=1.5379ms
logger=plugins.update.checker t=2026-06-28T09:55:13.2496065+08:00 level=info msg="Update check succeeded" duration=337.6233ms
logger=plugins.update.checker t=2026-06-28T09:55:13.2507832+08:00 level=info msg="flag evaluation succeeded" flag="{Value:false EvaluationDetails:{FlagKey:pluginsAutoUpdate FlagType:bool ResolutionDetail:{Variant:default Reason:STATIC ErrorCode: ErrorMessage: FlagMetadata:map[]}}}" details="{Value:false EvaluationDetails:{FlagKey:pluginsAutoUpdate FlagType:bool ResolutionDetail:{Variant:default Reason:STATIC ErrorCode: ErrorMessage: FlagMetadata:map[]}}}"
logger=cleanup t=2026-06-28T10:05:12.5210623+08:00 level=info msg="Completed cleanup jobs" duration=60.605ms
logger=plugins.update.checker t=2026-06-28T10:05:13.2615701+08:00 level=info msg="Update check succeeded" duration=352.3613ms
logger=plugins.update.checker t=2026-06-28T10:05:13.2615701+08:00 level=info msg="flag evaluation succeeded" flag="{Value:false EvaluationDetails:{FlagKey:pluginsAutoUpdate FlagType:bool ResolutionDetail:{Variant:default Reason:STATIC ErrorCode: ErrorMessage: FlagMetadata:map[]}}}" details="{Value:false EvaluationDetails:{FlagKey:pluginsAutoUpdate FlagType:bool ResolutionDetail:{Variant:default Reason:STATIC ErrorCode: ErrorMessage: FlagMetadata:map[]}}}"
logger=bleve-backend namespace=default group=provisioning.grafana.app resource=repositories reason=getStats t=2026-06-28T10:07:11.4665365+08:00 level=info msg="Building index using memory"
logger=bleve-backend namespace=default group=provisioning.grafana.app resource=repositories reason=getStats t=2026-06-28T10:07:11.4676836+08:00 level=info msg="Finished building index" elapsed=1.1471ms listRV=1
logger=bleve-backend namespace=default group=provisioning.grafana.app resource=repositories reason=getStats t=2026-06-28T10:07:11.4676836+08:00 level=info msg="Storing index in cache" key="{Namespace:default Group:provisioning.grafana.app Resource:repositories}" expiration=2026-06-28T10:17:11.4676836+08:00
logger=bleve-backend namespace=default group=playlist.grafana.app resource=playlists reason=getStats t=2026-06-28T10:07:11.470204+08:00 level=info msg="Building index using memory"
logger=bleve-backend namespace=default group=playlist.grafana.app resource=playlists reason=getStats t=2026-06-28T10:07:11.4712098+08:00 level=info msg="Finished building index" elapsed=1.0058ms listRV=1
logger=bleve-backend namespace=default group=playlist.grafana.app resource=playlists reason=getStats t=2026-06-28T10:07:11.4712098+08:00 level=info msg="Storing index in cache" key="{Namespace:default Group:playlist.grafana.app Resource:playlists}" expiration=2026-06-28T10:17:11.4712098+08:00
logger=bleve-backend namespace=default group=folder.grafana.app resource=folders reason=getStats t=2026-06-28T10:07:11.4727469+08:00 level=info msg="Building index using memory"
logger=bleve-backend namespace=default group=folder.grafana.app resource=folders reason=getStats t=2026-06-28T10:07:11.4737614+08:00 level=info msg="Finished building index" elapsed=1.0145ms listRV=1782594312479014
logger=bleve-backend namespace=default group=folder.grafana.app resource=folders reason=getStats t=2026-06-28T10:07:11.4752973+08:00 level=info msg="Storing index in cache" key="{Namespace:default Group:folder.grafana.app Resource:folders}" expiration=2026-06-28T10:17:11.4752973+08:00
logger=bleve-backend namespace=default group=dashboard.grafana.app resource=dashboards reason=getStats t=2026-06-28T10:07:11.4764924+08:00 level=info msg="Building index using memory"
logger=bleve-backend namespace=default group=dashboard.grafana.app resource=dashboards reason=getStats t=2026-06-28T10:07:11.4805012+08:00 level=info msg="Finished building index" elapsed=2.9748ms listRV=1782594312508988
logger=bleve-backend namespace=default group=dashboard.grafana.app resource=dashboards reason=getStats t=2026-06-28T10:07:11.4805012+08:00 level=info msg="Storing index in cache" key="{Namespace:default Group:dashboard.grafana.app Resource:dashboards}" expiration=2026-06-28T10:17:11.4805012+08:00
logger=infra.usagestats t=2026-06-28T10:07:11.4817036+08:00 level=info msg="Usage stats are ready to report"
logger=cleanup t=2026-06-28T10:15:12.4636824+08:00 level=info msg="Completed cleanup jobs" duration=4.9898ms
logger=plugins.update.checker t=2026-06-28T10:15:13.4603469+08:00 level=info msg="Update check succeeded" duration=553.2088ms
logger=plugins.update.checker t=2026-06-28T10:15:13.4609127+08:00 level=info msg="flag evaluation succeeded" flag="{Value:false EvaluationDetails:{FlagKey:pluginsAutoUpdate FlagType:bool ResolutionDetail:{Variant:default Reason:STATIC ErrorCode: ErrorMessage: FlagMetadata:map[]}}}" details="{Value:false EvaluationDetails:{FlagKey:pluginsAutoUpdate FlagType:bool ResolutionDetail:{Variant:default Reason:STATIC ErrorCode: ErrorMessage: FlagMetadata:map[]}}}"
logger=bleve-backend t=2026-06-28T10:19:10.4297224+08:00 level=info msg="index evicted from cache" reason=expired key="{Namespace:default Group:provisioning.grafana.app Resource:repositories}" storage=memory
logger=bleve-backend t=2026-06-28T10:19:10.4297224+08:00 level=info msg="index evicted from cache" reason=expired key="{Namespace:default Group:playlist.grafana.app Resource:playlists}" storage=memory
logger=bleve-backend t=2026-06-28T10:19:10.4297224+08:00 level=info msg="index evicted from cache" reason=expired key="{Namespace:default Group:folder.grafana.app Resource:folders}" storage=memory
logger=bleve-backend t=2026-06-28T10:19:10.4297224+08:00 level=info msg="index evicted from cache" reason=expired key="{Namespace:default Group:dashboard.grafana.app Resource:dashboards}" storage=memory
logger=cleanup t=2026-06-28T10:25:12.485811+08:00 level=info msg="Completed cleanup jobs" duration=30.0422ms
logger=plugins.update.checker t=2026-06-28T10:25:13.2977883+08:00 level=info msg="Update check succeeded" duration=392.9483ms
logger=plugins.update.checker t=2026-06-28T10:25:13.3015817+08:00 level=info msg="flag evaluation succeeded" flag="{Value:false EvaluationDetails:{FlagKey:pluginsAutoUpdate FlagType:bool ResolutionDetail:{Variant:default Reason:STATIC ErrorCode: ErrorMessage: FlagMetadata:map[]}}}" details="{Value:false EvaluationDetails:{FlagKey:pluginsAutoUpdate FlagType:bool ResolutionDetail:{Variant:default Reason:STATIC ErrorCode: ErrorMessage: FlagMetadata:map[]}}}"
logger=cleanup t=2026-06-28T10:35:12.4730681+08:00 level=info msg="Completed cleanup jobs" duration=17.3513ms
logger=plugins.update.checker t=2026-06-28T10:35:13.2985574+08:00 level=info msg="Update check succeeded" duration=395.4742ms
logger=plugins.update.checker t=2026-06-28T10:35:13.2992482+08:00 level=info msg="flag evaluation succeeded" flag="{Value:false EvaluationDetails:{FlagKey:pluginsAutoUpdate FlagType:bool ResolutionDetail:{Variant:default Reason:STATIC ErrorCode: ErrorMessage: FlagMetadata:map[]}}}" details="{Value:false EvaluationDetails:{FlagKey:pluginsAutoUpdate FlagType:bool ResolutionDetail:{Variant:default Reason:STATIC ErrorCode: ErrorMessage: FlagMetadata:map[]}}}"
logger=bleve-backend namespace=default group=provisioning.grafana.app resource=repositories reason=getStats t=2026-06-28T10:37:11.4628527+08:00 level=info msg="Building index using memory"
logger=bleve-backend namespace=default group=provisioning.grafana.app resource=repositories reason=getStats t=2026-06-28T10:37:11.4638684+08:00 level=info msg="Finished building index" elapsed=509µs listRV=1
logger=bleve-backend namespace=default group=provisioning.grafana.app resource=repositories reason=getStats t=2026-06-28T10:37:11.4644603+08:00 level=info msg="Storing index in cache" key="{Namespace:default Group:provisioning.grafana.app Resource:repositories}" expiration=2026-06-28T10:47:11.4644603+08:00
logger=bleve-backend namespace=default group=playlist.grafana.app resource=playlists reason=getStats t=2026-06-28T10:37:11.465248+08:00 level=info msg="Building index using memory"
logger=bleve-backend namespace=default group=playlist.grafana.app resource=playlists reason=getStats t=2026-06-28T10:37:11.4657594+08:00 level=info msg="Finished building index" elapsed=511.4µs listRV=1
logger=bleve-backend namespace=default group=playlist.grafana.app resource=playlists reason=getStats t=2026-06-28T10:37:11.4657594+08:00 level=info msg="Storing index in cache" key="{Namespace:default Group:playlist.grafana.app Resource:playlists}" expiration=2026-06-28T10:47:11.4657594+08:00
logger=bleve-backend namespace=default group=folder.grafana.app resource=folders reason=getStats t=2026-06-28T10:37:11.4662694+08:00 level=info msg="Building index using memory"
logger=bleve-backend namespace=default group=folder.grafana.app resource=folders reason=getStats t=2026-06-28T10:37:11.4667756+08:00 level=info msg="Finished building index" elapsed=506.2µs listRV=1782594312479014
logger=bleve-backend namespace=default group=folder.grafana.app resource=folders reason=getStats t=2026-06-28T10:37:11.4667756+08:00 level=info msg="Storing index in cache" key="{Namespace:default Group:folder.grafana.app Resource:folders}" expiration=2026-06-28T10:47:11.4667756+08:00
logger=bleve-backend namespace=default group=dashboard.grafana.app resource=dashboards reason=getStats t=2026-06-28T10:37:11.4674634+08:00 level=info msg="Building index using memory"
logger=bleve-backend namespace=default group=dashboard.grafana.app resource=dashboards reason=getStats t=2026-06-28T10:37:11.4773978+08:00 level=info msg="Finished building index" elapsed=9.9344ms listRV=1782594312508988
logger=bleve-backend namespace=default group=dashboard.grafana.app resource=dashboards reason=getStats t=2026-06-28T10:37:11.4773978+08:00 level=info msg="Storing index in cache" key="{Namespace:default Group:dashboard.grafana.app Resource:dashboards}" expiration=2026-06-28T10:47:11.4773978+08:00
logger=infra.usagestats t=2026-06-28T10:37:11.4806705+08:00 level=info msg="Usage stats are ready to report"
logger=cleanup t=2026-06-28T10:45:12.480513+08:00 level=info msg="Completed cleanup jobs" duration=29.2998ms
logger=plugins.update.checker t=2026-06-28T10:45:13.381749+08:00 level=info msg="Update check succeeded" duration=481.6035ms
logger=plugins.update.checker t=2026-06-28T10:45:13.381749+08:00 level=info msg="flag evaluation succeeded" flag="{Value:false EvaluationDetails:{FlagKey:pluginsAutoUpdate FlagType:bool ResolutionDetail:{Variant:default Reason:STATIC ErrorCode: ErrorMessage: FlagMetadata:map[]}}}" details="{Value:false EvaluationDetails:{FlagKey:pluginsAutoUpdate FlagType:bool ResolutionDetail:{Variant:default Reason:STATIC ErrorCode: ErrorMessage: FlagMetadata:map[]}}}"
logger=bleve-backend t=2026-06-28T10:49:10.422873+08:00 level=info msg="index evicted from cache" reason=expired key="{Namespace:default Group:playlist.grafana.app Resource:playlists}" storage=memory
logger=bleve-backend t=2026-06-28T10:49:10.4242331+08:00 level=info msg="index evicted from cache" reason=expired key="{Namespace:default Group:folder.grafana.app Resource:folders}" storage=memory
logger=bleve-backend t=2026-06-28T10:49:10.4253489+08:00 level=info msg="index evicted from cache" reason=expired key="{Namespace:default Group:dashboard.grafana.app Resource:dashboards}" storage=memory
logger=bleve-backend t=2026-06-28T10:49:10.4258559+08:00 level=info msg="index evicted from cache" reason=expired key="{Namespace:default Group:provisioning.grafana.app Resource:repositories}" storage=memory
logger=cleanup t=2026-06-28T10:55:12.4846005+08:00 level=info msg="Completed cleanup jobs" duration=34.8043ms
logger=plugins.update.checker t=2026-06-28T10:55:13.5505072+08:00 level=info msg="Update check succeeded" duration=651.8874ms
logger=plugins.update.checker t=2026-06-28T10:55:13.5510478+08:00 level=info msg="flag evaluation succeeded" flag="{Value:false EvaluationDetails:{FlagKey:pluginsAutoUpdate FlagType:bool ResolutionDetail:{Variant:default Reason:STATIC ErrorCode: ErrorMessage: FlagMetadata:map[]}}}" details="{Value:false EvaluationDetails:{FlagKey:pluginsAutoUpdate FlagType:bool ResolutionDetail:{Variant:default Reason:STATIC ErrorCode: ErrorMessage: FlagMetadata:map[]}}}"
logger=cleanup t=2026-06-28T11:05:12.4482711+08:00 level=info msg="Completed cleanup jobs" duration=1.6888ms
logger=plugins.update.checker t=2026-06-28T11:05:13.2976598+08:00 level=info msg="Update check succeeded" duration=401.7608ms
logger=plugins.update.checker t=2026-06-28T11:05:13.2976598+08:00 level=info msg="flag evaluation succeeded" flag="{Value:false EvaluationDetails:{FlagKey:pluginsAutoUpdate FlagType:bool ResolutionDetail:{Variant:default Reason:STATIC ErrorCode: ErrorMessage: FlagMetadata:map[]}}}" details="{Value:false EvaluationDetails:{FlagKey:pluginsAutoUpdate FlagType:bool ResolutionDetail:{Variant:default Reason:STATIC ErrorCode: ErrorMessage: FlagMetadata:map[]}}}"
logger=bleve-backend namespace=default group=provisioning.grafana.app resource=repositories reason=getStats t=2026-06-28T11:07:11.4529254+08:00 level=info msg="Building index using memory"
logger=bleve-backend namespace=default group=provisioning.grafana.app resource=repositories reason=getStats t=2026-06-28T11:07:11.4535155+08:00 level=info msg="Finished building index" elapsed=590.1µs listRV=1
logger=bleve-backend namespace=default group=provisioning.grafana.app resource=repositories reason=getStats t=2026-06-28T11:07:11.4535155+08:00 level=info msg="Storing index in cache" key="{Namespace:default Group:provisioning.grafana.app Resource:repositories}" expiration=2026-06-28T11:17:11.4535155+08:00
logger=bleve-backend namespace=default group=playlist.grafana.app resource=playlists reason=getStats t=2026-06-28T11:07:11.4540298+08:00 level=info msg="Building index using memory"
logger=bleve-backend namespace=default group=playlist.grafana.app resource=playlists reason=getStats t=2026-06-28T11:07:11.4545423+08:00 level=info msg="Finished building index" elapsed=512.5µs listRV=1
logger=bleve-backend namespace=default group=playlist.grafana.app resource=playlists reason=getStats t=2026-06-28T11:07:11.4545423+08:00 level=info msg="Storing index in cache" key="{Namespace:default Group:playlist.grafana.app Resource:playlists}" expiration=2026-06-28T11:17:11.4545423+08:00
logger=bleve-backend namespace=default group=folder.grafana.app resource=folders reason=getStats t=2026-06-28T11:07:11.4550522+08:00 level=info msg="Building index using memory"
logger=bleve-backend namespace=default group=folder.grafana.app resource=folders reason=getStats t=2026-06-28T11:07:11.4560854+08:00 level=info msg="Finished building index" elapsed=1.0332ms listRV=1782594312479014
logger=bleve-backend namespace=default group=folder.grafana.app resource=folders reason=getStats t=2026-06-28T11:07:11.4560854+08:00 level=info msg="Storing index in cache" key="{Namespace:default Group:folder.grafana.app Resource:folders}" expiration=2026-06-28T11:17:11.4560854+08:00
logger=bleve-backend namespace=default group=dashboard.grafana.app resource=dashboards reason=getStats t=2026-06-28T11:07:11.4566263+08:00 level=info msg="Building index using memory"
logger=bleve-backend namespace=default group=dashboard.grafana.app resource=dashboards reason=getStats t=2026-06-28T11:07:11.4581693+08:00 level=info msg="Finished building index" elapsed=1.543ms listRV=1782594312508988
logger=bleve-backend namespace=default group=dashboard.grafana.app resource=dashboards reason=getStats t=2026-06-28T11:07:11.4588757+08:00 level=info msg="Storing index in cache" key="{Namespace:default Group:dashboard.grafana.app Resource:dashboards}" expiration=2026-06-28T11:17:11.4588757+08:00
logger=infra.usagestats t=2026-06-28T11:07:11.4603631+08:00 level=info msg="Usage stats are ready to report"
logger=cleanup t=2026-06-28T11:15:12.5117471+08:00 level=info msg="Completed cleanup jobs" duration=67.4468ms
logger=plugins.update.checker t=2026-06-28T11:15:13.4677647+08:00 level=info msg="Update check succeeded" duration=574.115ms
logger=plugins.update.checker t=2026-06-28T11:15:13.4677647+08:00 level=info msg="flag evaluation succeeded" flag="{Value:false EvaluationDetails:{FlagKey:pluginsAutoUpdate FlagType:bool ResolutionDetail:{Variant:default Reason:STATIC ErrorCode: ErrorMessage: FlagMetadata:map[]}}}" details="{Value:false EvaluationDetails:{FlagKey:pluginsAutoUpdate FlagType:bool ResolutionDetail:{Variant:default Reason:STATIC ErrorCode: ErrorMessage: FlagMetadata:map[]}}}"
logger=bleve-backend t=2026-06-28T11:19:10.4159874+08:00 level=info msg="index evicted from cache" reason=expired key="{Namespace:default Group:provisioning.grafana.app Resource:repositories}" storage=memory
logger=bleve-backend t=2026-06-28T11:19:10.4186942+08:00 level=info msg="index evicted from cache" reason=expired key="{Namespace:default Group:playlist.grafana.app Resource:playlists}" storage=memory
logger=bleve-backend t=2026-06-28T11:19:10.4194166+08:00 level=info msg="index evicted from cache" reason=expired key="{Namespace:default Group:folder.grafana.app Resource:folders}" storage=memory
logger=bleve-backend t=2026-06-28T11:19:10.4200862+08:00 level=info msg="index evicted from cache" reason=expired key="{Namespace:default Group:dashboard.grafana.app Resource:dashboards}" storage=memory
logger=cleanup t=2026-06-28T11:25:12.4612771+08:00 level=info msg="Completed cleanup jobs" duration=19.4862ms
logger=plugins.update.checker t=2026-06-28T11:25:13.377085+08:00 level=info msg="Update check succeeded" duration=486.0366ms
logger=plugins.update.checker t=2026-06-28T11:25:13.377085+08:00 level=info msg="flag evaluation succeeded" flag="{Value:false EvaluationDetails:{FlagKey:pluginsAutoUpdate FlagType:bool ResolutionDetail:{Variant:default Reason:STATIC ErrorCode: ErrorMessage: FlagMetadata:map[]}}}" details="{Value:false EvaluationDetails:{FlagKey:pluginsAutoUpdate FlagType:bool ResolutionDetail:{Variant:default Reason:STATIC ErrorCode: ErrorMessage: FlagMetadata:map[]}}}"
logger=cleanup t=2026-06-28T11:35:12.4928618+08:00 level=info msg="Completed cleanup jobs" duration=52.5967ms
logger=plugins.update.checker t=2026-06-28T11:35:13.2970388+08:00 level=info msg="Update check succeeded" duration=407.6898ms
logger=plugins.update.checker t=2026-06-28T11:35:13.2989013+08:00 level=info msg="flag evaluation succeeded" flag="{Value:false EvaluationDetails:{FlagKey:pluginsAutoUpdate FlagType:bool ResolutionDetail:{Variant:default Reason:STATIC ErrorCode: ErrorMessage: FlagMetadata:map[]}}}" details="{Value:false EvaluationDetails:{FlagKey:pluginsAutoUpdate FlagType:bool ResolutionDetail:{Variant:default Reason:STATIC ErrorCode: ErrorMessage: FlagMetadata:map[]}}}"
logger=bleve-backend namespace=default group=provisioning.grafana.app resource=repositories reason=getStats t=2026-06-28T11:37:11.4460212+08:00 level=info msg="Building index using memory"
logger=bleve-backend namespace=default group=provisioning.grafana.app resource=repositories reason=getStats t=2026-06-28T11:37:11.4471806+08:00 level=info msg="Finished building index" elapsed=564.5µs listRV=1
logger=bleve-backend namespace=default group=provisioning.grafana.app resource=repositories reason=getStats t=2026-06-28T11:37:11.4471806+08:00 level=info msg="Storing index in cache" key="{Namespace:default Group:provisioning.grafana.app Resource:repositories}" expiration=2026-06-28T11:47:11.4471806+08:00
logger=bleve-backend namespace=default group=playlist.grafana.app resource=playlists reason=getStats t=2026-06-28T11:37:11.4511323+08:00 level=info msg="Building index using memory"
logger=bleve-backend namespace=default group=playlist.grafana.app resource=playlists reason=getStats t=2026-06-28T11:37:11.4527385+08:00 level=info msg="Finished building index" elapsed=557.9µs listRV=1
logger=bleve-backend namespace=default group=playlist.grafana.app resource=playlists reason=getStats t=2026-06-28T11:37:11.4527385+08:00 level=info msg="Storing index in cache" key="{Namespace:default Group:playlist.grafana.app Resource:playlists}" expiration=2026-06-28T11:47:11.4527385+08:00
logger=bleve-backend namespace=default group=folder.grafana.app resource=folders reason=getStats t=2026-06-28T11:37:11.4537798+08:00 level=info msg="Building index using memory"
logger=bleve-backend namespace=default group=folder.grafana.app resource=folders reason=getStats t=2026-06-28T11:37:11.4560085+08:00 level=info msg="Finished building index" elapsed=1.6585ms listRV=1782594312479014
logger=bleve-backend namespace=default group=folder.grafana.app resource=folders reason=getStats t=2026-06-28T11:37:11.4560085+08:00 level=info msg="Storing index in cache" key="{Namespace:default Group:folder.grafana.app Resource:folders}" expiration=2026-06-28T11:47:11.4560085+08:00
logger=bleve-backend namespace=default group=dashboard.grafana.app resource=dashboards reason=getStats t=2026-06-28T11:37:11.4565394+08:00 level=info msg="Building index using memory"
logger=bleve-backend namespace=default group=dashboard.grafana.app resource=dashboards reason=getStats t=2026-06-28T11:37:11.4588362+08:00 level=info msg="Finished building index" elapsed=1.6953ms listRV=1782594312508988
logger=bleve-backend namespace=default group=dashboard.grafana.app resource=dashboards reason=getStats t=2026-06-28T11:37:11.4593416+08:00 level=info msg="Storing index in cache" key="{Namespace:default Group:dashboard.grafana.app Resource:dashboards}" expiration=2026-06-28T11:47:11.4593416+08:00
logger=infra.usagestats t=2026-06-28T11:37:11.4619313+08:00 level=info msg="Usage stats are ready to report"
logger=cleanup t=2026-06-28T11:45:12.4395323+08:00 level=info msg="Completed cleanup jobs" duration=1.88ms
logger=plugins.update.checker t=2026-06-28T11:45:13.2965627+08:00 level=info msg="Update check succeeded" duration=409.7244ms
logger=plugins.update.checker t=2026-06-28T11:45:13.2965627+08:00 level=info msg="flag evaluation succeeded" flag="{Value:false EvaluationDetails:{FlagKey:pluginsAutoUpdate FlagType:bool ResolutionDetail:{Variant:default Reason:STATIC ErrorCode: ErrorMessage: FlagMetadata:map[]}}}" details="{Value:false EvaluationDetails:{FlagKey:pluginsAutoUpdate FlagType:bool ResolutionDetail:{Variant:default Reason:STATIC ErrorCode: ErrorMessage: FlagMetadata:map[]}}}"
logger=bleve-backend t=2026-06-28T11:49:10.409022+08:00 level=info msg="index evicted from cache" reason=expired key="{Namespace:default Group:playlist.grafana.app Resource:playlists}" storage=memory
logger=bleve-backend t=2026-06-28T11:49:10.409022+08:00 level=info msg="index evicted from cache" reason=expired key="{Namespace:default Group:folder.grafana.app Resource:folders}" storage=memory
logger=bleve-backend t=2026-06-28T11:49:10.409022+08:00 level=info msg="index evicted from cache" reason=expired key="{Namespace:default Group:dashboard.grafana.app Resource:dashboards}" storage=memory
logger=bleve-backend t=2026-06-28T11:49:10.409022+08:00 level=info msg="index evicted from cache" reason=expired key="{Namespace:default Group:provisioning.grafana.app Resource:repositories}" storage=memory
logger=cleanup t=2026-06-28T11:55:12.441444+08:00 level=info msg="Completed cleanup jobs" duration=5.9814ms
logger=plugins.update.checker t=2026-06-28T11:55:13.3767732+08:00 level=info msg="Update check succeeded" duration=491.9885ms
logger=plugins.update.checker t=2026-06-28T11:55:13.3767732+08:00 level=info msg="flag evaluation succeeded" flag="{Value:false EvaluationDetails:{FlagKey:pluginsAutoUpdate FlagType:bool ResolutionDetail:{Variant:default Reason:STATIC ErrorCode: ErrorMessage: FlagMetadata:map[]}}}" details="{Value:false EvaluationDetails:{FlagKey:pluginsAutoUpdate FlagType:bool ResolutionDetail:{Variant:default Reason:STATIC ErrorCode: ErrorMessage: FlagMetadata:map[]}}}"
logger=cleanup t=2026-06-28T12:05:12.4541975+08:00 level=info msg="Completed cleanup jobs" duration=20.7701ms
logger=plugins.update.checker t=2026-06-28T12:05:13.2532634+08:00 level=info msg="Update check succeeded" duration=371.2191ms
logger=plugins.update.checker t=2026-06-28T12:05:13.2532634+08:00 level=info msg="flag evaluation succeeded" flag="{Value:false EvaluationDetails:{FlagKey:pluginsAutoUpdate FlagType:bool ResolutionDetail:{Variant:default Reason:STATIC ErrorCode: ErrorMessage: FlagMetadata:map[]}}}" details="{Value:false EvaluationDetails:{FlagKey:pluginsAutoUpdate FlagType:bool ResolutionDetail:{Variant:default Reason:STATIC ErrorCode: ErrorMessage: FlagMetadata:map[]}}}"
logger=bleve-backend namespace=default group=provisioning.grafana.app resource=repositories reason=getStats t=2026-06-28T12:07:11.4399175+08:00 level=info msg="Building index using memory"
logger=bleve-backend namespace=default group=provisioning.grafana.app resource=repositories reason=getStats t=2026-06-28T12:07:11.4410444+08:00 level=info msg="Finished building index" elapsed=554.7µs listRV=1
logger=bleve-backend namespace=default group=provisioning.grafana.app resource=repositories reason=getStats t=2026-06-28T12:07:11.4410444+08:00 level=info msg="Storing index in cache" key="{Namespace:default Group:provisioning.grafana.app Resource:repositories}" expiration=2026-06-28T12:17:11.4410444+08:00
logger=bleve-backend namespace=default group=playlist.grafana.app resource=playlists reason=getStats t=2026-06-28T12:07:11.4421051+08:00 level=info msg="Building index using memory"
logger=bleve-backend namespace=default group=playlist.grafana.app resource=playlists reason=getStats t=2026-06-28T12:07:11.4426467+08:00 level=info msg="Finished building index" elapsed=0s listRV=1
logger=bleve-backend namespace=default group=playlist.grafana.app resource=playlists reason=getStats t=2026-06-28T12:07:11.4431524+08:00 level=info msg="Storing index in cache" key="{Namespace:default Group:playlist.grafana.app Resource:playlists}" expiration=2026-06-28T12:17:11.4431524+08:00
logger=bleve-backend namespace=default group=folder.grafana.app resource=folders reason=getStats t=2026-06-28T12:07:11.4442978+08:00 level=info msg="Building index using memory"
logger=bleve-backend namespace=default group=folder.grafana.app resource=folders reason=getStats t=2026-06-28T12:07:11.4458571+08:00 level=info msg="Finished building index" elapsed=1.5593ms listRV=1782594312479014
logger=bleve-backend namespace=default group=folder.grafana.app resource=folders reason=getStats t=2026-06-28T12:07:11.4463632+08:00 level=info msg="Storing index in cache" key="{Namespace:default Group:folder.grafana.app Resource:folders}" expiration=2026-06-28T12:17:11.4463632+08:00
logger=bleve-backend namespace=default group=dashboard.grafana.app resource=dashboards reason=getStats t=2026-06-28T12:07:11.4468935+08:00 level=info msg="Building index using memory"
logger=bleve-backend namespace=default group=dashboard.grafana.app resource=dashboards reason=getStats t=2026-06-28T12:07:11.4484325+08:00 level=info msg="Finished building index" elapsed=1.539ms listRV=1782594312508988
logger=bleve-backend namespace=default group=dashboard.grafana.app resource=dashboards reason=getStats t=2026-06-28T12:07:11.4484325+08:00 level=info msg="Storing index in cache" key="{Namespace:default Group:dashboard.grafana.app Resource:dashboards}" expiration=2026-06-28T12:17:11.4484325+08:00
logger=infra.usagestats t=2026-06-28T12:07:11.4489479+08:00 level=info msg="Usage stats are ready to report"
logger=cleanup t=2026-06-28T12:15:12.4708476+08:00 level=info msg="Completed cleanup jobs" duration=39.698ms
logger=plugins.update.checker t=2026-06-28T12:15:13.3531884+08:00 level=info msg="Update check succeeded" duration=473.1817ms
logger=plugins.update.checker t=2026-06-28T12:15:13.3537804+08:00 level=info msg="flag evaluation succeeded" flag="{Value:false EvaluationDetails:{FlagKey:pluginsAutoUpdate FlagType:bool ResolutionDetail:{Variant:default Reason:STATIC ErrorCode: ErrorMessage: FlagMetadata:map[]}}}" details="{Value:false EvaluationDetails:{FlagKey:pluginsAutoUpdate FlagType:bool ResolutionDetail:{Variant:default Reason:STATIC ErrorCode: ErrorMessage: FlagMetadata:map[]}}}"
logger=bleve-backend t=2026-06-28T12:19:10.4036885+08:00 level=info msg="index evicted from cache" reason=expired key="{Namespace:default Group:folder.grafana.app Resource:folders}" storage=memory
logger=bleve-backend t=2026-06-28T12:19:10.4044847+08:00 level=info msg="index evicted from cache" reason=expired key="{Namespace:default Group:dashboard.grafana.app Resource:dashboards}" storage=memory
logger=bleve-backend t=2026-06-28T12:19:10.4059729+08:00 level=info msg="index evicted from cache" reason=expired key="{Namespace:default Group:provisioning.grafana.app Resource:repositories}" storage=memory
logger=bleve-backend t=2026-06-28T12:19:10.407658+08:00 level=info msg="index evicted from cache" reason=expired key="{Namespace:default Group:playlist.grafana.app Resource:playlists}" storage=memory
logger=cleanup t=2026-06-28T12:25:12.4345318+08:00 level=info msg="Completed cleanup jobs" duration=5.7245ms
logger=plugins.update.checker t=2026-06-28T12:25:13.3350396+08:00 level=info msg="Update check succeeded" duration=457.0353ms
logger=plugins.update.checker t=2026-06-28T12:25:13.3355495+08:00 level=info msg="flag evaluation succeeded" flag="{Value:false EvaluationDetails:{FlagKey:pluginsAutoUpdate FlagType:bool ResolutionDetail:{Variant:default Reason:STATIC ErrorCode: ErrorMessage: FlagMetadata:map[]}}}" details="{Value:false EvaluationDetails:{FlagKey:pluginsAutoUpdate FlagType:bool ResolutionDetail:{Variant:default Reason:STATIC ErrorCode: ErrorMessage: FlagMetadata:map[]}}}"
logger=cleanup t=2026-06-28T12:35:12.4314635+08:00 level=info msg="Completed cleanup jobs" duration=5.1786ms
logger=plugins.update.checker t=2026-06-28T12:35:13.3383203+08:00 level=info msg="Update check succeeded" duration=462.8712ms
logger=plugins.update.checker t=2026-06-28T12:35:13.339957+08:00 level=info msg="flag evaluation succeeded" flag="{Value:false EvaluationDetails:{FlagKey:pluginsAutoUpdate FlagType:bool ResolutionDetail:{Variant:default Reason:STATIC ErrorCode: ErrorMessage: FlagMetadata:map[]}}}" details="{Value:false EvaluationDetails:{FlagKey:pluginsAutoUpdate FlagType:bool ResolutionDetail:{Variant:default Reason:STATIC ErrorCode: ErrorMessage: FlagMetadata:map[]}}}"
logger=bleve-backend namespace=default group=provisioning.grafana.app resource=repositories reason=getStats t=2026-06-28T12:37:11.4329747+08:00 level=info msg="Building index using memory"
logger=bleve-backend namespace=default group=provisioning.grafana.app resource=repositories reason=getStats t=2026-06-28T12:37:11.4340083+08:00 level=info msg="Finished building index" elapsed=0s listRV=1
logger=bleve-backend namespace=default group=provisioning.grafana.app resource=repositories reason=getStats t=2026-06-28T12:37:11.4353663+08:00 level=info msg="Storing index in cache" key="{Namespace:default Group:provisioning.grafana.app Resource:repositories}" expiration=2026-06-28T12:47:11.4353663+08:00
logger=bleve-backend namespace=default group=playlist.grafana.app resource=playlists reason=getStats t=2026-06-28T12:37:11.4361585+08:00 level=info msg="Building index using memory"
logger=bleve-backend namespace=default group=playlist.grafana.app resource=playlists reason=getStats t=2026-06-28T12:37:11.4376351+08:00 level=info msg="Finished building index" elapsed=521.4µs listRV=1
logger=bleve-backend namespace=default group=playlist.grafana.app resource=playlists reason=getStats t=2026-06-28T12:37:11.438321+08:00 level=info msg="Storing index in cache" key="{Namespace:default Group:playlist.grafana.app Resource:playlists}" expiration=2026-06-28T12:47:11.438321+08:00
logger=bleve-backend namespace=default group=folder.grafana.app resource=folders reason=getStats t=2026-06-28T12:37:11.4405488+08:00 level=info msg="Building index using memory"
logger=bleve-backend namespace=default group=folder.grafana.app resource=folders reason=getStats t=2026-06-28T12:37:11.4423021+08:00 level=info msg="Finished building index" elapsed=1.7533ms listRV=1782594312479014
logger=bleve-backend namespace=default group=folder.grafana.app resource=folders reason=getStats t=2026-06-28T12:37:11.4445496+08:00 level=info msg="Storing index in cache" key="{Namespace:default Group:folder.grafana.app Resource:folders}" expiration=2026-06-28T12:47:11.4445496+08:00
logger=bleve-backend namespace=default group=dashboard.grafana.app resource=dashboards reason=getStats t=2026-06-28T12:37:11.4456271+08:00 level=info msg="Building index using memory"
logger=bleve-backend namespace=default group=dashboard.grafana.app resource=dashboards reason=getStats t=2026-06-28T12:37:11.4480523+08:00 level=info msg="Finished building index" elapsed=1.0274ms listRV=1782594312508988
logger=bleve-backend namespace=default group=dashboard.grafana.app resource=dashboards reason=getStats t=2026-06-28T12:37:11.4495871+08:00 level=info msg="Storing index in cache" key="{Namespace:default Group:dashboard.grafana.app Resource:dashboards}" expiration=2026-06-28T12:47:11.4495871+08:00
logger=infra.usagestats t=2026-06-28T12:37:11.4506719+08:00 level=info msg="Usage stats are ready to report"
logger=cleanup t=2026-06-28T12:45:12.4302169+08:00 level=info msg="Completed cleanup jobs" duration=5.9574ms
logger=plugins.update.checker t=2026-06-28T12:45:13.3395195+08:00 level=info msg="Update check succeeded" duration=466.3354ms
logger=plugins.update.checker t=2026-06-28T12:45:13.3395195+08:00 level=info msg="flag evaluation succeeded" flag="{Value:false EvaluationDetails:{FlagKey:pluginsAutoUpdate FlagType:bool ResolutionDetail:{Variant:default Reason:STATIC ErrorCode: ErrorMessage: FlagMetadata:map[]}}}" details="{Value:false EvaluationDetails:{FlagKey:pluginsAutoUpdate FlagType:bool ResolutionDetail:{Variant:default Reason:STATIC ErrorCode: ErrorMessage: FlagMetadata:map[]}}}"
logger=bleve-backend t=2026-06-28T12:49:10.3954941+08:00 level=info msg="index evicted from cache" reason=expired key="{Namespace:default Group:folder.grafana.app Resource:folders}" storage=memory
logger=bleve-backend t=2026-06-28T12:49:10.3954941+08:00 level=info msg="index evicted from cache" reason=expired key="{Namespace:default Group:dashboard.grafana.app Resource:dashboards}" storage=memory
logger=bleve-backend t=2026-06-28T12:49:10.3954941+08:00 level=info msg="index evicted from cache" reason=expired key="{Namespace:default Group:provisioning.grafana.app Resource:repositories}" storage=memory
logger=bleve-backend t=2026-06-28T12:49:10.3954941+08:00 level=info msg="index evicted from cache" reason=expired key="{Namespace:default Group:playlist.grafana.app Resource:playlists}" storage=memory
logger=cleanup t=2026-06-28T12:55:12.4507453+08:00 level=info msg="Completed cleanup jobs" duration=29.1619ms
logger=plugins.update.checker t=2026-06-28T12:55:13.4282006+08:00 level=info msg="Update check succeeded" duration=557.544ms
logger=plugins.update.checker t=2026-06-28T12:55:13.4282006+08:00 level=info msg="flag evaluation succeeded" flag="{Value:false EvaluationDetails:{FlagKey:pluginsAutoUpdate FlagType:bool ResolutionDetail:{Variant:default Reason:STATIC ErrorCode: ErrorMessage: FlagMetadata:map[]}}}" details="{Value:false EvaluationDetails:{FlagKey:pluginsAutoUpdate FlagType:bool ResolutionDetail:{Variant:default Reason:STATIC ErrorCode: ErrorMessage: FlagMetadata:map[]}}}"
logger=cleanup t=2026-06-28T13:05:12.4544613+08:00 level=info msg="Completed cleanup jobs" duration=35.2306ms
logger=plugins.update.checker t=2026-06-28T13:05:13.4187013+08:00 level=info msg="Update check succeeded" duration=549.7374ms
logger=plugins.update.checker t=2026-06-28T13:05:13.4187013+08:00 level=info msg="flag evaluation succeeded" flag="{Value:false EvaluationDetails:{FlagKey:pluginsAutoUpdate FlagType:bool ResolutionDetail:{Variant:default Reason:STATIC ErrorCode: ErrorMessage: FlagMetadata:map[]}}}" details="{Value:false EvaluationDetails:{FlagKey:pluginsAutoUpdate FlagType:bool ResolutionDetail:{Variant:default Reason:STATIC ErrorCode: ErrorMessage: FlagMetadata:map[]}}}"
logger=bleve-backend namespace=default group=provisioning.grafana.app resource=repositories reason=getStats t=2026-06-28T13:07:11.4252728+08:00 level=info msg="Building index using memory"
logger=bleve-backend namespace=default group=provisioning.grafana.app resource=repositories reason=getStats t=2026-06-28T13:07:11.4263391+08:00 level=info msg="Finished building index" elapsed=528.7µs listRV=1
logger=bleve-backend namespace=default group=provisioning.grafana.app resource=repositories reason=getStats t=2026-06-28T13:07:11.4269016+08:00 level=info msg="Storing index in cache" key="{Namespace:default Group:provisioning.grafana.app Resource:repositories}" expiration=2026-06-28T13:17:11.4269016+08:00
logger=bleve-backend namespace=default group=playlist.grafana.app resource=playlists reason=getStats t=2026-06-28T13:07:11.4274579+08:00 level=info msg="Building index using memory"
logger=bleve-backend namespace=default group=playlist.grafana.app resource=playlists reason=getStats t=2026-06-28T13:07:11.4280343+08:00 level=info msg="Finished building index" elapsed=576.4µs listRV=1
logger=bleve-backend namespace=default group=playlist.grafana.app resource=playlists reason=getStats t=2026-06-28T13:07:11.4285759+08:00 level=info msg="Storing index in cache" key="{Namespace:default Group:playlist.grafana.app Resource:playlists}" expiration=2026-06-28T13:17:11.4285759+08:00
logger=bleve-backend namespace=default group=folder.grafana.app resource=folders reason=getStats t=2026-06-28T13:07:11.4295908+08:00 level=info msg="Building index using memory"
logger=bleve-backend namespace=default group=folder.grafana.app resource=folders reason=getStats t=2026-06-28T13:07:11.4367219+08:00 level=info msg="Finished building index" elapsed=3.4539ms listRV=1782594312479014
logger=bleve-backend namespace=default group=folder.grafana.app resource=folders reason=getStats t=2026-06-28T13:07:11.4371855+08:00 level=info msg="Storing index in cache" key="{Namespace:default Group:folder.grafana.app Resource:folders}" expiration=2026-06-28T13:17:11.4371855+08:00
logger=bleve-backend namespace=default group=dashboard.grafana.app resource=dashboards reason=getStats t=2026-06-28T13:07:11.4393764+08:00 level=info msg="Building index using memory"
logger=bleve-backend namespace=default group=dashboard.grafana.app resource=dashboards reason=getStats t=2026-06-28T13:07:11.4427445+08:00 level=info msg="Finished building index" elapsed=2.6011ms listRV=1782594312508988
logger=bleve-backend namespace=default group=dashboard.grafana.app resource=dashboards reason=getStats t=2026-06-28T13:07:11.4433286+08:00 level=info msg="Storing index in cache" key="{Namespace:default Group:dashboard.grafana.app Resource:dashboards}" expiration=2026-06-28T13:17:11.4433286+08:00
logger=infra.usagestats t=2026-06-28T13:07:11.4451039+08:00 level=info msg="Usage stats are ready to report"
logger=cleanup t=2026-06-28T13:15:12.4587236+08:00 level=info msg="Completed cleanup jobs" duration=41.5414ms
logger=plugins.update.checker t=2026-06-28T13:15:13.2155365+08:00 level=info msg="Update check succeeded" duration=349.0319ms
logger=plugins.update.checker t=2026-06-28T13:15:13.2160406+08:00 level=info msg="flag evaluation succeeded" flag="{Value:false EvaluationDetails:{FlagKey:pluginsAutoUpdate FlagType:bool ResolutionDetail:{Variant:default Reason:STATIC ErrorCode: ErrorMessage: FlagMetadata:map[]}}}" details="{Value:false EvaluationDetails:{FlagKey:pluginsAutoUpdate FlagType:bool ResolutionDetail:{Variant:default Reason:STATIC ErrorCode: ErrorMessage: FlagMetadata:map[]}}}"
logger=bleve-backend t=2026-06-28T13:19:10.3886199+08:00 level=info msg="index evicted from cache" reason=expired key="{Namespace:default Group:provisioning.grafana.app Resource:repositories}" storage=memory
logger=bleve-backend t=2026-06-28T13:19:10.3886199+08:00 level=info msg="index evicted from cache" reason=expired key="{Namespace:default Group:playlist.grafana.app Resource:playlists}" storage=memory
logger=bleve-backend t=2026-06-28T13:19:10.3886199+08:00 level=info msg="index evicted from cache" reason=expired key="{Namespace:default Group:folder.grafana.app Resource:folders}" storage=memory
logger=bleve-backend t=2026-06-28T13:19:10.3886199+08:00 level=info msg="index evicted from cache" reason=expired key="{Namespace:default Group:dashboard.grafana.app Resource:dashboards}" storage=memory
logger=cleanup t=2026-06-28T13:25:12.4260022+08:00 level=info msg="Completed cleanup jobs" duration=11.0752ms
logger=plugins.update.checker t=2026-06-28T13:25:13.5028239+08:00 level=info msg="Update check succeeded" duration=638.6985ms
logger=plugins.update.checker t=2026-06-28T13:25:13.5028239+08:00 level=info msg="flag evaluation succeeded" flag="{Value:false EvaluationDetails:{FlagKey:pluginsAutoUpdate FlagType:bool ResolutionDetail:{Variant:default Reason:STATIC ErrorCode: ErrorMessage: FlagMetadata:map[]}}}" details="{Value:false EvaluationDetails:{FlagKey:pluginsAutoUpdate FlagType:bool ResolutionDetail:{Variant:default Reason:STATIC ErrorCode: ErrorMessage: FlagMetadata:map[]}}}"
logger=cleanup t=2026-06-28T13:35:12.4173591+08:00 level=info msg="Completed cleanup jobs" duration=4.6702ms
logger=plugins.update.checker t=2026-06-28T13:35:13.3357921+08:00 level=info msg="Update check succeeded" duration=473.8664ms
logger=plugins.update.checker t=2026-06-28T13:35:13.3362953+08:00 level=info msg="flag evaluation succeeded" flag="{Value:false EvaluationDetails:{FlagKey:pluginsAutoUpdate FlagType:bool ResolutionDetail:{Variant:default Reason:STATIC ErrorCode: ErrorMessage: FlagMetadata:map[]}}}" details="{Value:false EvaluationDetails:{FlagKey:pluginsAutoUpdate FlagType:bool ResolutionDetail:{Variant:default Reason:STATIC ErrorCode: ErrorMessage: FlagMetadata:map[]}}}"
logger=bleve-backend namespace=default group=provisioning.grafana.app resource=repositories reason=getStats t=2026-06-28T13:37:11.4180433+08:00 level=info msg="Building index using memory"
logger=bleve-backend namespace=default group=provisioning.grafana.app resource=repositories reason=getStats t=2026-06-28T13:37:11.4185553+08:00 level=info msg="Finished building index" elapsed=512µs listRV=1
logger=bleve-backend namespace=default group=provisioning.grafana.app resource=repositories reason=getStats t=2026-06-28T13:37:11.4185553+08:00 level=info msg="Storing index in cache" key="{Namespace:default Group:provisioning.grafana.app Resource:repositories}" expiration=2026-06-28T13:47:11.4185553+08:00
logger=bleve-backend namespace=default group=playlist.grafana.app resource=playlists reason=getStats t=2026-06-28T13:37:11.4190667+08:00 level=info msg="Building index using memory"
logger=bleve-backend namespace=default group=playlist.grafana.app resource=playlists reason=getStats t=2026-06-28T13:37:11.4195721+08:00 level=info msg="Finished building index" elapsed=505.4µs listRV=1
logger=bleve-backend namespace=default group=playlist.grafana.app resource=playlists reason=getStats t=2026-06-28T13:37:11.4195721+08:00 level=info msg="Storing index in cache" key="{Namespace:default Group:playlist.grafana.app Resource:playlists}" expiration=2026-06-28T13:47:11.4195721+08:00
logger=bleve-backend namespace=default group=folder.grafana.app resource=folders reason=getStats t=2026-06-28T13:37:11.4200784+08:00 level=info msg="Building index using memory"
logger=bleve-backend namespace=default group=folder.grafana.app resource=folders reason=getStats t=2026-06-28T13:37:11.4210948+08:00 level=info msg="Finished building index" elapsed=1.0164ms listRV=1782594312479014
logger=bleve-backend namespace=default group=folder.grafana.app resource=folders reason=getStats t=2026-06-28T13:37:11.4210948+08:00 level=info msg="Storing index in cache" key="{Namespace:default Group:folder.grafana.app Resource:folders}" expiration=2026-06-28T13:47:11.4210948+08:00
logger=bleve-backend namespace=default group=dashboard.grafana.app resource=dashboards reason=getStats t=2026-06-28T13:37:11.4216001+08:00 level=info msg="Building index using memory"
logger=bleve-backend namespace=default group=dashboard.grafana.app resource=dashboards reason=getStats t=2026-06-28T13:37:11.4236512+08:00 level=info msg="Finished building index" elapsed=1.5413ms listRV=1782594312508988
logger=bleve-backend namespace=default group=dashboard.grafana.app resource=dashboards reason=getStats t=2026-06-28T13:37:11.4236512+08:00 level=info msg="Storing index in cache" key="{Namespace:default Group:dashboard.grafana.app Resource:dashboards}" expiration=2026-06-28T13:47:11.4236512+08:00
logger=infra.usagestats t=2026-06-28T13:37:11.4246776+08:00 level=info msg="Usage stats are ready to report"
logger=cleanup t=2026-06-28T13:45:12.4399615+08:00 level=info msg="Completed cleanup jobs" duration=29.6545ms
logger=plugins.update.checker t=2026-06-28T13:45:13.5830086+08:00 level=info msg="Update check succeeded" duration=723.0923ms
logger=plugins.update.checker t=2026-06-28T13:45:13.5845587+08:00 level=info msg="flag evaluation succeeded" flag="{Value:false EvaluationDetails:{FlagKey:pluginsAutoUpdate FlagType:bool ResolutionDetail:{Variant:default Reason:STATIC ErrorCode: ErrorMessage: FlagMetadata:map[]}}}" details="{Value:false EvaluationDetails:{FlagKey:pluginsAutoUpdate FlagType:bool ResolutionDetail:{Variant:default Reason:STATIC ErrorCode: ErrorMessage: FlagMetadata:map[]}}}"
logger=bleve-backend t=2026-06-28T13:49:10.3818184+08:00 level=info msg="index evicted from cache" reason=expired key="{Namespace:default Group:playlist.grafana.app Resource:playlists}" storage=memory
logger=bleve-backend t=2026-06-28T13:49:10.3856432+08:00 level=info msg="index evicted from cache" reason=expired key="{Namespace:default Group:folder.grafana.app Resource:folders}" storage=memory
logger=bleve-backend t=2026-06-28T13:49:10.3856432+08:00 level=info msg="index evicted from cache" reason=expired key="{Namespace:default Group:dashboard.grafana.app Resource:dashboards}" storage=memory
logger=bleve-backend t=2026-06-28T13:49:10.3856432+08:00 level=info msg="index evicted from cache" reason=expired key="{Namespace:default Group:provisioning.grafana.app Resource:repositories}" storage=memory
logger=cleanup t=2026-06-28T13:55:12.4123059+08:00 level=info msg="Completed cleanup jobs" duration=4.2448ms
logger=plugins.update.checker t=2026-06-28T13:55:13.5029607+08:00 level=info msg="Update check succeeded" duration=645.9573ms
logger=plugins.update.checker t=2026-06-28T13:55:13.5039848+08:00 level=info msg="flag evaluation succeeded" flag="{Value:false EvaluationDetails:{FlagKey:pluginsAutoUpdate FlagType:bool ResolutionDetail:{Variant:default Reason:STATIC ErrorCode: ErrorMessage: FlagMetadata:map[]}}}" details="{Value:false EvaluationDetails:{FlagKey:pluginsAutoUpdate FlagType:bool ResolutionDetail:{Variant:default Reason:STATIC ErrorCode: ErrorMessage: FlagMetadata:map[]}}}"
logger=cleanup t=2026-06-28T14:05:12.4108411+08:00 level=info msg="Completed cleanup jobs" duration=5.0226ms
logger=plugins.update.checker t=2026-06-28T14:05:13.2602487+08:00 level=info msg="Update check succeeded" duration=405.366ms
logger=plugins.update.checker t=2026-06-28T14:05:13.2607706+08:00 level=info msg="flag evaluation succeeded" flag="{Value:false EvaluationDetails:{FlagKey:pluginsAutoUpdate FlagType:bool ResolutionDetail:{Variant:default Reason:STATIC ErrorCode: ErrorMessage: FlagMetadata:map[]}}}" details="{Value:false EvaluationDetails:{FlagKey:pluginsAutoUpdate FlagType:bool ResolutionDetail:{Variant:default Reason:STATIC ErrorCode: ErrorMessage: FlagMetadata:map[]}}}"
logger=bleve-backend namespace=default group=provisioning.grafana.app resource=repositories reason=getStats t=2026-06-28T14:07:11.410934+08:00 level=info msg="Building index using memory"
logger=bleve-backend namespace=default group=provisioning.grafana.app resource=repositories reason=getStats t=2026-06-28T14:07:11.4119681+08:00 level=info msg="Finished building index" elapsed=518.5µs listRV=1
logger=bleve-backend namespace=default group=provisioning.grafana.app resource=repositories reason=getStats t=2026-06-28T14:07:11.4119681+08:00 level=info msg="Storing index in cache" key="{Namespace:default Group:provisioning.grafana.app Resource:repositories}" expiration=2026-06-28T14:17:11.4119681+08:00
logger=bleve-backend namespace=default group=playlist.grafana.app resource=playlists reason=getStats t=2026-06-28T14:07:11.4124844+08:00 level=info msg="Building index using memory"
logger=bleve-backend namespace=default group=playlist.grafana.app resource=playlists reason=getStats t=2026-06-28T14:07:11.4129989+08:00 level=info msg="Finished building index" elapsed=514.5µs listRV=1
logger=bleve-backend namespace=default group=playlist.grafana.app resource=playlists reason=getStats t=2026-06-28T14:07:11.4129989+08:00 level=info msg="Storing index in cache" key="{Namespace:default Group:playlist.grafana.app Resource:playlists}" expiration=2026-06-28T14:17:11.4129989+08:00
logger=bleve-backend namespace=default group=folder.grafana.app resource=folders reason=getStats t=2026-06-28T14:07:11.413512+08:00 level=info msg="Building index using memory"
logger=bleve-backend namespace=default group=folder.grafana.app resource=folders reason=getStats t=2026-06-28T14:07:11.4145344+08:00 level=info msg="Finished building index" elapsed=1.0224ms listRV=1782594312479014
logger=bleve-backend namespace=default group=folder.grafana.app resource=folders reason=getStats t=2026-06-28T14:07:11.4145344+08:00 level=info msg="Storing index in cache" key="{Namespace:default Group:folder.grafana.app Resource:folders}" expiration=2026-06-28T14:17:11.4145344+08:00
logger=bleve-backend namespace=default group=dashboard.grafana.app resource=dashboards reason=getStats t=2026-06-28T14:07:11.4150485+08:00 level=info msg="Building index using memory"
logger=bleve-backend namespace=default group=dashboard.grafana.app resource=dashboards reason=getStats t=2026-06-28T14:07:11.4176768+08:00 level=info msg="Finished building index" elapsed=1.056ms listRV=1782594312508988
logger=bleve-backend namespace=default group=dashboard.grafana.app resource=dashboards reason=getStats t=2026-06-28T14:07:11.4187443+08:00 level=info msg="Storing index in cache" key="{Namespace:default Group:dashboard.grafana.app Resource:dashboards}" expiration=2026-06-28T14:17:11.4187443+08:00
logger=infra.usagestats t=2026-06-28T14:07:11.4192733+08:00 level=info msg="Usage stats are ready to report"
logger=cleanup t=2026-06-28T14:15:12.4279121+08:00 level=info msg="Completed cleanup jobs" duration=24.2973ms
logger=plugins.update.checker t=2026-06-28T14:15:13.3377043+08:00 level=info msg="Update check succeeded" duration=485.2851ms
logger=plugins.update.checker t=2026-06-28T14:15:13.3392447+08:00 level=info msg="flag evaluation succeeded" flag="{Value:false EvaluationDetails:{FlagKey:pluginsAutoUpdate FlagType:bool ResolutionDetail:{Variant:default Reason:STATIC ErrorCode: ErrorMessage: FlagMetadata:map[]}}}" details="{Value:false EvaluationDetails:{FlagKey:pluginsAutoUpdate FlagType:bool ResolutionDetail:{Variant:default Reason:STATIC ErrorCode: ErrorMessage: FlagMetadata:map[]}}}"
logger=bleve-backend t=2026-06-28T14:19:10.3748202+08:00 level=info msg="index evicted from cache" reason=expired key="{Namespace:default Group:folder.grafana.app Resource:folders}" storage=memory
logger=bleve-backend t=2026-06-28T14:19:10.3784632+08:00 level=info msg="index evicted from cache" reason=expired key="{Namespace:default Group:dashboard.grafana.app Resource:dashboards}" storage=memory
logger=bleve-backend t=2026-06-28T14:19:10.3784632+08:00 level=info msg="index evicted from cache" reason=expired key="{Namespace:default Group:provisioning.grafana.app Resource:repositories}" storage=memory
logger=bleve-backend t=2026-06-28T14:19:10.3784632+08:00 level=info msg="index evicted from cache" reason=expired key="{Namespace:default Group:playlist.grafana.app Resource:playlists}" storage=memory
logger=cleanup t=2026-06-28T14:25:12.4018524+08:00 level=info msg="Completed cleanup jobs" duration=815.8µs
logger=plugins.update.checker t=2026-06-28T14:25:13.3461518+08:00 level=info msg="Update check succeeded" duration=495.8826ms
logger=plugins.update.checker t=2026-06-28T14:25:13.3461518+08:00 level=info msg="flag evaluation succeeded" flag="{Value:false EvaluationDetails:{FlagKey:pluginsAutoUpdate FlagType:bool ResolutionDetail:{Variant:default Reason:STATIC ErrorCode: ErrorMessage: FlagMetadata:map[]}}}" details="{Value:false EvaluationDetails:{FlagKey:pluginsAutoUpdate FlagType:bool ResolutionDetail:{Variant:default Reason:STATIC ErrorCode: ErrorMessage: FlagMetadata:map[]}}}"
logger=cleanup t=2026-06-28T14:35:12.4214848+08:00 level=info msg="Completed cleanup jobs" duration=22.2671ms
logger=plugins.update.checker t=2026-06-28T14:35:13.3445253+08:00 level=info msg="Update check succeeded" duration=496.4698ms
logger=plugins.update.checker t=2026-06-28T14:35:13.3445253+08:00 level=info msg="flag evaluation succeeded" flag="{Value:false EvaluationDetails:{FlagKey:pluginsAutoUpdate FlagType:bool ResolutionDetail:{Variant:default Reason:STATIC ErrorCode: ErrorMessage: FlagMetadata:map[]}}}" details="{Value:false EvaluationDetails:{FlagKey:pluginsAutoUpdate FlagType:bool ResolutionDetail:{Variant:default Reason:STATIC ErrorCode: ErrorMessage: FlagMetadata:map[]}}}"
logger=bleve-backend namespace=default group=provisioning.grafana.app resource=repositories reason=getStats t=2026-06-28T14:37:11.4046348+08:00 level=info msg="Building index using memory"
logger=bleve-backend namespace=default group=provisioning.grafana.app resource=repositories reason=getStats t=2026-06-28T14:37:11.4046348+08:00 level=info msg="Finished building index" elapsed=0s listRV=1
logger=bleve-backend namespace=default group=provisioning.grafana.app resource=repositories reason=getStats t=2026-06-28T14:37:11.4051792+08:00 level=info msg="Storing index in cache" key="{Namespace:default Group:provisioning.grafana.app Resource:repositories}" expiration=2026-06-28T14:47:11.4051792+08:00
logger=bleve-backend namespace=default group=playlist.grafana.app resource=playlists reason=getStats t=2026-06-28T14:37:11.4056886+08:00 level=info msg="Building index using memory"
logger=bleve-backend namespace=default group=playlist.grafana.app resource=playlists reason=getStats t=2026-06-28T14:37:11.4056886+08:00 level=info msg="Finished building index" elapsed=0s listRV=1
logger=bleve-backend namespace=default group=playlist.grafana.app resource=playlists reason=getStats t=2026-06-28T14:37:11.4056886+08:00 level=info msg="Storing index in cache" key="{Namespace:default Group:playlist.grafana.app Resource:playlists}" expiration=2026-06-28T14:47:11.4056886+08:00
logger=bleve-backend namespace=default group=folder.grafana.app resource=folders reason=getStats t=2026-06-28T14:37:11.4067214+08:00 level=info msg="Building index using memory"
logger=bleve-backend namespace=default group=folder.grafana.app resource=folders reason=getStats t=2026-06-28T14:37:11.4077738+08:00 level=info msg="Finished building index" elapsed=1.0524ms listRV=1782594312479014
logger=bleve-backend namespace=default group=folder.grafana.app resource=folders reason=getStats t=2026-06-28T14:37:11.4077738+08:00 level=info msg="Storing index in cache" key="{Namespace:default Group:folder.grafana.app Resource:folders}" expiration=2026-06-28T14:47:11.4077738+08:00
logger=bleve-backend namespace=default group=dashboard.grafana.app resource=dashboards reason=getStats t=2026-06-28T14:37:11.4077738+08:00 level=info msg="Building index using memory"
logger=bleve-backend namespace=default group=dashboard.grafana.app resource=dashboards reason=getStats t=2026-06-28T14:37:11.4094201+08:00 level=info msg="Finished building index" elapsed=1.0662ms listRV=1782594312508988
logger=bleve-backend namespace=default group=dashboard.grafana.app resource=dashboards reason=getStats t=2026-06-28T14:37:11.4094201+08:00 level=info msg="Storing index in cache" key="{Namespace:default Group:dashboard.grafana.app Resource:dashboards}" expiration=2026-06-28T14:47:11.4094201+08:00
logger=infra.usagestats t=2026-06-28T14:37:11.4099642+08:00 level=info msg="Usage stats are ready to report"
logger=cleanup t=2026-06-28T14:45:12.4078049+08:00 level=info msg="Completed cleanup jobs" duration=10.8681ms
logger=plugins.update.checker t=2026-06-28T14:45:14.0675346+08:00 level=info msg="Update check succeeded" duration=1.2213839s
logger=plugins.update.checker t=2026-06-28T14:45:14.0680412+08:00 level=info msg="flag evaluation succeeded" flag="{Value:false EvaluationDetails:{FlagKey:pluginsAutoUpdate FlagType:bool ResolutionDetail:{Variant:default Reason:STATIC ErrorCode: ErrorMessage: FlagMetadata:map[]}}}" details="{Value:false EvaluationDetails:{FlagKey:pluginsAutoUpdate FlagType:bool ResolutionDetail:{Variant:default Reason:STATIC ErrorCode: ErrorMessage: FlagMetadata:map[]}}}"
logger=bleve-backend t=2026-06-28T14:49:10.3711851+08:00 level=info msg="index evicted from cache" reason=expired key="{Namespace:default Group:provisioning.grafana.app Resource:repositories}" storage=memory
logger=bleve-backend t=2026-06-28T14:49:10.3728789+08:00 level=info msg="index evicted from cache" reason=expired key="{Namespace:default Group:playlist.grafana.app Resource:playlists}" storage=memory
logger=bleve-backend t=2026-06-28T14:49:10.3728789+08:00 level=info msg="index evicted from cache" reason=expired key="{Namespace:default Group:folder.grafana.app Resource:folders}" storage=memory
logger=bleve-backend t=2026-06-28T14:49:10.3728789+08:00 level=info msg="index evicted from cache" reason=expired key="{Namespace:default Group:dashboard.grafana.app Resource:dashboards}" storage=memory
logger=cleanup t=2026-06-28T14:55:12.395915+08:00 level=info msg="Completed cleanup jobs" duration=1.5652ms
logger=plugins.update.checker t=2026-06-28T14:55:13.3371273+08:00 level=info msg="Update check succeeded" duration=493.1563ms
logger=plugins.update.checker t=2026-06-28T14:55:13.3371273+08:00 level=info msg="flag evaluation succeeded" flag="{Value:false EvaluationDetails:{FlagKey:pluginsAutoUpdate FlagType:bool ResolutionDetail:{Variant:default Reason:STATIC ErrorCode: ErrorMessage: FlagMetadata:map[]}}}" details="{Value:false EvaluationDetails:{FlagKey:pluginsAutoUpdate FlagType:bool ResolutionDetail:{Variant:default Reason:STATIC ErrorCode: ErrorMessage: FlagMetadata:map[]}}}"
logger=cleanup t=2026-06-28T15:05:12.3937676+08:00 level=info msg="Completed cleanup jobs" duration=1.617ms
logger=plugins.update.checker t=2026-06-28T15:05:13.4216408+08:00 level=info msg="Update check succeeded" duration=580.2823ms
logger=plugins.update.checker t=2026-06-28T15:05:13.4227022+08:00 level=info msg="flag evaluation succeeded" flag="{Value:false EvaluationDetails:{FlagKey:pluginsAutoUpdate FlagType:bool ResolutionDetail:{Variant:default Reason:STATIC ErrorCode: ErrorMessage: FlagMetadata:map[]}}}" details="{Value:false EvaluationDetails:{FlagKey:pluginsAutoUpdate FlagType:bool ResolutionDetail:{Variant:default Reason:STATIC ErrorCode: ErrorMessage: FlagMetadata:map[]}}}"
logger=bleve-backend namespace=default group=provisioning.grafana.app resource=repositories reason=getStats t=2026-06-28T15:07:11.3981034+08:00 level=info msg="Building index using memory"
logger=bleve-backend namespace=default group=provisioning.grafana.app resource=repositories reason=getStats t=2026-06-28T15:07:11.3986284+08:00 level=info msg="Finished building index" elapsed=525µs listRV=1
logger=bleve-backend namespace=default group=provisioning.grafana.app resource=repositories reason=getStats t=2026-06-28T15:07:11.3986284+08:00 level=info msg="Storing index in cache" key="{Namespace:default Group:provisioning.grafana.app Resource:repositories}" expiration=2026-06-28T15:17:11.3986284+08:00
logger=bleve-backend namespace=default group=playlist.grafana.app resource=playlists reason=getStats t=2026-06-28T15:07:11.3991445+08:00 level=info msg="Building index using memory"
logger=bleve-backend namespace=default group=playlist.grafana.app resource=playlists reason=getStats t=2026-06-28T15:07:11.3991445+08:00 level=info msg="Finished building index" elapsed=0s listRV=1
logger=bleve-backend namespace=default group=playlist.grafana.app resource=playlists reason=getStats t=2026-06-28T15:07:11.3996625+08:00 level=info msg="Storing index in cache" key="{Namespace:default Group:playlist.grafana.app Resource:playlists}" expiration=2026-06-28T15:17:11.3996625+08:00
logger=bleve-backend namespace=default group=folder.grafana.app resource=folders reason=getStats t=2026-06-28T15:07:11.4001825+08:00 level=info msg="Building index using memory"
logger=bleve-backend namespace=default group=folder.grafana.app resource=folders reason=getStats t=2026-06-28T15:07:11.4012115+08:00 level=info msg="Finished building index" elapsed=1.029ms listRV=1782594312479014
logger=bleve-backend namespace=default group=folder.grafana.app resource=folders reason=getStats t=2026-06-28T15:07:11.4017237+08:00 level=info msg="Storing index in cache" key="{Namespace:default Group:folder.grafana.app Resource:folders}" expiration=2026-06-28T15:17:11.4017237+08:00
logger=bleve-backend namespace=default group=dashboard.grafana.app resource=dashboards reason=getStats t=2026-06-28T15:07:11.4022389+08:00 level=info msg="Building index using memory"
logger=bleve-backend namespace=default group=dashboard.grafana.app resource=dashboards reason=getStats t=2026-06-28T15:07:11.403779+08:00 level=info msg="Finished building index" elapsed=1.5401ms listRV=1782594312508988
logger=bleve-backend namespace=default group=dashboard.grafana.app resource=dashboards reason=getStats t=2026-06-28T15:07:11.403779+08:00 level=info msg="Storing index in cache" key="{Namespace:default Group:dashboard.grafana.app Resource:dashboards}" expiration=2026-06-28T15:17:11.403779+08:00
logger=infra.usagestats t=2026-06-28T15:07:11.404823+08:00 level=info msg="Usage stats are ready to report"
logger=cleanup t=2026-06-28T15:15:12.4448913+08:00 level=info msg="Completed cleanup jobs" duration=54.7999ms
logger=plugins.update.checker t=2026-06-28T15:15:13.2548075+08:00 level=info msg="Update check succeeded" duration=415.5926ms
logger=plugins.update.checker t=2026-06-28T15:15:13.2548075+08:00 level=info msg="flag evaluation succeeded" flag="{Value:false EvaluationDetails:{FlagKey:pluginsAutoUpdate FlagType:bool ResolutionDetail:{Variant:default Reason:STATIC ErrorCode: ErrorMessage: FlagMetadata:map[]}}}" details="{Value:false EvaluationDetails:{FlagKey:pluginsAutoUpdate FlagType:bool ResolutionDetail:{Variant:default Reason:STATIC ErrorCode: ErrorMessage: FlagMetadata:map[]}}}"
logger=bleve-backend t=2026-06-28T15:19:10.3623973+08:00 level=info msg="index evicted from cache" reason=expired key="{Namespace:default Group:dashboard.grafana.app Resource:dashboards}" storage=memory
logger=bleve-backend t=2026-06-28T15:19:10.3637103+08:00 level=info msg="index evicted from cache" reason=expired key="{Namespace:default Group:provisioning.grafana.app Resource:repositories}" storage=memory
logger=bleve-backend t=2026-06-28T15:19:10.3637103+08:00 level=info msg="index evicted from cache" reason=expired key="{Namespace:default Group:playlist.grafana.app Resource:playlists}" storage=memory
logger=bleve-backend t=2026-06-28T15:19:10.3637103+08:00 level=info msg="index evicted from cache" reason=expired key="{Namespace:default Group:folder.grafana.app Resource:folders}" storage=memory
logger=context userId=0 orgId=1 uname= t=2026-06-28T15:21:09.4023198+08:00 level=info msg="Request Completed" method=GET path=/api/live/ws status=-1 remote_addr=[::1] time_ms=1 duration=1.0231ms size=0 referer= handler=/api/live/ws status_source=server
logger=context userId=0 orgId=1 uname= t=2026-06-28T15:21:09.5003345+08:00 level=info msg="Request Completed" method=GET path=/@vite/client status=404 remote_addr=[::1] time_ms=5 duration=5.2018ms size=65726 referer=http://localhost:3000/ handler=notfound status_source=server
logger=bleve-backend namespace=default group=dashboard.grafana.app resource=dashboards reason=search t=2026-06-28T15:21:09.9003638+08:00 level=info msg="Building index using memory"
logger=bleve-backend namespace=default group=dashboard.grafana.app resource=dashboards reason=search t=2026-06-28T15:21:09.9024536+08:00 level=info msg="Finished building index" elapsed=1.5656ms listRV=1782594312508988
logger=bleve-backend namespace=default group=dashboard.grafana.app resource=dashboards reason=search t=2026-06-28T15:21:09.902977+08:00 level=info msg="Storing index in cache" key="{Namespace:default Group:dashboard.grafana.app Resource:dashboards}" expiration=2026-06-28T15:31:09.902977+08:00
logger=bleve-backend namespace=default group=folder.grafana.app resource=folders reason=search t=2026-06-28T15:21:09.9045733+08:00 level=info msg="Building index using memory"
logger=bleve-backend namespace=default group=folder.grafana.app resource=folders reason=search t=2026-06-28T15:21:09.9066653+08:00 level=info msg="Finished building index" elapsed=1.5699ms listRV=1782594312479014
logger=bleve-backend namespace=default group=folder.grafana.app resource=folders reason=search t=2026-06-28T15:21:09.9066653+08:00 level=info msg="Storing index in cache" key="{Namespace:default Group:folder.grafana.app Resource:folders}" expiration=2026-06-28T15:31:09.9066653+08:00
logger=cleanup t=2026-06-28T15:25:12.4458502+08:00 level=info msg="Completed cleanup jobs" duration=57.7065ms
logger=plugins.update.checker t=2026-06-28T15:25:13.344098+08:00 level=info msg="Update check succeeded" duration=507.0117ms
logger=plugins.update.checker t=2026-06-28T15:25:13.3447708+08:00 level=info msg="flag evaluation succeeded" flag="{Value:false EvaluationDetails:{FlagKey:pluginsAutoUpdate FlagType:bool ResolutionDetail:{Variant:default Reason:STATIC ErrorCode: ErrorMessage: FlagMetadata:map[]}}}" details="{Value:false EvaluationDetails:{FlagKey:pluginsAutoUpdate FlagType:bool ResolutionDetail:{Variant:default Reason:STATIC ErrorCode: ErrorMessage: FlagMetadata:map[]}}}"
logger=bleve-backend t=2026-06-28T15:31:10.3592306+08:00 level=info msg="index evicted from cache" reason=expired key="{Namespace:default Group:dashboard.grafana.app Resource:dashboards}" storage=memory
logger=bleve-backend t=2026-06-28T15:31:10.3632512+08:00 level=info msg="index evicted from cache" reason=expired key="{Namespace:default Group:folder.grafana.app Resource:folders}" storage=memory
logger=cleanup t=2026-06-28T15:35:12.4581588+08:00 level=info msg="Completed cleanup jobs" duration=72.6554ms
logger=plugins.update.checker t=2026-06-28T15:35:13.5920611+08:00 level=info msg="Update check succeeded" duration=757.3248ms
logger=plugins.update.checker t=2026-06-28T15:35:13.5926022+08:00 level=info msg="flag evaluation succeeded" flag="{Value:false EvaluationDetails:{FlagKey:pluginsAutoUpdate FlagType:bool ResolutionDetail:{Variant:default Reason:STATIC ErrorCode: ErrorMessage: FlagMetadata:map[]}}}" details="{Value:false EvaluationDetails:{FlagKey:pluginsAutoUpdate FlagType:bool ResolutionDetail:{Variant:default Reason:STATIC ErrorCode: ErrorMessage: FlagMetadata:map[]}}}"
logger=bleve-backend namespace=default group=provisioning.grafana.app resource=repositories reason=getStats t=2026-06-28T15:37:11.3910933+08:00 level=info msg="Building index using memory"
logger=bleve-backend namespace=default group=provisioning.grafana.app resource=repositories reason=getStats t=2026-06-28T15:37:11.3921155+08:00 level=info msg="Finished building index" elapsed=510.9µs listRV=1
logger=bleve-backend namespace=default group=provisioning.grafana.app resource=repositories reason=getStats t=2026-06-28T15:37:11.392638+08:00 level=info msg="Storing index in cache" key="{Namespace:default Group:provisioning.grafana.app Resource:repositories}" expiration=2026-06-28T15:47:11.392638+08:00
logger=bleve-backend namespace=default group=playlist.grafana.app resource=playlists reason=getStats t=2026-06-28T15:37:11.3964519+08:00 level=info msg="Building index using memory"
logger=bleve-backend namespace=default group=playlist.grafana.app resource=playlists reason=getStats t=2026-06-28T15:37:11.3970097+08:00 level=info msg="Finished building index" elapsed=557.8µs listRV=1
logger=bleve-backend namespace=default group=playlist.grafana.app resource=playlists reason=getStats t=2026-06-28T15:37:11.3970097+08:00 level=info msg="Storing index in cache" key="{Namespace:default Group:playlist.grafana.app Resource:playlists}" expiration=2026-06-28T15:47:11.3970097+08:00
logger=bleve-backend namespace=default group=folder.grafana.app resource=folders reason=getStats t=2026-06-28T15:37:11.3975228+08:00 level=info msg="Building index using memory"
logger=bleve-backend namespace=default group=folder.grafana.app resource=folders reason=getStats t=2026-06-28T15:37:11.3990738+08:00 level=info msg="Finished building index" elapsed=1.0388ms listRV=1782594312479014
logger=bleve-backend namespace=default group=folder.grafana.app resource=folders reason=getStats t=2026-06-28T15:37:11.3996211+08:00 level=info msg="Storing index in cache" key="{Namespace:default Group:folder.grafana.app Resource:folders}" expiration=2026-06-28T15:47:11.3996211+08:00
logger=bleve-backend namespace=default group=dashboard.grafana.app resource=dashboards reason=getStats t=2026-06-28T15:37:11.4003968+08:00 level=info msg="Building index using memory"
logger=bleve-backend namespace=default group=dashboard.grafana.app resource=dashboards reason=getStats t=2026-06-28T15:37:11.4021481+08:00 level=info msg="Finished building index" elapsed=1.7513ms listRV=1782594312508988
logger=bleve-backend namespace=default group=dashboard.grafana.app resource=dashboards reason=getStats t=2026-06-28T15:37:11.4021481+08:00 level=info msg="Storing index in cache" key="{Namespace:default Group:dashboard.grafana.app Resource:dashboards}" expiration=2026-06-28T15:47:11.4021481+08:00
logger=infra.usagestats t=2026-06-28T15:37:11.4026651+08:00 level=info msg="Usage stats are ready to report"
logger=cleanup t=2026-06-28T15:45:12.440599+08:00 level=info msg="Completed cleanup jobs" duration=57.4622ms
logger=plugins.update.checker t=2026-06-28T15:45:13.5035779+08:00 level=info msg="Update check succeeded" duration=671.1114ms
logger=plugins.update.checker t=2026-06-28T15:45:13.5035779+08:00 level=info msg="flag evaluation succeeded" flag="{Value:false EvaluationDetails:{FlagKey:pluginsAutoUpdate FlagType:bool ResolutionDetail:{Variant:default Reason:STATIC ErrorCode: ErrorMessage: FlagMetadata:map[]}}}" details="{Value:false EvaluationDetails:{FlagKey:pluginsAutoUpdate FlagType:bool ResolutionDetail:{Variant:default Reason:STATIC ErrorCode: ErrorMessage: FlagMetadata:map[]}}}"
logger=bleve-backend t=2026-06-28T15:49:10.3547847+08:00 level=info msg="index evicted from cache" reason=expired key="{Namespace:default Group:folder.grafana.app Resource:folders}" storage=memory
logger=bleve-backend t=2026-06-28T15:49:10.3551916+08:00 level=info msg="index evicted from cache" reason=expired key="{Namespace:default Group:dashboard.grafana.app Resource:dashboards}" storage=memory
logger=bleve-backend t=2026-06-28T15:49:10.35574+08:00 level=info msg="index evicted from cache" reason=expired key="{Namespace:default Group:provisioning.grafana.app Resource:repositories}" storage=memory
logger=bleve-backend t=2026-06-28T15:49:10.3563586+08:00 level=info msg="index evicted from cache" reason=expired key="{Namespace:default Group:playlist.grafana.app Resource:playlists}" storage=memory
logger=cleanup t=2026-06-28T15:55:12.3852053+08:00 level=info msg="Completed cleanup jobs" duration=4.287ms
logger=plugins.update.checker t=2026-06-28T15:55:13.2562591+08:00 level=info msg="Update check succeeded" duration=425.9992ms
logger=plugins.update.checker t=2026-06-28T15:55:13.2574264+08:00 level=info msg="flag evaluation succeeded" flag="{Value:false EvaluationDetails:{FlagKey:pluginsAutoUpdate FlagType:bool ResolutionDetail:{Variant:default Reason:STATIC ErrorCode: ErrorMessage: FlagMetadata:map[]}}}" details="{Value:false EvaluationDetails:{FlagKey:pluginsAutoUpdate FlagType:bool ResolutionDetail:{Variant:default Reason:STATIC ErrorCode: ErrorMessage: FlagMetadata:map[]}}}"
logger=cleanup t=2026-06-28T16:05:12.3970749+08:00 level=info msg="Completed cleanup jobs" duration=18.4498ms
logger=plugins.update.checker t=2026-06-28T16:05:13.2626887+08:00 level=info msg="Update check succeeded" duration=434.2449ms
logger=plugins.update.checker t=2026-06-28T16:05:13.2632855+08:00 level=info msg="flag evaluation succeeded" flag="{Value:false EvaluationDetails:{FlagKey:pluginsAutoUpdate FlagType:bool ResolutionDetail:{Variant:default Reason:STATIC ErrorCode: ErrorMessage: FlagMetadata:map[]}}}" details="{Value:false EvaluationDetails:{FlagKey:pluginsAutoUpdate FlagType:bool ResolutionDetail:{Variant:default Reason:STATIC ErrorCode: ErrorMessage: FlagMetadata:map[]}}}"
logger=bleve-backend namespace=default group=provisioning.grafana.app resource=repositories reason=getStats t=2026-06-28T16:07:11.3879709+08:00 level=info msg="Building index using memory"
logger=bleve-backend namespace=default group=provisioning.grafana.app resource=repositories reason=getStats t=2026-06-28T16:07:11.3901597+08:00 level=info msg="Finished building index" elapsed=649µs listRV=1
logger=bleve-backend namespace=default group=provisioning.grafana.app resource=repositories reason=getStats t=2026-06-28T16:07:11.3907415+08:00 level=info msg="Storing index in cache" key="{Namespace:default Group:provisioning.grafana.app Resource:repositories}" expiration=2026-06-28T16:17:11.3907415+08:00
logger=bleve-backend namespace=default group=playlist.grafana.app resource=playlists reason=getStats t=2026-06-28T16:07:11.3916184+08:00 level=info msg="Building index using memory"
logger=bleve-backend namespace=default group=playlist.grafana.app resource=playlists reason=getStats t=2026-06-28T16:07:11.3921852+08:00 level=info msg="Finished building index" elapsed=0s listRV=1
logger=bleve-backend namespace=default group=playlist.grafana.app resource=playlists reason=getStats t=2026-06-28T16:07:11.3927318+08:00 level=info msg="Storing index in cache" key="{Namespace:default Group:playlist.grafana.app Resource:playlists}" expiration=2026-06-28T16:17:11.3927318+08:00
logger=bleve-backend namespace=default group=folder.grafana.app resource=folders reason=getStats t=2026-06-28T16:07:11.393851+08:00 level=info msg="Building index using memory"
logger=bleve-backend namespace=default group=folder.grafana.app resource=folders reason=getStats t=2026-06-28T16:07:11.395517+08:00 level=info msg="Finished building index" elapsed=1.666ms listRV=1782594312479014
logger=bleve-backend namespace=default group=folder.grafana.app resource=folders reason=getStats t=2026-06-28T16:07:11.3960929+08:00 level=info msg="Storing index in cache" key="{Namespace:default Group:folder.grafana.app Resource:folders}" expiration=2026-06-28T16:17:11.3960929+08:00
logger=bleve-backend namespace=default group=dashboard.grafana.app resource=dashboards reason=getStats t=2026-06-28T16:07:11.3965977+08:00 level=info msg="Building index using memory"
logger=bleve-backend namespace=default group=dashboard.grafana.app resource=dashboards reason=getStats t=2026-06-28T16:07:11.400429+08:00 level=info msg="Finished building index" elapsed=3.3243ms listRV=1782594312508988
logger=bleve-backend namespace=default group=dashboard.grafana.app resource=dashboards reason=getStats t=2026-06-28T16:07:11.4010053+08:00 level=info msg="Storing index in cache" key="{Namespace:default Group:dashboard.grafana.app Resource:dashboards}" expiration=2026-06-28T16:17:11.4010053+08:00
logger=infra.usagestats t=2026-06-28T16:07:11.4017195+08:00 level=info msg="Usage stats are ready to report"
logger=cleanup t=2026-06-28T16:15:12.3785376+08:00 level=info msg="Completed cleanup jobs" duration=1.8867ms
logger=plugins.update.checker t=2026-06-28T16:15:13.3355826+08:00 level=info msg="Update check succeeded" duration=509.1115ms
logger=plugins.update.checker t=2026-06-28T16:15:13.3384674+08:00 level=info msg="flag evaluation succeeded" flag="{Value:false EvaluationDetails:{FlagKey:pluginsAutoUpdate FlagType:bool ResolutionDetail:{Variant:default Reason:STATIC ErrorCode: ErrorMessage: FlagMetadata:map[]}}}" details="{Value:false EvaluationDetails:{FlagKey:pluginsAutoUpdate FlagType:bool ResolutionDetail:{Variant:default Reason:STATIC ErrorCode: ErrorMessage: FlagMetadata:map[]}}}"
logger=bleve-backend t=2026-06-28T16:19:10.3477333+08:00 level=info msg="index evicted from cache" reason=expired key="{Namespace:default Group:dashboard.grafana.app Resource:dashboards}" storage=memory
logger=bleve-backend t=2026-06-28T16:19:10.3480347+08:00 level=info msg="index evicted from cache" reason=expired key="{Namespace:default Group:provisioning.grafana.app Resource:repositories}" storage=memory
logger=bleve-backend t=2026-06-28T16:19:10.3480347+08:00 level=info msg="index evicted from cache" reason=expired key="{Namespace:default Group:playlist.grafana.app Resource:playlists}" storage=memory
logger=bleve-backend t=2026-06-28T16:19:10.3485412+08:00 level=info msg="index evicted from cache" reason=expired key="{Namespace:default Group:folder.grafana.app Resource:folders}" storage=memory
logger=cleanup t=2026-06-28T16:25:12.379742+08:00 level=info msg="Completed cleanup jobs" duration=5.3113ms
logger=plugins.update.checker t=2026-06-28T16:25:13.3513408+08:00 level=info msg="Update check succeeded" duration=528.2585ms
logger=plugins.update.checker t=2026-06-28T16:25:13.3519141+08:00 level=info msg="flag evaluation succeeded" flag="{Value:false EvaluationDetails:{FlagKey:pluginsAutoUpdate FlagType:bool ResolutionDetail:{Variant:default Reason:STATIC ErrorCode: ErrorMessage: FlagMetadata:map[]}}}" details="{Value:false EvaluationDetails:{FlagKey:pluginsAutoUpdate FlagType:bool ResolutionDetail:{Variant:default Reason:STATIC ErrorCode: ErrorMessage: FlagMetadata:map[]}}}"
logger=cleanup t=2026-06-28T16:35:12.4030697+08:00 level=info msg="Completed cleanup jobs" duration=31.2868ms
logger=plugins.update.checker t=2026-06-28T16:35:13.3370987+08:00 level=info msg="Update check succeeded" duration=516.1038ms
logger=plugins.update.checker t=2026-06-28T16:35:13.3370987+08:00 level=info msg="flag evaluation succeeded" flag="{Value:false EvaluationDetails:{FlagKey:pluginsAutoUpdate FlagType:bool ResolutionDetail:{Variant:default Reason:STATIC ErrorCode: ErrorMessage: FlagMetadata:map[]}}}" details="{Value:false EvaluationDetails:{FlagKey:pluginsAutoUpdate FlagType:bool ResolutionDetail:{Variant:default Reason:STATIC ErrorCode: ErrorMessage: FlagMetadata:map[]}}}"
logger=bleve-backend namespace=default group=provisioning.grafana.app resource=repositories reason=getStats t=2026-06-28T16:37:11.3761051+08:00 level=info msg="Building index using memory"
logger=bleve-backend namespace=default group=provisioning.grafana.app resource=repositories reason=getStats t=2026-06-28T16:37:11.3761051+08:00 level=info msg="Finished building index" elapsed=0s listRV=1
logger=bleve-backend namespace=default group=provisioning.grafana.app resource=repositories reason=getStats t=2026-06-28T16:37:11.3761051+08:00 level=info msg="Storing index in cache" key="{Namespace:default Group:provisioning.grafana.app Resource:repositories}" expiration=2026-06-28T16:47:11.3761051+08:00
logger=bleve-backend namespace=default group=playlist.grafana.app resource=playlists reason=getStats t=2026-06-28T16:37:11.3761051+08:00 level=info msg="Building index using memory"
logger=bleve-backend namespace=default group=playlist.grafana.app resource=playlists reason=getStats t=2026-06-28T16:37:11.3802143+08:00 level=info msg="Finished building index" elapsed=4.1092ms listRV=1
logger=bleve-backend namespace=default group=playlist.grafana.app resource=playlists reason=getStats t=2026-06-28T16:37:11.380721+08:00 level=info msg="Storing index in cache" key="{Namespace:default Group:playlist.grafana.app Resource:playlists}" expiration=2026-06-28T16:47:11.380721+08:00
logger=bleve-backend namespace=default group=folder.grafana.app resource=folders reason=getStats t=2026-06-28T16:37:11.3812586+08:00 level=info msg="Building index using memory"
logger=bleve-backend namespace=default group=folder.grafana.app resource=folders reason=getStats t=2026-06-28T16:37:11.3812586+08:00 level=info msg="Finished building index" elapsed=0s listRV=1782594312479014
logger=bleve-backend namespace=default group=folder.grafana.app resource=folders reason=getStats t=2026-06-28T16:37:11.3812586+08:00 level=info msg="Storing index in cache" key="{Namespace:default Group:folder.grafana.app Resource:folders}" expiration=2026-06-28T16:47:11.3812586+08:00
logger=bleve-backend namespace=default group=dashboard.grafana.app resource=dashboards reason=getStats t=2026-06-28T16:37:11.3812586+08:00 level=info msg="Building index using memory"
logger=bleve-backend namespace=default group=dashboard.grafana.app resource=dashboards reason=getStats t=2026-06-28T16:37:11.3862766+08:00 level=info msg="Finished building index" elapsed=5.018ms listRV=1782594312508988
logger=bleve-backend namespace=default group=dashboard.grafana.app resource=dashboards reason=getStats t=2026-06-28T16:37:11.3862766+08:00 level=info msg="Storing index in cache" key="{Namespace:default Group:dashboard.grafana.app Resource:dashboards}" expiration=2026-06-28T16:47:11.3862766+08:00
logger=infra.usagestats t=2026-06-28T16:37:11.3862766+08:00 level=info msg="Usage stats are ready to report"
logger=cleanup t=2026-06-28T16:45:12.3829438+08:00 level=info msg="Completed cleanup jobs" duration=13.4854ms
logger=plugins.update.checker t=2026-06-28T16:45:13.3386814+08:00 level=info msg="Update check succeeded" duration=519.8119ms
logger=plugins.update.checker t=2026-06-28T16:45:13.342525+08:00 level=info msg="flag evaluation succeeded" flag="{Value:false EvaluationDetails:{FlagKey:pluginsAutoUpdate FlagType:bool ResolutionDetail:{Variant:default Reason:STATIC ErrorCode: ErrorMessage: FlagMetadata:map[]}}}" details="{Value:false EvaluationDetails:{FlagKey:pluginsAutoUpdate FlagType:bool ResolutionDetail:{Variant:default Reason:STATIC ErrorCode: ErrorMessage: FlagMetadata:map[]}}}"
logger=bleve-backend t=2026-06-28T16:49:10.3412015+08:00 level=info msg="index evicted from cache" reason=expired key="{Namespace:default Group:provisioning.grafana.app Resource:repositories}" storage=memory
logger=bleve-backend t=2026-06-28T16:49:10.3412015+08:00 level=info msg="index evicted from cache" reason=expired key="{Namespace:default Group:playlist.grafana.app Resource:playlists}" storage=memory
logger=bleve-backend t=2026-06-28T16:49:10.3412015+08:00 level=info msg="index evicted from cache" reason=expired key="{Namespace:default Group:folder.grafana.app Resource:folders}" storage=memory
logger=bleve-backend t=2026-06-28T16:49:10.3412015+08:00 level=info msg="index evicted from cache" reason=expired key="{Namespace:default Group:dashboard.grafana.app Resource:dashboards}" storage=memory
logger=cleanup t=2026-06-28T16:55:12.4076532+08:00 level=info msg="Completed cleanup jobs" duration=40.1753ms
logger=plugins.update.checker t=2026-06-28T16:55:13.3409048+08:00 level=info msg="Update check succeeded" duration=524.782ms
logger=plugins.update.checker t=2026-06-28T16:55:13.344794+08:00 level=info msg="flag evaluation succeeded" flag="{Value:false EvaluationDetails:{FlagKey:pluginsAutoUpdate FlagType:bool ResolutionDetail:{Variant:default Reason:STATIC ErrorCode: ErrorMessage: FlagMetadata:map[]}}}" details="{Value:false EvaluationDetails:{FlagKey:pluginsAutoUpdate FlagType:bool ResolutionDetail:{Variant:default Reason:STATIC ErrorCode: ErrorMessage: FlagMetadata:map[]}}}"
logger=cleanup t=2026-06-28T17:05:12.401404+08:00 level=info msg="Completed cleanup jobs" duration=36.5268ms
logger=plugins.update.checker t=2026-06-28T17:05:13.3336056+08:00 level=info msg="Update check succeeded" duration=519.5604ms
logger=plugins.update.checker t=2026-06-28T17:05:13.3368645+08:00 level=info msg="flag evaluation succeeded" flag="{Value:false EvaluationDetails:{FlagKey:pluginsAutoUpdate FlagType:bool ResolutionDetail:{Variant:default Reason:STATIC ErrorCode: ErrorMessage: FlagMetadata:map[]}}}" details="{Value:false EvaluationDetails:{FlagKey:pluginsAutoUpdate FlagType:bool ResolutionDetail:{Variant:default Reason:STATIC ErrorCode: ErrorMessage: FlagMetadata:map[]}}}"
logger=bleve-backend namespace=default group=provisioning.grafana.app resource=repositories reason=getStats t=2026-06-28T17:07:11.3700209+08:00 level=info msg="Building index using memory"
logger=bleve-backend namespace=default group=provisioning.grafana.app resource=repositories reason=getStats t=2026-06-28T17:07:11.3710669+08:00 level=info msg="Finished building index" elapsed=529.9µs listRV=1
logger=bleve-backend namespace=default group=provisioning.grafana.app resource=repositories reason=getStats t=2026-06-28T17:07:11.3710669+08:00 level=info msg="Storing index in cache" key="{Namespace:default Group:provisioning.grafana.app Resource:repositories}" expiration=2026-06-28T17:17:11.3710669+08:00
logger=bleve-backend namespace=default group=playlist.grafana.app resource=playlists reason=getStats t=2026-06-28T17:07:11.3715917+08:00 level=info msg="Building index using memory"
logger=bleve-backend namespace=default group=playlist.grafana.app resource=playlists reason=getStats t=2026-06-28T17:07:11.3715917+08:00 level=info msg="Finished building index" elapsed=0s listRV=1
logger=bleve-backend namespace=default group=playlist.grafana.app resource=playlists reason=getStats t=2026-06-28T17:07:11.3721151+08:00 level=info msg="Storing index in cache" key="{Namespace:default Group:playlist.grafana.app Resource:playlists}" expiration=2026-06-28T17:17:11.3721151+08:00
logger=bleve-backend namespace=default group=folder.grafana.app resource=folders reason=getStats t=2026-06-28T17:07:11.3726332+08:00 level=info msg="Building index using memory"
logger=bleve-backend namespace=default group=folder.grafana.app resource=folders reason=getStats t=2026-06-28T17:07:11.3795402+08:00 level=info msg="Finished building index" elapsed=4.1545ms listRV=1782594312479014
logger=bleve-backend namespace=default group=folder.grafana.app resource=folders reason=getStats t=2026-06-28T17:07:11.3795402+08:00 level=info msg="Storing index in cache" key="{Namespace:default Group:folder.grafana.app Resource:folders}" expiration=2026-06-28T17:17:11.3795402+08:00
logger=bleve-backend namespace=default group=dashboard.grafana.app resource=dashboards reason=getStats t=2026-06-28T17:07:11.3801152+08:00 level=info msg="Building index using memory"
logger=bleve-backend namespace=default group=dashboard.grafana.app resource=dashboards reason=getStats t=2026-06-28T17:07:11.3822302+08:00 level=info msg="Finished building index" elapsed=2.115ms listRV=1782594312508988
logger=bleve-backend namespace=default group=dashboard.grafana.app resource=dashboards reason=getStats t=2026-06-28T17:07:11.3827365+08:00 level=info msg="Storing index in cache" key="{Namespace:default Group:dashboard.grafana.app Resource:dashboards}" expiration=2026-06-28T17:17:11.3827365+08:00
logger=infra.usagestats t=2026-06-28T17:07:11.3842798+08:00 level=info msg="Usage stats are ready to report"
logger=cleanup t=2026-06-28T17:15:12.3678731+08:00 level=info msg="Completed cleanup jobs" duration=3.7394ms
logger=plugins.update.checker t=2026-06-28T17:15:13.2578574+08:00 level=info msg="Update check succeeded" duration=445.7519ms
logger=plugins.update.checker t=2026-06-28T17:15:13.258407+08:00 level=info msg="flag evaluation succeeded" flag="{Value:false EvaluationDetails:{FlagKey:pluginsAutoUpdate FlagType:bool ResolutionDetail:{Variant:default Reason:STATIC ErrorCode: ErrorMessage: FlagMetadata:map[]}}}" details="{Value:false EvaluationDetails:{FlagKey:pluginsAutoUpdate FlagType:bool ResolutionDetail:{Variant:default Reason:STATIC ErrorCode: ErrorMessage: FlagMetadata:map[]}}}"
logger=bleve-backend t=2026-06-28T17:19:10.3341015+08:00 level=info msg="index evicted from cache" reason=expired key="{Namespace:default Group:provisioning.grafana.app Resource:repositories}" storage=memory
logger=bleve-backend t=2026-06-28T17:19:10.3341015+08:00 level=info msg="index evicted from cache" reason=expired key="{Namespace:default Group:playlist.grafana.app Resource:playlists}" storage=memory
logger=bleve-backend t=2026-06-28T17:19:10.3341015+08:00 level=info msg="index evicted from cache" reason=expired key="{Namespace:default Group:folder.grafana.app Resource:folders}" storage=memory
logger=bleve-backend t=2026-06-28T17:19:10.3341015+08:00 level=info msg="index evicted from cache" reason=expired key="{Namespace:default Group:dashboard.grafana.app Resource:dashboards}" storage=memory
logger=cleanup t=2026-06-28T17:25:12.362284+08:00 level=info msg="Completed cleanup jobs" duration=2.0281ms
logger=plugins.update.checker t=2026-06-28T17:25:13.2583114+08:00 level=info msg="Update check succeeded" duration=449.0096ms
logger=plugins.update.checker t=2026-06-28T17:25:13.2583114+08:00 level=info msg="flag evaluation succeeded" flag="{Value:false EvaluationDetails:{FlagKey:pluginsAutoUpdate FlagType:bool ResolutionDetail:{Variant:default Reason:STATIC ErrorCode: ErrorMessage: FlagMetadata:map[]}}}" details="{Value:false EvaluationDetails:{FlagKey:pluginsAutoUpdate FlagType:bool ResolutionDetail:{Variant:default Reason:STATIC ErrorCode: ErrorMessage: FlagMetadata:map[]}}}"
logger=cleanup t=2026-06-28T17:35:12.367543+08:00 level=info msg="Completed cleanup jobs" duration=8.8818ms
logger=plugins.update.checker t=2026-06-28T17:35:13.254275+08:00 level=info msg="Update check succeeded" duration=447.1515ms
logger=plugins.update.checker t=2026-06-28T17:35:13.254275+08:00 level=info msg="flag evaluation succeeded" flag="{Value:false EvaluationDetails:{FlagKey:pluginsAutoUpdate FlagType:bool ResolutionDetail:{Variant:default Reason:STATIC ErrorCode: ErrorMessage: FlagMetadata:map[]}}}" details="{Value:false EvaluationDetails:{FlagKey:pluginsAutoUpdate FlagType:bool ResolutionDetail:{Variant:default Reason:STATIC ErrorCode: ErrorMessage: FlagMetadata:map[]}}}"
logger=bleve-backend namespace=default group=provisioning.grafana.app resource=repositories reason=getStats t=2026-06-28T17:37:11.3651404+08:00 level=info msg="Building index using memory"
logger=bleve-backend namespace=default group=provisioning.grafana.app resource=repositories reason=getStats t=2026-06-28T17:37:11.3688629+08:00 level=info msg="Finished building index" elapsed=785µs listRV=1
logger=bleve-backend namespace=default group=provisioning.grafana.app resource=repositories reason=getStats t=2026-06-28T17:37:11.3688629+08:00 level=info msg="Storing index in cache" key="{Namespace:default Group:provisioning.grafana.app Resource:repositories}" expiration=2026-06-28T17:47:11.3688629+08:00
logger=bleve-backend namespace=default group=playlist.grafana.app resource=playlists reason=getStats t=2026-06-28T17:37:11.3701212+08:00 level=info msg="Building index using memory"
logger=bleve-backend namespace=default group=playlist.grafana.app resource=playlists reason=getStats t=2026-06-28T17:37:11.3712103+08:00 level=info msg="Finished building index" elapsed=510.7µs listRV=1
logger=bleve-backend namespace=default group=playlist.grafana.app resource=playlists reason=getStats t=2026-06-28T17:37:11.3712103+08:00 level=info msg="Storing index in cache" key="{Namespace:default Group:playlist.grafana.app Resource:playlists}" expiration=2026-06-28T17:47:11.3712103+08:00
logger=bleve-backend namespace=default group=folder.grafana.app resource=folders reason=getStats t=2026-06-28T17:37:11.3722359+08:00 level=info msg="Building index using memory"
logger=bleve-backend namespace=default group=folder.grafana.app resource=folders reason=getStats t=2026-06-28T17:37:11.3754605+08:00 level=info msg="Finished building index" elapsed=1.1309ms listRV=1782594312479014
logger=bleve-backend namespace=default group=folder.grafana.app resource=folders reason=getStats t=2026-06-28T17:37:11.3760368+08:00 level=info msg="Storing index in cache" key="{Namespace:default Group:folder.grafana.app Resource:folders}" expiration=2026-06-28T17:47:11.3760368+08:00
logger=bleve-backend namespace=default group=dashboard.grafana.app resource=dashboards reason=getStats t=2026-06-28T17:37:11.3765512+08:00 level=info msg="Building index using memory"
logger=bleve-backend namespace=default group=dashboard.grafana.app resource=dashboards reason=getStats t=2026-06-28T17:37:11.3801287+08:00 level=info msg="Finished building index" elapsed=2.0531ms listRV=1782594312508988
logger=bleve-backend namespace=default group=dashboard.grafana.app resource=dashboards reason=getStats t=2026-06-28T17:37:11.3801287+08:00 level=info msg="Storing index in cache" key="{Namespace:default Group:dashboard.grafana.app Resource:dashboards}" expiration=2026-06-28T17:47:11.3801287+08:00
logger=infra.usagestats t=2026-06-28T17:37:11.3817414+08:00 level=info msg="Usage stats are ready to report"
logger=cleanup t=2026-06-28T17:45:12.3570833+08:00 level=info msg="Completed cleanup jobs" duration=1.0316ms
logger=plugins.update.checker t=2026-06-28T17:45:13.2573159+08:00 level=info msg="Update check succeeded" duration=451.785ms
logger=plugins.update.checker t=2026-06-28T17:45:13.2573159+08:00 level=info msg="flag evaluation succeeded" flag="{Value:false EvaluationDetails:{FlagKey:pluginsAutoUpdate FlagType:bool ResolutionDetail:{Variant:default Reason:STATIC ErrorCode: ErrorMessage: FlagMetadata:map[]}}}" details="{Value:false EvaluationDetails:{FlagKey:pluginsAutoUpdate FlagType:bool ResolutionDetail:{Variant:default Reason:STATIC ErrorCode: ErrorMessage: FlagMetadata:map[]}}}"
logger=bleve-backend t=2026-06-28T17:49:10.3276524+08:00 level=info msg="index evicted from cache" reason=expired key="{Namespace:default Group:playlist.grafana.app Resource:playlists}" storage=memory
logger=bleve-backend t=2026-06-28T17:49:10.3276524+08:00 level=info msg="index evicted from cache" reason=expired key="{Namespace:default Group:folder.grafana.app Resource:folders}" storage=memory
logger=bleve-backend t=2026-06-28T17:49:10.3276524+08:00 level=info msg="index evicted from cache" reason=expired key="{Namespace:default Group:dashboard.grafana.app Resource:dashboards}" storage=memory
logger=bleve-backend t=2026-06-28T17:49:10.3276524+08:00 level=info msg="index evicted from cache" reason=expired key="{Namespace:default Group:provisioning.grafana.app Resource:repositories}" storage=memory
logger=cleanup t=2026-06-28T17:55:12.383946+08:00 level=info msg="Completed cleanup jobs" duration=30.4442ms
logger=plugins.update.checker t=2026-06-28T17:55:13.2579057+08:00 level=info msg="Update check succeeded" duration=453.9873ms
logger=plugins.update.checker t=2026-06-28T17:55:13.2585021+08:00 level=info msg="flag evaluation succeeded" flag="{Value:false EvaluationDetails:{FlagKey:pluginsAutoUpdate FlagType:bool ResolutionDetail:{Variant:default Reason:STATIC ErrorCode: ErrorMessage: FlagMetadata:map[]}}}" details="{Value:false EvaluationDetails:{FlagKey:pluginsAutoUpdate FlagType:bool ResolutionDetail:{Variant:default Reason:STATIC ErrorCode: ErrorMessage: FlagMetadata:map[]}}}"
logger=cleanup t=2026-06-28T18:05:12.356726+08:00 level=info msg="Completed cleanup jobs" duration=5.289ms
logger=plugins.update.checker t=2026-06-28T18:05:13.1760565+08:00 level=info msg="Update check succeeded" duration=375.252ms
logger=plugins.update.checker t=2026-06-28T18:05:13.1760565+08:00 level=info msg="flag evaluation succeeded" flag="{Value:false EvaluationDetails:{FlagKey:pluginsAutoUpdate FlagType:bool ResolutionDetail:{Variant:default Reason:STATIC ErrorCode: ErrorMessage: FlagMetadata:map[]}}}" details="{Value:false EvaluationDetails:{FlagKey:pluginsAutoUpdate FlagType:bool ResolutionDetail:{Variant:default Reason:STATIC ErrorCode: ErrorMessage: FlagMetadata:map[]}}}"
logger=bleve-backend namespace=default group=provisioning.grafana.app resource=repositories reason=getStats t=2026-06-28T18:07:11.3566609+08:00 level=info msg="Building index using memory"
logger=bleve-backend namespace=default group=provisioning.grafana.app resource=repositories reason=getStats t=2026-06-28T18:07:11.3571744+08:00 level=info msg="Finished building index" elapsed=0s listRV=1
logger=bleve-backend namespace=default group=provisioning.grafana.app resource=repositories reason=getStats t=2026-06-28T18:07:11.3571744+08:00 level=info msg="Storing index in cache" key="{Namespace:default Group:provisioning.grafana.app Resource:repositories}" expiration=2026-06-28T18:17:11.3571744+08:00
logger=bleve-backend namespace=default group=playlist.grafana.app resource=playlists reason=getStats t=2026-06-28T18:07:11.3581977+08:00 level=info msg="Building index using memory"
logger=bleve-backend namespace=default group=playlist.grafana.app resource=playlists reason=getStats t=2026-06-28T18:07:11.3581977+08:00 level=info msg="Finished building index" elapsed=0s listRV=1
logger=bleve-backend namespace=default group=playlist.grafana.app resource=playlists reason=getStats t=2026-06-28T18:07:11.3581977+08:00 level=info msg="Storing index in cache" key="{Namespace:default Group:playlist.grafana.app Resource:playlists}" expiration=2026-06-28T18:17:11.3581977+08:00
logger=bleve-backend namespace=default group=folder.grafana.app resource=folders reason=getStats t=2026-06-28T18:07:11.3587067+08:00 level=info msg="Building index using memory"
logger=bleve-backend namespace=default group=folder.grafana.app resource=folders reason=getStats t=2026-06-28T18:07:11.3597352+08:00 level=info msg="Finished building index" elapsed=512.3µs listRV=1782594312479014
logger=bleve-backend namespace=default group=folder.grafana.app resource=folders reason=getStats t=2026-06-28T18:07:11.3602497+08:00 level=info msg="Storing index in cache" key="{Namespace:default Group:folder.grafana.app Resource:folders}" expiration=2026-06-28T18:17:11.3602497+08:00
logger=bleve-backend namespace=default group=dashboard.grafana.app resource=dashboards reason=getStats t=2026-06-28T18:07:11.3602497+08:00 level=info msg="Building index using memory"
logger=bleve-backend namespace=default group=dashboard.grafana.app resource=dashboards reason=getStats t=2026-06-28T18:07:11.3618994+08:00 level=info msg="Finished building index" elapsed=1.0326ms listRV=1782594312508988
logger=bleve-backend namespace=default group=dashboard.grafana.app resource=dashboards reason=getStats t=2026-06-28T18:07:11.3618994+08:00 level=info msg="Storing index in cache" key="{Namespace:default Group:dashboard.grafana.app Resource:dashboards}" expiration=2026-06-28T18:17:11.3618994+08:00
logger=infra.usagestats t=2026-06-28T18:07:11.3624069+08:00 level=info msg="Usage stats are ready to report"
logger=cleanup t=2026-06-28T18:15:12.3692384+08:00 level=info msg="Completed cleanup jobs" duration=19.4711ms
logger=plugins.update.checker t=2026-06-28T18:15:13.2542938+08:00 level=info msg="Update check succeeded" duration=456.0329ms
logger=plugins.update.checker t=2026-06-28T18:15:13.2548058+08:00 level=info msg="flag evaluation succeeded" flag="{Value:false EvaluationDetails:{FlagKey:pluginsAutoUpdate FlagType:bool ResolutionDetail:{Variant:default Reason:STATIC ErrorCode: ErrorMessage: FlagMetadata:map[]}}}" details="{Value:false EvaluationDetails:{FlagKey:pluginsAutoUpdate FlagType:bool ResolutionDetail:{Variant:default Reason:STATIC ErrorCode: ErrorMessage: FlagMetadata:map[]}}}"
logger=bleve-backend t=2026-06-28T18:19:10.3206507+08:00 level=info msg="index evicted from cache" reason=expired key="{Namespace:default Group:folder.grafana.app Resource:folders}" storage=memory
logger=bleve-backend t=2026-06-28T18:19:10.3206507+08:00 level=info msg="index evicted from cache" reason=expired key="{Namespace:default Group:dashboard.grafana.app Resource:dashboards}" storage=memory
logger=bleve-backend t=2026-06-28T18:19:10.3214228+08:00 level=info msg="index evicted from cache" reason=expired key="{Namespace:default Group:provisioning.grafana.app Resource:repositories}" storage=memory
logger=bleve-backend t=2026-06-28T18:19:10.3220947+08:00 level=info msg="index evicted from cache" reason=expired key="{Namespace:default Group:playlist.grafana.app Resource:playlists}" storage=memory
logger=cleanup t=2026-06-28T18:25:12.3552819+08:00 level=info msg="Completed cleanup jobs" duration=8.4681ms
logger=plugins.update.checker t=2026-06-28T18:25:13.2545022+08:00 level=info msg="Update check succeeded" duration=457.7768ms
logger=plugins.update.checker t=2026-06-28T18:25:13.2545022+08:00 level=info msg="flag evaluation succeeded" flag="{Value:false EvaluationDetails:{FlagKey:pluginsAutoUpdate FlagType:bool ResolutionDetail:{Variant:default Reason:STATIC ErrorCode: ErrorMessage: FlagMetadata:map[]}}}" details="{Value:false EvaluationDetails:{FlagKey:pluginsAutoUpdate FlagType:bool ResolutionDetail:{Variant:default Reason:STATIC ErrorCode: ErrorMessage: FlagMetadata:map[]}}}"
logger=cleanup t=2026-06-28T18:35:12.3952106+08:00 level=info msg="Completed cleanup jobs" duration=43.1117ms
logger=plugins.update.checker t=2026-06-28T18:35:13.2566001+08:00 level=info msg="Update check succeeded" duration=462.964ms
logger=plugins.update.checker t=2026-06-28T18:35:13.2614875+08:00 level=info msg="flag evaluation succeeded" flag="{Value:false EvaluationDetails:{FlagKey:pluginsAutoUpdate FlagType:bool ResolutionDetail:{Variant:default Reason:STATIC ErrorCode: ErrorMessage: FlagMetadata:map[]}}}" details="{Value:false EvaluationDetails:{FlagKey:pluginsAutoUpdate FlagType:bool ResolutionDetail:{Variant:default Reason:STATIC ErrorCode: ErrorMessage: FlagMetadata:map[]}}}"
logger=bleve-backend namespace=default group=provisioning.grafana.app resource=repositories reason=getStats t=2026-06-28T18:37:11.3521056+08:00 level=info msg="Building index using memory"
logger=bleve-backend namespace=default group=provisioning.grafana.app resource=repositories reason=getStats t=2026-06-28T18:37:11.3533507+08:00 level=info msg="Finished building index" elapsed=587.3µs listRV=1
logger=bleve-backend namespace=default group=provisioning.grafana.app resource=repositories reason=getStats t=2026-06-28T18:37:11.3533507+08:00 level=info msg="Storing index in cache" key="{Namespace:default Group:provisioning.grafana.app Resource:repositories}" expiration=2026-06-28T18:47:11.3533507+08:00
logger=bleve-backend namespace=default group=playlist.grafana.app resource=playlists reason=getStats t=2026-06-28T18:37:11.3539566+08:00 level=info msg="Building index using memory"
logger=bleve-backend namespace=default group=playlist.grafana.app resource=playlists reason=getStats t=2026-06-28T18:37:11.3550614+08:00 level=info msg="Finished building index" elapsed=526.2µs listRV=1
logger=bleve-backend namespace=default group=playlist.grafana.app resource=playlists reason=getStats t=2026-06-28T18:37:11.3550614+08:00 level=info msg="Storing index in cache" key="{Namespace:default Group:playlist.grafana.app Resource:playlists}" expiration=2026-06-28T18:47:11.3550614+08:00
logger=bleve-backend namespace=default group=folder.grafana.app resource=folders reason=getStats t=2026-06-28T18:37:11.3561156+08:00 level=info msg="Building index using memory"
logger=bleve-backend namespace=default group=folder.grafana.app resource=folders reason=getStats t=2026-06-28T18:37:11.3578513+08:00 level=info msg="Finished building index" elapsed=1.7357ms listRV=1782594312479014
logger=bleve-backend namespace=default group=folder.grafana.app resource=folders reason=getStats t=2026-06-28T18:37:11.3578513+08:00 level=info msg="Storing index in cache" key="{Namespace:default Group:folder.grafana.app Resource:folders}" expiration=2026-06-28T18:47:11.3578513+08:00
logger=bleve-backend namespace=default group=dashboard.grafana.app resource=dashboards reason=getStats t=2026-06-28T18:37:11.3589062+08:00 level=info msg="Building index using memory"
logger=bleve-backend namespace=default group=dashboard.grafana.app resource=dashboards reason=getStats t=2026-06-28T18:37:11.3617955+08:00 level=info msg="Finished building index" elapsed=2.3408ms listRV=1782594312508988
logger=bleve-backend namespace=default group=dashboard.grafana.app resource=dashboards reason=getStats t=2026-06-28T18:37:11.3617955+08:00 level=info msg="Storing index in cache" key="{Namespace:default Group:dashboard.grafana.app Resource:dashboards}" expiration=2026-06-28T18:47:11.3617955+08:00
logger=infra.usagestats t=2026-06-28T18:37:11.36299+08:00 level=info msg="Usage stats are ready to report"
logger=cleanup t=2026-06-28T18:45:12.3900673+08:00 level=info msg="Completed cleanup jobs" duration=47.9117ms
logger=plugins.update.checker t=2026-06-28T18:45:13.2037095+08:00 level=info msg="Update check succeeded" duration=412.2008ms
logger=plugins.update.checker t=2026-06-28T18:45:13.2037095+08:00 level=info msg="flag evaluation succeeded" flag="{Value:false EvaluationDetails:{FlagKey:pluginsAutoUpdate FlagType:bool ResolutionDetail:{Variant:default Reason:STATIC ErrorCode: ErrorMessage: FlagMetadata:map[]}}}" details="{Value:false EvaluationDetails:{FlagKey:pluginsAutoUpdate FlagType:bool ResolutionDetail:{Variant:default Reason:STATIC ErrorCode: ErrorMessage: FlagMetadata:map[]}}}"
logger=bleve-backend t=2026-06-28T18:49:10.3139172+08:00 level=info msg="index evicted from cache" reason=expired key="{Namespace:default Group:provisioning.grafana.app Resource:repositories}" storage=memory
logger=bleve-backend t=2026-06-28T18:49:10.3175105+08:00 level=info msg="index evicted from cache" reason=expired key="{Namespace:default Group:playlist.grafana.app Resource:playlists}" storage=memory
logger=bleve-backend t=2026-06-28T18:49:10.3175105+08:00 level=info msg="index evicted from cache" reason=expired key="{Namespace:default Group:folder.grafana.app Resource:folders}" storage=memory
logger=bleve-backend t=2026-06-28T18:49:10.3175105+08:00 level=info msg="index evicted from cache" reason=expired key="{Namespace:default Group:dashboard.grafana.app Resource:dashboards}" storage=memory
logger=cleanup t=2026-06-28T18:55:12.3465299+08:00 level=info msg="Completed cleanup jobs" duration=6.1611ms
logger=plugins.update.checker t=2026-06-28T18:55:13.1952667+08:00 level=info msg="Update check succeeded" duration=405.9995ms
logger=plugins.update.checker t=2026-06-28T18:55:13.1959262+08:00 level=info msg="flag evaluation succeeded" flag="{Value:false EvaluationDetails:{FlagKey:pluginsAutoUpdate FlagType:bool ResolutionDetail:{Variant:default Reason:STATIC ErrorCode: ErrorMessage: FlagMetadata:map[]}}}" details="{Value:false EvaluationDetails:{FlagKey:pluginsAutoUpdate FlagType:bool ResolutionDetail:{Variant:default Reason:STATIC ErrorCode: ErrorMessage: FlagMetadata:map[]}}}"
logger=cleanup t=2026-06-28T19:05:12.3433517+08:00 level=info msg="Completed cleanup jobs" duration=4.891ms
logger=plugins.update.checker t=2026-06-28T19:05:13.2691649+08:00 level=info msg="Update check succeeded" duration=482.206ms
logger=plugins.update.checker t=2026-06-28T19:05:13.2699403+08:00 level=info msg="flag evaluation succeeded" flag="{Value:false EvaluationDetails:{FlagKey:pluginsAutoUpdate FlagType:bool ResolutionDetail:{Variant:default Reason:STATIC ErrorCode: ErrorMessage: FlagMetadata:map[]}}}" details="{Value:false EvaluationDetails:{FlagKey:pluginsAutoUpdate FlagType:bool ResolutionDetail:{Variant:default Reason:STATIC ErrorCode: ErrorMessage: FlagMetadata:map[]}}}"
logger=bleve-backend namespace=default group=provisioning.grafana.app resource=repositories reason=getStats t=2026-06-28T19:07:11.3442526+08:00 level=info msg="Building index using memory"
logger=bleve-backend namespace=default group=provisioning.grafana.app resource=repositories reason=getStats t=2026-06-28T19:07:11.3475719+08:00 level=info msg="Finished building index" elapsed=2.7459ms listRV=1
logger=bleve-backend namespace=default group=provisioning.grafana.app resource=repositories reason=getStats t=2026-06-28T19:07:11.3506265+08:00 level=info msg="Storing index in cache" key="{Namespace:default Group:provisioning.grafana.app Resource:repositories}" expiration=2026-06-28T19:17:11.3506265+08:00
logger=bleve-backend namespace=default group=playlist.grafana.app resource=playlists reason=getStats t=2026-06-28T19:07:11.3534256+08:00 level=info msg="Building index using memory"
logger=bleve-backend namespace=default group=playlist.grafana.app resource=playlists reason=getStats t=2026-06-28T19:07:11.3546439+08:00 level=info msg="Finished building index" elapsed=568.4µs listRV=1
logger=bleve-backend namespace=default group=playlist.grafana.app resource=playlists reason=getStats t=2026-06-28T19:07:11.3546439+08:00 level=info msg="Storing index in cache" key="{Namespace:default Group:playlist.grafana.app Resource:playlists}" expiration=2026-06-28T19:17:11.3546439+08:00
logger=bleve-backend namespace=default group=folder.grafana.app resource=folders reason=getStats t=2026-06-28T19:07:11.3565823+08:00 level=info msg="Building index using memory"
logger=bleve-backend namespace=default group=folder.grafana.app resource=folders reason=getStats t=2026-06-28T19:07:11.3615558+08:00 level=info msg="Finished building index" elapsed=4.9735ms listRV=1782594312479014
logger=bleve-backend namespace=default group=folder.grafana.app resource=folders reason=getStats t=2026-06-28T19:07:11.3621329+08:00 level=info msg="Storing index in cache" key="{Namespace:default Group:folder.grafana.app Resource:folders}" expiration=2026-06-28T19:17:11.3621329+08:00
logger=bleve-backend namespace=default group=dashboard.grafana.app resource=dashboards reason=getStats t=2026-06-28T19:07:11.36409+08:00 level=info msg="Building index using memory"
logger=bleve-backend namespace=default group=dashboard.grafana.app resource=dashboards reason=getStats t=2026-06-28T19:07:11.3684062+08:00 level=info msg="Finished building index" elapsed=2.7475ms listRV=1782594312508988
logger=bleve-backend namespace=default group=dashboard.grafana.app resource=dashboards reason=getStats t=2026-06-28T19:07:11.3684062+08:00 level=info msg="Storing index in cache" key="{Namespace:default Group:dashboard.grafana.app Resource:dashboards}" expiration=2026-06-28T19:17:11.3684062+08:00
logger=infra.usagestats t=2026-06-28T19:07:11.3700758+08:00 level=info msg="Usage stats are ready to report"
logger=cleanup t=2026-06-28T19:15:12.4246753+08:00 level=info msg="Completed cleanup jobs" duration=88.6717ms
logger=plugins.update.checker t=2026-06-28T19:15:13.2572095+08:00 level=info msg="Update check succeeded" duration=472.1425ms
logger=plugins.update.checker t=2026-06-28T19:15:13.2572095+08:00 level=info msg="flag evaluation succeeded" flag="{Value:false EvaluationDetails:{FlagKey:pluginsAutoUpdate FlagType:bool ResolutionDetail:{Variant:default Reason:STATIC ErrorCode: ErrorMessage: FlagMetadata:map[]}}}" details="{Value:false EvaluationDetails:{FlagKey:pluginsAutoUpdate FlagType:bool ResolutionDetail:{Variant:default Reason:STATIC ErrorCode: ErrorMessage: FlagMetadata:map[]}}}"
logger=bleve-backend t=2026-06-28T19:19:10.3077167+08:00 level=info msg="index evicted from cache" reason=expired key="{Namespace:default Group:provisioning.grafana.app Resource:repositories}" storage=memory
logger=bleve-backend t=2026-06-28T19:19:10.3113195+08:00 level=info msg="index evicted from cache" reason=expired key="{Namespace:default Group:playlist.grafana.app Resource:playlists}" storage=memory
logger=bleve-backend t=2026-06-28T19:19:10.3113195+08:00 level=info msg="index evicted from cache" reason=expired key="{Namespace:default Group:folder.grafana.app Resource:folders}" storage=memory
logger=bleve-backend t=2026-06-28T19:19:10.3113195+08:00 level=info msg="index evicted from cache" reason=expired key="{Namespace:default Group:dashboard.grafana.app Resource:dashboards}" storage=memory
logger=cleanup t=2026-06-28T19:25:12.3345877+08:00 level=info msg="Completed cleanup jobs" duration=1.5137ms
logger=plugins.update.checker t=2026-06-28T19:25:13.11689+08:00 level=info msg="Update check succeeded" duration=334.3797ms
logger=plugins.update.checker t=2026-06-28T19:25:13.1197615+08:00 level=info msg="flag evaluation succeeded" flag="{Value:false EvaluationDetails:{FlagKey:pluginsAutoUpdate FlagType:bool ResolutionDetail:{Variant:default Reason:STATIC ErrorCode: ErrorMessage: FlagMetadata:map[]}}}" details="{Value:false EvaluationDetails:{FlagKey:pluginsAutoUpdate FlagType:bool ResolutionDetail:{Variant:default Reason:STATIC ErrorCode: ErrorMessage: FlagMetadata:map[]}}}"
logger=cleanup t=2026-06-28T19:35:12.3494553+08:00 level=info msg="Completed cleanup jobs" duration=17.5362ms
logger=plugins.update.checker t=2026-06-28T19:35:13.1338429+08:00 level=info msg="Update check succeeded" duration=353.9045ms
logger=plugins.update.checker t=2026-06-28T19:35:13.1353022+08:00 level=info msg="flag evaluation succeeded" flag="{Value:false EvaluationDetails:{FlagKey:pluginsAutoUpdate FlagType:bool ResolutionDetail:{Variant:default Reason:STATIC ErrorCode: ErrorMessage: FlagMetadata:map[]}}}" details="{Value:false EvaluationDetails:{FlagKey:pluginsAutoUpdate FlagType:bool ResolutionDetail:{Variant:default Reason:STATIC ErrorCode: ErrorMessage: FlagMetadata:map[]}}}"
logger=bleve-backend namespace=default group=provisioning.grafana.app resource=repositories reason=getStats t=2026-06-28T19:37:11.3376674+08:00 level=info msg="Building index using memory"
logger=bleve-backend namespace=default group=provisioning.grafana.app resource=repositories reason=getStats t=2026-06-28T19:37:11.3387121+08:00 level=info msg="Finished building index" elapsed=514.5µs listRV=1
logger=bleve-backend namespace=default group=provisioning.grafana.app resource=repositories reason=getStats t=2026-06-28T19:37:11.3392616+08:00 level=info msg="Storing index in cache" key="{Namespace:default Group:provisioning.grafana.app Resource:repositories}" expiration=2026-06-28T19:47:11.3392616+08:00
logger=bleve-backend namespace=default group=playlist.grafana.app resource=playlists reason=getStats t=2026-06-28T19:37:11.3403214+08:00 level=info msg="Building index using memory"
logger=bleve-backend namespace=default group=playlist.grafana.app resource=playlists reason=getStats t=2026-06-28T19:37:11.3413619+08:00 level=info msg="Finished building index" elapsed=1.0405ms listRV=1
logger=bleve-backend namespace=default group=playlist.grafana.app resource=playlists reason=getStats t=2026-06-28T19:37:11.3413619+08:00 level=info msg="Storing index in cache" key="{Namespace:default Group:playlist.grafana.app Resource:playlists}" expiration=2026-06-28T19:47:11.3413619+08:00
logger=bleve-backend namespace=default group=folder.grafana.app resource=folders reason=getStats t=2026-06-28T19:37:11.3424037+08:00 level=info msg="Building index using memory"
logger=bleve-backend namespace=default group=folder.grafana.app resource=folders reason=getStats t=2026-06-28T19:37:11.3449905+08:00 level=info msg="Finished building index" elapsed=2.5869ms listRV=1782594312479014
logger=bleve-backend namespace=default group=folder.grafana.app resource=folders reason=getStats t=2026-06-28T19:37:11.3449905+08:00 level=info msg="Storing index in cache" key="{Namespace:default Group:folder.grafana.app Resource:folders}" expiration=2026-06-28T19:47:11.3449905+08:00
logger=bleve-backend namespace=default group=dashboard.grafana.app resource=dashboards reason=getStats t=2026-06-28T19:37:11.3465402+08:00 level=info msg="Building index using memory"
logger=bleve-backend namespace=default group=dashboard.grafana.app resource=dashboards reason=getStats t=2026-06-28T19:37:11.3492921+08:00 level=info msg="Finished building index" elapsed=2.7519ms listRV=1782594312508988
logger=bleve-backend namespace=default group=dashboard.grafana.app resource=dashboards reason=getStats t=2026-06-28T19:37:11.3492921+08:00 level=info msg="Storing index in cache" key="{Namespace:default Group:dashboard.grafana.app Resource:dashboards}" expiration=2026-06-28T19:47:11.3492921+08:00
logger=infra.usagestats t=2026-06-28T19:37:11.3514438+08:00 level=info msg="Usage stats are ready to report"
logger=cleanup t=2026-06-28T19:45:12.3418524+08:00 level=info msg="Completed cleanup jobs" duration=12.8996ms
logger=plugins.update.checker t=2026-06-28T19:45:13.1189928+08:00 level=info msg="Update check succeeded" duration=341.1756ms
logger=plugins.update.checker t=2026-06-28T19:45:13.119568+08:00 level=info msg="flag evaluation succeeded" flag="{Value:false EvaluationDetails:{FlagKey:pluginsAutoUpdate FlagType:bool ResolutionDetail:{Variant:default Reason:STATIC ErrorCode: ErrorMessage: FlagMetadata:map[]}}}" details="{Value:false EvaluationDetails:{FlagKey:pluginsAutoUpdate FlagType:bool ResolutionDetail:{Variant:default Reason:STATIC ErrorCode: ErrorMessage: FlagMetadata:map[]}}}"
logger=bleve-backend t=2026-06-28T19:49:10.3000713+08:00 level=info msg="index evicted from cache" reason=expired key="{Namespace:default Group:playlist.grafana.app Resource:playlists}" storage=memory
logger=bleve-backend t=2026-06-28T19:49:10.3000713+08:00 level=info msg="index evicted from cache" reason=expired key="{Namespace:default Group:folder.grafana.app Resource:folders}" storage=memory
logger=bleve-backend t=2026-06-28T19:49:10.3005885+08:00 level=info msg="index evicted from cache" reason=expired key="{Namespace:default Group:dashboard.grafana.app Resource:dashboards}" storage=memory
logger=bleve-backend t=2026-06-28T19:49:10.3005885+08:00 level=info msg="index evicted from cache" reason=expired key="{Namespace:default Group:provisioning.grafana.app Resource:repositories}" storage=memory
logger=cleanup t=2026-06-28T19:55:12.3711957+08:00 level=info msg="Completed cleanup jobs" duration=44.9597ms
logger=plugins.update.checker t=2026-06-28T19:55:13.1079804+08:00 level=info msg="Update check succeeded" duration=332.2334ms
logger=plugins.update.checker t=2026-06-28T19:55:13.1087569+08:00 level=info msg="flag evaluation succeeded" flag="{Value:false EvaluationDetails:{FlagKey:pluginsAutoUpdate FlagType:bool ResolutionDetail:{Variant:default Reason:STATIC ErrorCode: ErrorMessage: FlagMetadata:map[]}}}" details="{Value:false EvaluationDetails:{FlagKey:pluginsAutoUpdate FlagType:bool ResolutionDetail:{Variant:default Reason:STATIC ErrorCode: ErrorMessage: FlagMetadata:map[]}}}"
logger=cleanup t=2026-06-28T20:05:12.3513939+08:00 level=info msg="Completed cleanup jobs" duration=26.8642ms
logger=plugins.update.checker t=2026-06-28T20:05:13.5492887+08:00 level=info msg="Update check succeeded" duration=776.2721ms
logger=plugins.update.checker t=2026-06-28T20:05:13.5492887+08:00 level=info msg="flag evaluation succeeded" flag="{Value:false EvaluationDetails:{FlagKey:pluginsAutoUpdate FlagType:bool ResolutionDetail:{Variant:default Reason:STATIC ErrorCode: ErrorMessage: FlagMetadata:map[]}}}" details="{Value:false EvaluationDetails:{FlagKey:pluginsAutoUpdate FlagType:bool ResolutionDetail:{Variant:default Reason:STATIC ErrorCode: ErrorMessage: FlagMetadata:map[]}}}"
logger=bleve-backend namespace=default group=provisioning.grafana.app resource=repositories reason=getStats t=2026-06-28T20:07:11.330588+08:00 level=info msg="Building index using memory"
logger=bleve-backend namespace=default group=provisioning.grafana.app resource=repositories reason=getStats t=2026-06-28T20:07:11.3316387+08:00 level=info msg="Finished building index" elapsed=1.0507ms listRV=1
logger=bleve-backend namespace=default group=provisioning.grafana.app resource=repositories reason=getStats t=2026-06-28T20:07:11.3316387+08:00 level=info msg="Storing index in cache" key="{Namespace:default Group:provisioning.grafana.app Resource:repositories}" expiration=2026-06-28T20:17:11.3316387+08:00
logger=bleve-backend namespace=default group=playlist.grafana.app resource=playlists reason=getStats t=2026-06-28T20:07:11.3332531+08:00 level=info msg="Building index using memory"
logger=bleve-backend namespace=default group=playlist.grafana.app resource=playlists reason=getStats t=2026-06-28T20:07:11.3343321+08:00 level=info msg="Finished building index" elapsed=1.079ms listRV=1
logger=bleve-backend namespace=default group=playlist.grafana.app resource=playlists reason=getStats t=2026-06-28T20:07:11.3343321+08:00 level=info msg="Storing index in cache" key="{Namespace:default Group:playlist.grafana.app Resource:playlists}" expiration=2026-06-28T20:17:11.3343321+08:00
logger=bleve-backend namespace=default group=folder.grafana.app resource=folders reason=getStats t=2026-06-28T20:07:11.3354922+08:00 level=info msg="Building index using memory"
logger=bleve-backend namespace=default group=folder.grafana.app resource=folders reason=getStats t=2026-06-28T20:07:11.3372178+08:00 level=info msg="Finished building index" elapsed=1.7256ms listRV=1782594312479014
logger=bleve-backend namespace=default group=folder.grafana.app resource=folders reason=getStats t=2026-06-28T20:07:11.3377812+08:00 level=info msg="Storing index in cache" key="{Namespace:default Group:folder.grafana.app Resource:folders}" expiration=2026-06-28T20:17:11.3377812+08:00
logger=bleve-backend namespace=default group=dashboard.grafana.app resource=dashboards reason=getStats t=2026-06-28T20:07:11.3388416+08:00 level=info msg="Building index using memory"
logger=bleve-backend namespace=default group=dashboard.grafana.app resource=dashboards reason=getStats t=2026-06-28T20:07:11.3420348+08:00 level=info msg="Finished building index" elapsed=2.6698ms listRV=1782594312508988
logger=bleve-backend namespace=default group=dashboard.grafana.app resource=dashboards reason=getStats t=2026-06-28T20:07:11.3425914+08:00 level=info msg="Storing index in cache" key="{Namespace:default Group:dashboard.grafana.app Resource:dashboards}" expiration=2026-06-28T20:17:11.3425914+08:00
logger=infra.usagestats t=2026-06-28T20:07:11.3441569+08:00 level=info msg="Usage stats are ready to report"
logger=cleanup t=2026-06-28T20:15:12.3240291+08:00 level=info msg="Completed cleanup jobs" duration=2.3824ms
logger=plugins.update.checker t=2026-06-28T20:15:13.1272869+08:00 level=info msg="Update check succeeded" duration=356.2686ms
logger=plugins.update.checker t=2026-06-28T20:15:13.129583+08:00 level=info msg="flag evaluation succeeded" flag="{Value:false EvaluationDetails:{FlagKey:pluginsAutoUpdate FlagType:bool ResolutionDetail:{Variant:default Reason:STATIC ErrorCode: ErrorMessage: FlagMetadata:map[]}}}" details="{Value:false EvaluationDetails:{FlagKey:pluginsAutoUpdate FlagType:bool ResolutionDetail:{Variant:default Reason:STATIC ErrorCode: ErrorMessage: FlagMetadata:map[]}}}"
logger=bleve-backend t=2026-06-28T20:19:10.2933591+08:00 level=info msg="index evicted from cache" reason=expired key="{Namespace:default Group:provisioning.grafana.app Resource:repositories}" storage=memory
logger=bleve-backend t=2026-06-28T20:19:10.2938851+08:00 level=info msg="index evicted from cache" reason=expired key="{Namespace:default Group:playlist.grafana.app Resource:playlists}" storage=memory
logger=bleve-backend t=2026-06-28T20:19:10.2938851+08:00 level=info msg="index evicted from cache" reason=expired key="{Namespace:default Group:folder.grafana.app Resource:folders}" storage=memory
logger=bleve-backend t=2026-06-28T20:19:10.2938851+08:00 level=info msg="index evicted from cache" reason=expired key="{Namespace:default Group:dashboard.grafana.app Resource:dashboards}" storage=memory
logger=cleanup t=2026-06-28T20:25:12.3618535+08:00 level=info msg="Completed cleanup jobs" duration=41.9704ms
logger=plugins.update.checker t=2026-06-28T20:25:13.115126+08:00 level=info msg="Update check succeeded" duration=346.0792ms
logger=plugins.update.checker t=2026-06-28T20:25:13.1156308+08:00 level=info msg="flag evaluation succeeded" flag="{Value:false EvaluationDetails:{FlagKey:pluginsAutoUpdate FlagType:bool ResolutionDetail:{Variant:default Reason:STATIC ErrorCode: ErrorMessage: FlagMetadata:map[]}}}" details="{Value:false EvaluationDetails:{FlagKey:pluginsAutoUpdate FlagType:bool ResolutionDetail:{Variant:default Reason:STATIC ErrorCode: ErrorMessage: FlagMetadata:map[]}}}"
logger=cleanup t=2026-06-28T20:35:12.3301907+08:00 level=info msg="Completed cleanup jobs" duration=12.7963ms
logger=plugins.update.checker t=2026-06-28T20:35:13.1006071+08:00 level=info msg="Update check succeeded" duration=333.8381ms
logger=plugins.update.checker t=2026-06-28T20:35:13.1006071+08:00 level=info msg="flag evaluation succeeded" flag="{Value:false EvaluationDetails:{FlagKey:pluginsAutoUpdate FlagType:bool ResolutionDetail:{Variant:default Reason:STATIC ErrorCode: ErrorMessage: FlagMetadata:map[]}}}" details="{Value:false EvaluationDetails:{FlagKey:pluginsAutoUpdate FlagType:bool ResolutionDetail:{Variant:default Reason:STATIC ErrorCode: ErrorMessage: FlagMetadata:map[]}}}"
logger=bleve-backend namespace=default group=provisioning.grafana.app resource=repositories reason=getStats t=2026-06-28T20:37:11.3245753+08:00 level=info msg="Building index using memory"
logger=bleve-backend namespace=default group=provisioning.grafana.app resource=repositories reason=getStats t=2026-06-28T20:37:11.3253585+08:00 level=info msg="Finished building index" elapsed=783.2µs listRV=1
logger=bleve-backend namespace=default group=provisioning.grafana.app resource=repositories reason=getStats t=2026-06-28T20:37:11.3259231+08:00 level=info msg="Storing index in cache" key="{Namespace:default Group:provisioning.grafana.app Resource:repositories}" expiration=2026-06-28T20:47:11.3259231+08:00
logger=bleve-backend namespace=default group=playlist.grafana.app resource=playlists reason=getStats t=2026-06-28T20:37:11.3270089+08:00 level=info msg="Building index using memory"
logger=bleve-backend namespace=default group=playlist.grafana.app resource=playlists reason=getStats t=2026-06-28T20:37:11.3275309+08:00 level=info msg="Finished building index" elapsed=0s listRV=1
logger=bleve-backend namespace=default group=playlist.grafana.app resource=playlists reason=getStats t=2026-06-28T20:37:11.3282013+08:00 level=info msg="Storing index in cache" key="{Namespace:default Group:playlist.grafana.app Resource:playlists}" expiration=2026-06-28T20:47:11.3282013+08:00
logger=bleve-backend namespace=default group=folder.grafana.app resource=folders reason=getStats t=2026-06-28T20:37:11.3292557+08:00 level=info msg="Building index using memory"
logger=bleve-backend namespace=default group=folder.grafana.app resource=folders reason=getStats t=2026-06-28T20:37:11.3313787+08:00 level=info msg="Finished building index" elapsed=1.5865ms listRV=1782594312479014
logger=bleve-backend namespace=default group=folder.grafana.app resource=folders reason=getStats t=2026-06-28T20:37:11.3320175+08:00 level=info msg="Storing index in cache" key="{Namespace:default Group:folder.grafana.app Resource:folders}" expiration=2026-06-28T20:47:11.3320175+08:00
logger=bleve-backend namespace=default group=dashboard.grafana.app resource=dashboards reason=getStats t=2026-06-28T20:37:11.3330739+08:00 level=info msg="Building index using memory"
logger=bleve-backend namespace=default group=dashboard.grafana.app resource=dashboards reason=getStats t=2026-06-28T20:37:11.3362821+08:00 level=info msg="Finished building index" elapsed=3.2082ms listRV=1782594312508988
logger=bleve-backend namespace=default group=dashboard.grafana.app resource=dashboards reason=getStats t=2026-06-28T20:37:11.336816+08:00 level=info msg="Storing index in cache" key="{Namespace:default Group:dashboard.grafana.app Resource:dashboards}" expiration=2026-06-28T20:47:11.336816+08:00
logger=infra.usagestats t=2026-06-28T20:37:11.3384809+08:00 level=info msg="Usage stats are ready to report"
logger=cleanup t=2026-06-28T20:45:12.3338683+08:00 level=info msg="Completed cleanup jobs" duration=18.9295ms
logger=plugins.update.checker t=2026-06-28T20:45:13.4314726+08:00 level=info msg="Update check succeeded" duration=667.1367ms
logger=plugins.update.checker t=2026-06-28T20:45:13.4320848+08:00 level=info msg="flag evaluation succeeded" flag="{Value:false EvaluationDetails:{FlagKey:pluginsAutoUpdate FlagType:bool ResolutionDetail:{Variant:default Reason:STATIC ErrorCode: ErrorMessage: FlagMetadata:map[]}}}" details="{Value:false EvaluationDetails:{FlagKey:pluginsAutoUpdate FlagType:bool ResolutionDetail:{Variant:default Reason:STATIC ErrorCode: ErrorMessage: FlagMetadata:map[]}}}"
logger=bleve-backend t=2026-06-28T20:49:10.2880856+08:00 level=info msg="index evicted from cache" reason=expired key="{Namespace:default Group:folder.grafana.app Resource:folders}" storage=memory
logger=bleve-backend t=2026-06-28T20:49:10.2880856+08:00 level=info msg="index evicted from cache" reason=expired key="{Namespace:default Group:dashboard.grafana.app Resource:dashboards}" storage=memory
logger=bleve-backend t=2026-06-28T20:49:10.2880856+08:00 level=info msg="index evicted from cache" reason=expired key="{Namespace:default Group:provisioning.grafana.app Resource:repositories}" storage=memory
logger=bleve-backend t=2026-06-28T20:49:10.2887964+08:00 level=info msg="index evicted from cache" reason=expired key="{Namespace:default Group:playlist.grafana.app Resource:playlists}" storage=memory
logger=cleanup t=2026-06-28T20:55:12.3147589+08:00 level=info msg="Completed cleanup jobs" duration=1.6783ms
logger=plugins.update.checker t=2026-06-28T20:55:13.1078204+08:00 level=info msg="Update check succeeded" duration=345.7206ms
logger=plugins.update.checker t=2026-06-28T20:55:13.1103+08:00 level=info msg="flag evaluation succeeded" flag="{Value:false EvaluationDetails:{FlagKey:pluginsAutoUpdate FlagType:bool ResolutionDetail:{Variant:default Reason:STATIC ErrorCode: ErrorMessage: FlagMetadata:map[]}}}" details="{Value:false EvaluationDetails:{FlagKey:pluginsAutoUpdate FlagType:bool ResolutionDetail:{Variant:default Reason:STATIC ErrorCode: ErrorMessage: FlagMetadata:map[]}}}"
logger=cleanup t=2026-06-28T21:05:12.3134782+08:00 level=info msg="Completed cleanup jobs" duration=2.7647ms
logger=plugins.update.checker t=2026-06-28T21:05:13.1243737+08:00 level=info msg="Update check succeeded" duration=364.4171ms
logger=plugins.update.checker t=2026-06-28T21:05:13.1256333+08:00 level=info msg="flag evaluation succeeded" flag="{Value:false EvaluationDetails:{FlagKey:pluginsAutoUpdate FlagType:bool ResolutionDetail:{Variant:default Reason:STATIC ErrorCode: ErrorMessage: FlagMetadata:map[]}}}" details="{Value:false EvaluationDetails:{FlagKey:pluginsAutoUpdate FlagType:bool ResolutionDetail:{Variant:default Reason:STATIC ErrorCode: ErrorMessage: FlagMetadata:map[]}}}"
logger=bleve-backend namespace=default group=provisioning.grafana.app resource=repositories reason=getStats t=2026-06-28T21:07:11.3176056+08:00 level=info msg="Building index using memory"
logger=bleve-backend namespace=default group=provisioning.grafana.app resource=repositories reason=getStats t=2026-06-28T21:07:11.3187143+08:00 level=info msg="Finished building index" elapsed=572µs listRV=1
logger=bleve-backend namespace=default group=provisioning.grafana.app resource=repositories reason=getStats t=2026-06-28T21:07:11.3192361+08:00 level=info msg="Storing index in cache" key="{Namespace:default Group:provisioning.grafana.app Resource:repositories}" expiration=2026-06-28T21:17:11.3192361+08:00
logger=bleve-backend namespace=default group=playlist.grafana.app resource=playlists reason=getStats t=2026-06-28T21:07:11.3203459+08:00 level=info msg="Building index using memory"
logger=bleve-backend namespace=default group=playlist.grafana.app resource=playlists reason=getStats t=2026-06-28T21:07:11.3214274+08:00 level=info msg="Finished building index" elapsed=545.5µs listRV=1
logger=bleve-backend namespace=default group=playlist.grafana.app resource=playlists reason=getStats t=2026-06-28T21:07:11.3214274+08:00 level=info msg="Storing index in cache" key="{Namespace:default Group:playlist.grafana.app Resource:playlists}" expiration=2026-06-28T21:17:11.3214274+08:00
logger=bleve-backend namespace=default group=folder.grafana.app resource=folders reason=getStats t=2026-06-28T21:07:11.3219456+08:00 level=info msg="Building index using memory"
logger=bleve-backend namespace=default group=folder.grafana.app resource=folders reason=getStats t=2026-06-28T21:07:11.3243581+08:00 level=info msg="Finished building index" elapsed=1.5904ms listRV=1782594312479014
logger=bleve-backend namespace=default group=folder.grafana.app resource=folders reason=getStats t=2026-06-28T21:07:11.3248755+08:00 level=info msg="Storing index in cache" key="{Namespace:default Group:folder.grafana.app Resource:folders}" expiration=2026-06-28T21:17:11.3248755+08:00
logger=bleve-backend namespace=default group=dashboard.grafana.app resource=dashboards reason=getStats t=2026-06-28T21:07:11.3260152+08:00 level=info msg="Building index using memory"
logger=bleve-backend namespace=default group=dashboard.grafana.app resource=dashboards reason=getStats t=2026-06-28T21:07:11.3291929+08:00 level=info msg="Finished building index" elapsed=2.6488ms listRV=1782594312508988
logger=bleve-backend namespace=default group=dashboard.grafana.app resource=dashboards reason=getStats t=2026-06-28T21:07:11.3291929+08:00 level=info msg="Storing index in cache" key="{Namespace:default Group:dashboard.grafana.app Resource:dashboards}" expiration=2026-06-28T21:17:11.3291929+08:00
logger=infra.usagestats t=2026-06-28T21:07:11.3313157+08:00 level=info msg="Usage stats are ready to report"
logger=cleanup t=2026-06-28T21:15:12.3107435+08:00 level=info msg="Completed cleanup jobs" duration=2.0943ms
logger=plugins.update.checker t=2026-06-28T21:15:13.1015878+08:00 level=info msg="Update check succeeded" duration=343.8678ms
logger=plugins.update.checker t=2026-06-28T21:15:13.1015878+08:00 level=info msg="flag evaluation succeeded" flag="{Value:false EvaluationDetails:{FlagKey:pluginsAutoUpdate FlagType:bool ResolutionDetail:{Variant:default Reason:STATIC ErrorCode: ErrorMessage: FlagMetadata:map[]}}}" details="{Value:false EvaluationDetails:{FlagKey:pluginsAutoUpdate FlagType:bool ResolutionDetail:{Variant:default Reason:STATIC ErrorCode: ErrorMessage: FlagMetadata:map[]}}}"
logger=bleve-backend t=2026-06-28T21:19:10.2799499+08:00 level=info msg="index evicted from cache" reason=expired key="{Namespace:default Group:provisioning.grafana.app Resource:repositories}" storage=memory
logger=bleve-backend t=2026-06-28T21:19:10.2799499+08:00 level=info msg="index evicted from cache" reason=expired key="{Namespace:default Group:playlist.grafana.app Resource:playlists}" storage=memory
logger=bleve-backend t=2026-06-28T21:19:10.2799499+08:00 level=info msg="index evicted from cache" reason=expired key="{Namespace:default Group:folder.grafana.app Resource:folders}" storage=memory
logger=bleve-backend t=2026-06-28T21:19:10.2799499+08:00 level=info msg="index evicted from cache" reason=expired key="{Namespace:default Group:dashboard.grafana.app Resource:dashboards}" storage=memory
logger=cleanup t=2026-06-28T21:25:12.3108333+08:00 level=info msg="Completed cleanup jobs" duration=4.7645ms
logger=plugins.update.checker t=2026-06-28T21:25:13.0914692+08:00 level=info msg="Update check succeeded" duration=336.3259ms
logger=plugins.update.checker t=2026-06-28T21:25:13.0914692+08:00 level=info msg="flag evaluation succeeded" flag="{Value:false EvaluationDetails:{FlagKey:pluginsAutoUpdate FlagType:bool ResolutionDetail:{Variant:default Reason:STATIC ErrorCode: ErrorMessage: FlagMetadata:map[]}}}" details="{Value:false EvaluationDetails:{FlagKey:pluginsAutoUpdate FlagType:bool ResolutionDetail:{Variant:default Reason:STATIC ErrorCode: ErrorMessage: FlagMetadata:map[]}}}"
logger=cleanup t=2026-06-28T21:35:12.319453+08:00 level=info msg="Completed cleanup jobs" duration=15.8606ms
logger=plugins.update.checker t=2026-06-28T21:35:13.5379478+08:00 level=info msg="Update check succeeded" duration=785.0683ms
logger=plugins.update.checker t=2026-06-28T21:35:13.538452+08:00 level=info msg="flag evaluation succeeded" flag="{Value:false EvaluationDetails:{FlagKey:pluginsAutoUpdate FlagType:bool ResolutionDetail:{Variant:default Reason:STATIC ErrorCode: ErrorMessage: FlagMetadata:map[]}}}" details="{Value:false EvaluationDetails:{FlagKey:pluginsAutoUpdate FlagType:bool ResolutionDetail:{Variant:default Reason:STATIC ErrorCode: ErrorMessage: FlagMetadata:map[]}}}"
logger=bleve-backend namespace=default group=provisioning.grafana.app resource=repositories reason=getStats t=2026-06-28T21:37:11.3108046+08:00 level=info msg="Building index using memory"
logger=bleve-backend namespace=default group=provisioning.grafana.app resource=repositories reason=getStats t=2026-06-28T21:37:11.3151128+08:00 level=info msg="Finished building index" elapsed=1.0418ms listRV=1
logger=bleve-backend namespace=default group=provisioning.grafana.app resource=repositories reason=getStats t=2026-06-28T21:37:11.3151128+08:00 level=info msg="Storing index in cache" key="{Namespace:default Group:provisioning.grafana.app Resource:repositories}" expiration=2026-06-28T21:47:11.3151128+08:00
logger=bleve-backend namespace=default group=playlist.grafana.app resource=playlists reason=getStats t=2026-06-28T21:37:11.3163587+08:00 level=info msg="Building index using memory"
logger=bleve-backend namespace=default group=playlist.grafana.app resource=playlists reason=getStats t=2026-06-28T21:37:11.3174515+08:00 level=info msg="Finished building index" elapsed=541.7µs listRV=1
logger=bleve-backend namespace=default group=playlist.grafana.app resource=playlists reason=getStats t=2026-06-28T21:37:11.3174515+08:00 level=info msg="Storing index in cache" key="{Namespace:default Group:playlist.grafana.app Resource:playlists}" expiration=2026-06-28T21:47:11.3174515+08:00
logger=bleve-backend namespace=default group=folder.grafana.app resource=folders reason=getStats t=2026-06-28T21:37:11.319075+08:00 level=info msg="Building index using memory"
logger=bleve-backend namespace=default group=folder.grafana.app resource=folders reason=getStats t=2026-06-28T21:37:11.3216295+08:00 level=info msg="Finished building index" elapsed=2.5545ms listRV=1782594312479014
logger=bleve-backend namespace=default group=folder.grafana.app resource=folders reason=getStats t=2026-06-28T21:37:11.3216295+08:00 level=info msg="Storing index in cache" key="{Namespace:default Group:folder.grafana.app Resource:folders}" expiration=2026-06-28T21:47:11.3216295+08:00
logger=bleve-backend namespace=default group=dashboard.grafana.app resource=dashboards reason=getStats t=2026-06-28T21:37:11.323064+08:00 level=info msg="Building index using memory"
logger=bleve-backend namespace=default group=dashboard.grafana.app resource=dashboards reason=getStats t=2026-06-28T21:37:11.3257113+08:00 level=info msg="Finished building index" elapsed=2.1178ms listRV=1782594312508988
logger=bleve-backend namespace=default group=dashboard.grafana.app resource=dashboards reason=getStats t=2026-06-28T21:37:11.3262425+08:00 level=info msg="Storing index in cache" key="{Namespace:default Group:dashboard.grafana.app Resource:dashboards}" expiration=2026-06-28T21:47:11.3262425+08:00
logger=infra.usagestats t=2026-06-28T21:37:11.3278271+08:00 level=info msg="Usage stats are ready to report"
logger=cleanup t=2026-06-28T21:45:12.3248332+08:00 level=info msg="Completed cleanup jobs" duration=22.2758ms
logger=plugins.update.checker t=2026-06-28T21:45:13.2609773+08:00 level=info msg="Update check succeeded" duration=494.6267ms
logger=plugins.update.checker t=2026-06-28T21:45:13.275083+08:00 level=info msg="flag evaluation succeeded" flag="{Value:false EvaluationDetails:{FlagKey:pluginsAutoUpdate FlagType:bool ResolutionDetail:{Variant:default Reason:STATIC ErrorCode: ErrorMessage: FlagMetadata:map[]}}}" details="{Value:false EvaluationDetails:{FlagKey:pluginsAutoUpdate FlagType:bool ResolutionDetail:{Variant:default Reason:STATIC ErrorCode: ErrorMessage: FlagMetadata:map[]}}}"
logger=bleve-backend t=2026-06-28T21:49:10.2734779+08:00 level=info msg="index evicted from cache" reason=expired key="{Namespace:default Group:provisioning.grafana.app Resource:repositories}" storage=memory
logger=bleve-backend t=2026-06-28T21:49:10.2760124+08:00 level=info msg="index evicted from cache" reason=expired key="{Namespace:default Group:playlist.grafana.app Resource:playlists}" storage=memory
logger=bleve-backend t=2026-06-28T21:49:10.277525+08:00 level=info msg="index evicted from cache" reason=expired key="{Namespace:default Group:folder.grafana.app Resource:folders}" storage=memory
logger=bleve-backend t=2026-06-28T21:49:10.2792048+08:00 level=info msg="index evicted from cache" reason=expired key="{Namespace:default Group:dashboard.grafana.app Resource:dashboards}" storage=memory
logger=cleanup t=2026-06-28T21:55:12.3299869+08:00 level=info msg="Completed cleanup jobs" duration=30.9398ms
logger=plugins.update.checker t=2026-06-28T21:55:13.1062984+08:00 level=info msg="Update check succeeded" duration=357.9473ms
logger=plugins.update.checker t=2026-06-28T21:55:13.1071865+08:00 level=info msg="flag evaluation succeeded" flag="{Value:false EvaluationDetails:{FlagKey:pluginsAutoUpdate FlagType:bool ResolutionDetail:{Variant:default Reason:STATIC ErrorCode: ErrorMessage: FlagMetadata:map[]}}}" details="{Value:false EvaluationDetails:{FlagKey:pluginsAutoUpdate FlagType:bool ResolutionDetail:{Variant:default Reason:STATIC ErrorCode: ErrorMessage: FlagMetadata:map[]}}}"
logger=cleanup t=2026-06-28T22:05:12.313612+08:00 level=info msg="Completed cleanup jobs" duration=16.346ms
logger=plugins.update.checker t=2026-06-28T22:05:14.6398654+08:00 level=info msg="Update check succeeded" duration=1.8934343s
logger=plugins.update.checker t=2026-06-28T22:05:14.6424707+08:00 level=info msg="flag evaluation succeeded" flag="{Value:false EvaluationDetails:{FlagKey:pluginsAutoUpdate FlagType:bool ResolutionDetail:{Variant:default Reason:STATIC ErrorCode: ErrorMessage: FlagMetadata:map[]}}}" details="{Value:false EvaluationDetails:{FlagKey:pluginsAutoUpdate FlagType:bool ResolutionDetail:{Variant:default Reason:STATIC ErrorCode: ErrorMessage: FlagMetadata:map[]}}}"
logger=bleve-backend namespace=default group=provisioning.grafana.app resource=repositories reason=getStats t=2026-06-28T22:07:11.3034821+08:00 level=info msg="Building index using memory"
logger=bleve-backend namespace=default group=provisioning.grafana.app resource=repositories reason=getStats t=2026-06-28T22:07:11.3045067+08:00 level=info msg="Finished building index" elapsed=512.1µs listRV=1
logger=bleve-backend namespace=default group=provisioning.grafana.app resource=repositories reason=getStats t=2026-06-28T22:07:11.3045067+08:00 level=info msg="Storing index in cache" key="{Namespace:default Group:provisioning.grafana.app Resource:repositories}" expiration=2026-06-28T22:17:11.3045067+08:00
logger=bleve-backend namespace=default group=playlist.grafana.app resource=playlists reason=getStats t=2026-06-28T22:07:11.3055663+08:00 level=info msg="Building index using memory"
logger=bleve-backend namespace=default group=playlist.grafana.app resource=playlists reason=getStats t=2026-06-28T22:07:11.3060916+08:00 level=info msg="Finished building index" elapsed=525.3µs listRV=1
logger=bleve-backend namespace=default group=playlist.grafana.app resource=playlists reason=getStats t=2026-06-28T22:07:11.306599+08:00 level=info msg="Storing index in cache" key="{Namespace:default Group:playlist.grafana.app Resource:playlists}" expiration=2026-06-28T22:17:11.306599+08:00
logger=bleve-backend namespace=default group=folder.grafana.app resource=folders reason=getStats t=2026-06-28T22:07:11.3076205+08:00 level=info msg="Building index using memory"
logger=bleve-backend namespace=default group=folder.grafana.app resource=folders reason=getStats t=2026-06-28T22:07:11.3096301+08:00 level=info msg="Finished building index" elapsed=2.0096ms listRV=1782594312479014
logger=bleve-backend namespace=default group=folder.grafana.app resource=folders reason=getStats t=2026-06-28T22:07:11.3096301+08:00 level=info msg="Storing index in cache" key="{Namespace:default Group:folder.grafana.app Resource:folders}" expiration=2026-06-28T22:17:11.3096301+08:00
logger=bleve-backend namespace=default group=dashboard.grafana.app resource=dashboards reason=getStats t=2026-06-28T22:07:11.310664+08:00 level=info msg="Building index using memory"
logger=bleve-backend namespace=default group=dashboard.grafana.app resource=dashboards reason=getStats t=2026-06-28T22:07:11.3132951+08:00 level=info msg="Finished building index" elapsed=2.6311ms listRV=1782594312508988
logger=bleve-backend namespace=default group=dashboard.grafana.app resource=dashboards reason=getStats t=2026-06-28T22:07:11.3138106+08:00 level=info msg="Storing index in cache" key="{Namespace:default Group:dashboard.grafana.app Resource:dashboards}" expiration=2026-06-28T22:17:11.3138106+08:00
logger=infra.usagestats t=2026-06-28T22:07:11.3148424+08:00 level=info msg="Usage stats are ready to report"
logger=cleanup t=2026-06-28T22:15:12.2977661+08:00 level=info msg="Completed cleanup jobs" duration=2.959ms
logger=plugins.update.checker t=2026-06-28T22:15:13.4512741+08:00 level=info msg="Update check succeeded" duration=707.4444ms
logger=plugins.update.checker t=2026-06-28T22:15:13.4556247+08:00 level=info msg="flag evaluation succeeded" flag="{Value:false EvaluationDetails:{FlagKey:pluginsAutoUpdate FlagType:bool ResolutionDetail:{Variant:default Reason:STATIC ErrorCode: ErrorMessage: FlagMetadata:map[]}}}" details="{Value:false EvaluationDetails:{FlagKey:pluginsAutoUpdate FlagType:bool ResolutionDetail:{Variant:default Reason:STATIC ErrorCode: ErrorMessage: FlagMetadata:map[]}}}"
logger=bleve-backend t=2026-06-28T22:19:10.2665785+08:00 level=info msg="index evicted from cache" reason=expired key="{Namespace:default Group:folder.grafana.app Resource:folders}" storage=memory
logger=bleve-backend t=2026-06-28T22:19:10.2675841+08:00 level=info msg="index evicted from cache" reason=expired key="{Namespace:default Group:dashboard.grafana.app Resource:dashboards}" storage=memory
logger=bleve-backend t=2026-06-28T22:19:10.2680893+08:00 level=info msg="index evicted from cache" reason=expired key="{Namespace:default Group:provisioning.grafana.app Resource:repositories}" storage=memory
logger=bleve-backend t=2026-06-28T22:19:10.2680893+08:00 level=info msg="index evicted from cache" reason=expired key="{Namespace:default Group:playlist.grafana.app Resource:playlists}" storage=memory
logger=cleanup t=2026-06-28T22:25:12.3022272+08:00 level=info msg="Completed cleanup jobs" duration=9.8211ms
logger=plugins.update.checker t=2026-06-28T22:25:13.4434675+08:00 level=info msg="Update check succeeded" duration=701.8203ms
logger=plugins.update.checker t=2026-06-28T22:25:13.4434675+08:00 level=info msg="flag evaluation succeeded" flag="{Value:false EvaluationDetails:{FlagKey:pluginsAutoUpdate FlagType:bool ResolutionDetail:{Variant:default Reason:STATIC ErrorCode: ErrorMessage: FlagMetadata:map[]}}}" details="{Value:false EvaluationDetails:{FlagKey:pluginsAutoUpdate FlagType:bool ResolutionDetail:{Variant:default Reason:STATIC ErrorCode: ErrorMessage: FlagMetadata:map[]}}}"
logger=cleanup t=2026-06-28T22:35:12.3009877+08:00 level=info msg="Completed cleanup jobs" duration=9.8003ms
logger=plugins.update.checker t=2026-06-28T22:35:13.3291508+08:00 level=info msg="Update check succeeded" duration=589.1079ms
logger=plugins.update.checker t=2026-06-28T22:35:13.3291508+08:00 level=info msg="flag evaluation succeeded" flag="{Value:false EvaluationDetails:{FlagKey:pluginsAutoUpdate FlagType:bool ResolutionDetail:{Variant:default Reason:STATIC ErrorCode: ErrorMessage: FlagMetadata:map[]}}}" details="{Value:false EvaluationDetails:{FlagKey:pluginsAutoUpdate FlagType:bool ResolutionDetail:{Variant:default Reason:STATIC ErrorCode: ErrorMessage: FlagMetadata:map[]}}}"
logger=bleve-backend namespace=default group=provisioning.grafana.app resource=repositories reason=getStats t=2026-06-28T22:37:11.2963387+08:00 level=info msg="Building index using memory"
logger=bleve-backend namespace=default group=provisioning.grafana.app resource=repositories reason=getStats t=2026-06-28T22:37:11.2979392+08:00 level=info msg="Finished building index" elapsed=514.5µs listRV=1
logger=bleve-backend namespace=default group=provisioning.grafana.app resource=repositories reason=getStats t=2026-06-28T22:37:11.2994556+08:00 level=info msg="Storing index in cache" key="{Namespace:default Group:provisioning.grafana.app Resource:repositories}" expiration=2026-06-28T22:47:11.2994556+08:00
logger=bleve-backend namespace=default group=playlist.grafana.app resource=playlists reason=getStats t=2026-06-28T22:37:11.3014732+08:00 level=info msg="Building index using memory"
logger=bleve-backend namespace=default group=playlist.grafana.app resource=playlists reason=getStats t=2026-06-28T22:37:11.3021593+08:00 level=info msg="Finished building index" elapsed=686.1µs listRV=1
logger=bleve-backend namespace=default group=playlist.grafana.app resource=playlists reason=getStats t=2026-06-28T22:37:11.3036819+08:00 level=info msg="Storing index in cache" key="{Namespace:default Group:playlist.grafana.app Resource:playlists}" expiration=2026-06-28T22:47:11.3036819+08:00
logger=bleve-backend namespace=default group=folder.grafana.app resource=folders reason=getStats t=2026-06-28T22:37:11.3043294+08:00 level=info msg="Building index using memory"
logger=bleve-backend namespace=default group=folder.grafana.app resource=folders reason=getStats t=2026-06-28T22:37:11.3066243+08:00 level=info msg="Finished building index" elapsed=1.6178ms listRV=1782594312479014
logger=bleve-backend namespace=default group=folder.grafana.app resource=folders reason=getStats t=2026-06-28T22:37:11.3066243+08:00 level=info msg="Storing index in cache" key="{Namespace:default Group:folder.grafana.app Resource:folders}" expiration=2026-06-28T22:47:11.3066243+08:00
logger=bleve-backend namespace=default group=dashboard.grafana.app resource=dashboards reason=getStats t=2026-06-28T22:37:11.3076674+08:00 level=info msg="Building index using memory"
logger=bleve-backend namespace=default group=dashboard.grafana.app resource=dashboards reason=getStats t=2026-06-28T22:37:11.3132458+08:00 level=info msg="Finished building index" elapsed=2.6525ms listRV=1782594312508988
logger=bleve-backend namespace=default group=dashboard.grafana.app resource=dashboards reason=getStats t=2026-06-28T22:37:11.3151217+08:00 level=info msg="Storing index in cache" key="{Namespace:default Group:dashboard.grafana.app Resource:dashboards}" expiration=2026-06-28T22:47:11.3151217+08:00
logger=infra.usagestats t=2026-06-28T22:37:11.3162187+08:00 level=info msg="Usage stats are ready to report"
logger=cleanup t=2026-06-28T22:45:12.2911239+08:00 level=info msg="Completed cleanup jobs" duration=2.8647ms
logger=plugins.update.checker t=2026-06-28T22:45:13.1084245+08:00 level=info msg="Update check succeeded" duration=370.6135ms
logger=plugins.update.checker t=2026-06-28T22:45:13.1089297+08:00 level=info msg="flag evaluation succeeded" flag="{Value:false EvaluationDetails:{FlagKey:pluginsAutoUpdate FlagType:bool ResolutionDetail:{Variant:default Reason:STATIC ErrorCode: ErrorMessage: FlagMetadata:map[]}}}" details="{Value:false EvaluationDetails:{FlagKey:pluginsAutoUpdate FlagType:bool ResolutionDetail:{Variant:default Reason:STATIC ErrorCode: ErrorMessage: FlagMetadata:map[]}}}"
logger=bleve-backend t=2026-06-28T22:49:10.2591916+08:00 level=info msg="index evicted from cache" reason=expired key="{Namespace:default Group:provisioning.grafana.app Resource:repositories}" storage=memory
logger=bleve-backend t=2026-06-28T22:49:10.2591916+08:00 level=info msg="index evicted from cache" reason=expired key="{Namespace:default Group:playlist.grafana.app Resource:playlists}" storage=memory
logger=bleve-backend t=2026-06-28T22:49:10.2591916+08:00 level=info msg="index evicted from cache" reason=expired key="{Namespace:default Group:folder.grafana.app Resource:folders}" storage=memory
logger=bleve-backend t=2026-06-28T22:49:10.259833+08:00 level=info msg="index evicted from cache" reason=expired key="{Namespace:default Group:dashboard.grafana.app Resource:dashboards}" storage=memory
logger=cleanup t=2026-06-28T22:55:12.3355613+08:00 level=info msg="Completed cleanup jobs" duration=50.225ms
logger=plugins.update.checker t=2026-06-28T22:55:13.4165313+08:00 level=info msg="Update check succeeded" duration=681.9028ms
logger=plugins.update.checker t=2026-06-28T22:55:13.4171147+08:00 level=info msg="flag evaluation succeeded" flag="{Value:false EvaluationDetails:{FlagKey:pluginsAutoUpdate FlagType:bool ResolutionDetail:{Variant:default Reason:STATIC ErrorCode: ErrorMessage: FlagMetadata:map[]}}}" details="{Value:false EvaluationDetails:{FlagKey:pluginsAutoUpdate FlagType:bool ResolutionDetail:{Variant:default Reason:STATIC ErrorCode: ErrorMessage: FlagMetadata:map[]}}}"
logger=cleanup t=2026-06-28T23:05:12.291999+08:00 level=info msg="Completed cleanup jobs" duration=8.7947ms
logger=plugins.update.checker t=2026-06-28T23:05:13.0783239+08:00 level=info msg="Update check succeeded" duration=345.7133ms
logger=plugins.update.checker t=2026-06-28T23:05:13.0783239+08:00 level=info msg="flag evaluation succeeded" flag="{Value:false EvaluationDetails:{FlagKey:pluginsAutoUpdate FlagType:bool ResolutionDetail:{Variant:default Reason:STATIC ErrorCode: ErrorMessage: FlagMetadata:map[]}}}" details="{Value:false EvaluationDetails:{FlagKey:pluginsAutoUpdate FlagType:bool ResolutionDetail:{Variant:default Reason:STATIC ErrorCode: ErrorMessage: FlagMetadata:map[]}}}"
logger=bleve-backend namespace=default group=provisioning.grafana.app resource=repositories reason=getStats t=2026-06-28T23:07:11.289736+08:00 level=info msg="Building index using memory"
logger=bleve-backend namespace=default group=provisioning.grafana.app resource=repositories reason=getStats t=2026-06-28T23:07:11.2908211+08:00 level=info msg="Finished building index" elapsed=549.8µs listRV=1
logger=bleve-backend namespace=default group=provisioning.grafana.app resource=repositories reason=getStats t=2026-06-28T23:07:11.2913538+08:00 level=info msg="Storing index in cache" key="{Namespace:default Group:provisioning.grafana.app Resource:repositories}" expiration=2026-06-28T23:17:11.2913538+08:00
logger=bleve-backend namespace=default group=playlist.grafana.app resource=playlists reason=getStats t=2026-06-28T23:07:11.2924104+08:00 level=info msg="Building index using memory"
logger=bleve-backend namespace=default group=playlist.grafana.app resource=playlists reason=getStats t=2026-06-28T23:07:11.293129+08:00 level=info msg="Finished building index" elapsed=718.6µs listRV=1
logger=bleve-backend namespace=default group=playlist.grafana.app resource=playlists reason=getStats t=2026-06-28T23:07:11.295178+08:00 level=info msg="Storing index in cache" key="{Namespace:default Group:playlist.grafana.app Resource:playlists}" expiration=2026-06-28T23:17:11.295178+08:00
logger=bleve-backend namespace=default group=folder.grafana.app resource=folders reason=getStats t=2026-06-28T23:07:11.2981026+08:00 level=info msg="Building index using memory"
logger=bleve-backend namespace=default group=folder.grafana.app resource=folders reason=getStats t=2026-06-28T23:07:11.3002815+08:00 level=info msg="Finished building index" elapsed=2.1789ms listRV=1782594312479014
logger=bleve-backend namespace=default group=folder.grafana.app resource=folders reason=getStats t=2026-06-28T23:07:11.3008227+08:00 level=info msg="Storing index in cache" key="{Namespace:default Group:folder.grafana.app Resource:folders}" expiration=2026-06-28T23:17:11.3008227+08:00
logger=bleve-backend namespace=default group=dashboard.grafana.app resource=dashboards reason=getStats t=2026-06-28T23:07:11.3019446+08:00 level=info msg="Building index using memory"
logger=bleve-backend namespace=default group=dashboard.grafana.app resource=dashboards reason=getStats t=2026-06-28T23:07:11.3053467+08:00 level=info msg="Finished building index" elapsed=2.8634ms listRV=1782594312508988
logger=bleve-backend namespace=default group=dashboard.grafana.app resource=dashboards reason=getStats t=2026-06-28T23:07:11.3058979+08:00 level=info msg="Storing index in cache" key="{Namespace:default Group:dashboard.grafana.app Resource:dashboards}" expiration=2026-06-28T23:17:11.3058979+08:00
logger=infra.usagestats t=2026-06-28T23:07:11.3080176+08:00 level=info msg="Usage stats are ready to report"
logger=cleanup t=2026-06-28T23:15:12.2878225+08:00 level=info msg="Completed cleanup jobs" duration=6.7002ms
logger=plugins.update.checker t=2026-06-28T23:15:13.4211664+08:00 level=info msg="Update check succeeded" duration=690.8061ms
logger=plugins.update.checker t=2026-06-28T23:15:13.4229457+08:00 level=info msg="flag evaluation succeeded" flag="{Value:false EvaluationDetails:{FlagKey:pluginsAutoUpdate FlagType:bool ResolutionDetail:{Variant:default Reason:STATIC ErrorCode: ErrorMessage: FlagMetadata:map[]}}}" details="{Value:false EvaluationDetails:{FlagKey:pluginsAutoUpdate FlagType:bool ResolutionDetail:{Variant:default Reason:STATIC ErrorCode: ErrorMessage: FlagMetadata:map[]}}}"
logger=bleve-backend t=2026-06-28T23:19:10.253099+08:00 level=info msg="index evicted from cache" reason=expired key="{Namespace:default Group:folder.grafana.app Resource:folders}" storage=memory
logger=bleve-backend t=2026-06-28T23:19:10.2571177+08:00 level=info msg="index evicted from cache" reason=expired key="{Namespace:default Group:dashboard.grafana.app Resource:dashboards}" storage=memory
logger=bleve-backend t=2026-06-28T23:19:10.2571177+08:00 level=info msg="index evicted from cache" reason=expired key="{Namespace:default Group:provisioning.grafana.app Resource:repositories}" storage=memory
logger=bleve-backend t=2026-06-28T23:19:10.2576224+08:00 level=info msg="index evicted from cache" reason=expired key="{Namespace:default Group:playlist.grafana.app Resource:playlists}" storage=memory
logger=cleanup t=2026-06-28T23:25:12.2979291+08:00 level=info msg="Completed cleanup jobs" duration=19.2664ms
logger=plugins.update.checker t=2026-06-28T23:25:13.0801353+08:00 level=info msg="Update check succeeded" duration=351.9791ms
logger=plugins.update.checker t=2026-06-28T23:25:13.0807587+08:00 level=info msg="flag evaluation succeeded" flag="{Value:false EvaluationDetails:{FlagKey:pluginsAutoUpdate FlagType:bool ResolutionDetail:{Variant:default Reason:STATIC ErrorCode: ErrorMessage: FlagMetadata:map[]}}}" details="{Value:false EvaluationDetails:{FlagKey:pluginsAutoUpdate FlagType:bool ResolutionDetail:{Variant:default Reason:STATIC ErrorCode: ErrorMessage: FlagMetadata:map[]}}}"
logger=cleanup t=2026-06-28T23:35:12.3064634+08:00 level=info msg="Completed cleanup jobs" duration=30.0249ms
logger=plugins.update.checker t=2026-06-28T23:35:13.0802383+08:00 level=info msg="Update check succeeded" duration=354.5188ms
logger=plugins.update.checker t=2026-06-28T23:35:13.0802383+08:00 level=info msg="flag evaluation succeeded" flag="{Value:false EvaluationDetails:{FlagKey:pluginsAutoUpdate FlagType:bool ResolutionDetail:{Variant:default Reason:STATIC ErrorCode: ErrorMessage: FlagMetadata:map[]}}}" details="{Value:false EvaluationDetails:{FlagKey:pluginsAutoUpdate FlagType:bool ResolutionDetail:{Variant:default Reason:STATIC ErrorCode: ErrorMessage: FlagMetadata:map[]}}}"
logger=bleve-backend namespace=default group=provisioning.grafana.app resource=repositories reason=getStats t=2026-06-28T23:37:11.2830525+08:00 level=info msg="Building index using memory"
logger=bleve-backend namespace=default group=provisioning.grafana.app resource=repositories reason=getStats t=2026-06-28T23:37:11.2841277+08:00 level=info msg="Finished building index" elapsed=536.4µs listRV=1
logger=bleve-backend namespace=default group=provisioning.grafana.app resource=repositories reason=getStats t=2026-06-28T23:37:11.2846592+08:00 level=info msg="Storing index in cache" key="{Namespace:default Group:provisioning.grafana.app Resource:repositories}" expiration=2026-06-28T23:47:11.2846592+08:00
logger=bleve-backend namespace=default group=playlist.grafana.app resource=playlists reason=getStats t=2026-06-28T23:37:11.2856981+08:00 level=info msg="Building index using memory"
logger=bleve-backend namespace=default group=playlist.grafana.app resource=playlists reason=getStats t=2026-06-28T23:37:11.286269+08:00 level=info msg="Finished building index" elapsed=570.9µs listRV=1
logger=bleve-backend namespace=default group=playlist.grafana.app resource=playlists reason=getStats t=2026-06-28T23:37:11.2867937+08:00 level=info msg="Storing index in cache" key="{Namespace:default Group:playlist.grafana.app Resource:playlists}" expiration=2026-06-28T23:47:11.2867937+08:00
logger=bleve-backend namespace=default group=folder.grafana.app resource=folders reason=getStats t=2026-06-28T23:37:11.2878574+08:00 level=info msg="Building index using memory"
logger=bleve-backend namespace=default group=folder.grafana.app resource=folders reason=getStats t=2026-06-28T23:37:11.2900688+08:00 level=info msg="Finished building index" elapsed=1.653ms listRV=1782594312479014
logger=bleve-backend namespace=default group=folder.grafana.app resource=folders reason=getStats t=2026-06-28T23:37:11.2905819+08:00 level=info msg="Storing index in cache" key="{Namespace:default Group:folder.grafana.app Resource:folders}" expiration=2026-06-28T23:47:11.2905819+08:00
logger=bleve-backend namespace=default group=dashboard.grafana.app resource=dashboards reason=getStats t=2026-06-28T23:37:11.2922318+08:00 level=info msg="Building index using memory"
logger=bleve-backend namespace=default group=dashboard.grafana.app resource=dashboards reason=getStats t=2026-06-28T23:37:11.2956951+08:00 level=info msg="Finished building index" elapsed=2.9519ms listRV=1782594312508988
logger=bleve-backend namespace=default group=dashboard.grafana.app resource=dashboards reason=getStats t=2026-06-28T23:37:11.2956951+08:00 level=info msg="Storing index in cache" key="{Namespace:default Group:dashboard.grafana.app Resource:dashboards}" expiration=2026-06-28T23:47:11.2956951+08:00
logger=infra.usagestats t=2026-06-28T23:37:11.2972753+08:00 level=info msg="Usage stats are ready to report"
logger=cleanup t=2026-06-28T23:45:12.2802606+08:00 level=info msg="Completed cleanup jobs" duration=6.0636ms
logger=plugins.update.checker t=2026-06-28T23:45:13.3774359+08:00 level=info msg="Update check succeeded" duration=653.6739ms
logger=plugins.update.checker t=2026-06-28T23:45:13.3774359+08:00 level=info msg="flag evaluation succeeded" flag="{Value:false EvaluationDetails:{FlagKey:pluginsAutoUpdate FlagType:bool ResolutionDetail:{Variant:default Reason:STATIC ErrorCode: ErrorMessage: FlagMetadata:map[]}}}" details="{Value:false EvaluationDetails:{FlagKey:pluginsAutoUpdate FlagType:bool ResolutionDetail:{Variant:default Reason:STATIC ErrorCode: ErrorMessage: FlagMetadata:map[]}}}"
logger=bleve-backend t=2026-06-28T23:49:10.2461143+08:00 level=info msg="index evicted from cache" reason=expired key="{Namespace:default Group:playlist.grafana.app Resource:playlists}" storage=memory
logger=bleve-backend t=2026-06-28T23:49:10.2461143+08:00 level=info msg="index evicted from cache" reason=expired key="{Namespace:default Group:folder.grafana.app Resource:folders}" storage=memory
logger=bleve-backend t=2026-06-28T23:49:10.2461143+08:00 level=info msg="index evicted from cache" reason=expired key="{Namespace:default Group:dashboard.grafana.app Resource:dashboards}" storage=memory
logger=bleve-backend t=2026-06-28T23:49:10.246818+08:00 level=info msg="index evicted from cache" reason=expired key="{Namespace:default Group:provisioning.grafana.app Resource:repositories}" storage=memory
logger=cleanup t=2026-06-28T23:55:12.2743599+08:00 level=info msg="Completed cleanup jobs" duration=1.7955ms
logger=plugins.update.checker t=2026-06-28T23:55:14.9393495+08:00 level=info msg="Update check succeeded" duration=2.2177036s
logger=plugins.update.checker t=2026-06-28T23:55:14.9393495+08:00 level=info msg="flag evaluation succeeded" flag="{Value:false EvaluationDetails:{FlagKey:pluginsAutoUpdate FlagType:bool ResolutionDetail:{Variant:default Reason:STATIC ErrorCode: ErrorMessage: FlagMetadata:map[]}}}" details="{Value:false EvaluationDetails:{FlagKey:pluginsAutoUpdate FlagType:bool ResolutionDetail:{Variant:default Reason:STATIC ErrorCode: ErrorMessage: FlagMetadata:map[]}}}"
logger=cleanup t=2026-06-29T00:05:12.2785883+08:00 level=info msg="Completed cleanup jobs" duration=8.6872ms
logger=plugins.update.checker t=2026-06-29T00:05:14.3352306+08:00 level=info msg="Update check succeeded" duration=1.6154829s
logger=plugins.update.checker t=2026-06-29T00:05:14.3352306+08:00 level=info msg="flag evaluation succeeded" flag="{Value:false EvaluationDetails:{FlagKey:pluginsAutoUpdate FlagType:bool ResolutionDetail:{Variant:default Reason:STATIC ErrorCode: ErrorMessage: FlagMetadata:map[]}}}" details="{Value:false EvaluationDetails:{FlagKey:pluginsAutoUpdate FlagType:bool ResolutionDetail:{Variant:default Reason:STATIC ErrorCode: ErrorMessage: FlagMetadata:map[]}}}"
logger=bleve-backend namespace=default group=provisioning.grafana.app resource=repositories reason=getStats t=2026-06-29T00:07:11.2771641+08:00 level=info msg="Building index using memory"
logger=bleve-backend namespace=default group=provisioning.grafana.app resource=repositories reason=getStats t=2026-06-29T00:07:11.282558+08:00 level=info msg="Finished building index" elapsed=514.3µs listRV=1
logger=bleve-backend namespace=default group=provisioning.grafana.app resource=repositories reason=getStats t=2026-06-29T00:07:11.2860203+08:00 level=info msg="Storing index in cache" key="{Namespace:default Group:provisioning.grafana.app Resource:repositories}" expiration=2026-06-29T00:17:11.2860203+08:00
logger=bleve-backend namespace=default group=playlist.grafana.app resource=playlists reason=getStats t=2026-06-29T00:07:11.2875433+08:00 level=info msg="Building index using memory"
logger=bleve-backend namespace=default group=playlist.grafana.app resource=playlists reason=getStats t=2026-06-29T00:07:11.2886566+08:00 level=info msg="Finished building index" elapsed=571.1µs listRV=1
logger=bleve-backend namespace=default group=playlist.grafana.app resource=playlists reason=getStats t=2026-06-29T00:07:11.2892361+08:00 level=info msg="Storing index in cache" key="{Namespace:default Group:playlist.grafana.app Resource:playlists}" expiration=2026-06-29T00:17:11.2892361+08:00
logger=bleve-backend namespace=default group=folder.grafana.app resource=folders reason=getStats t=2026-06-29T00:07:11.2903886+08:00 level=info msg="Building index using memory"
logger=bleve-backend namespace=default group=folder.grafana.app resource=folders reason=getStats t=2026-06-29T00:07:11.2981748+08:00 level=info msg="Finished building index" elapsed=2.6892ms listRV=1782594312479014
logger=bleve-backend namespace=default group=folder.grafana.app resource=folders reason=getStats t=2026-06-29T00:07:11.3012063+08:00 level=info msg="Storing index in cache" key="{Namespace:default Group:folder.grafana.app Resource:folders}" expiration=2026-06-29T00:17:11.3012063+08:00
logger=bleve-backend namespace=default group=dashboard.grafana.app resource=dashboards reason=getStats t=2026-06-29T00:07:11.3027439+08:00 level=info msg="Building index using memory"
logger=bleve-backend namespace=default group=dashboard.grafana.app resource=dashboards reason=getStats t=2026-06-29T00:07:11.3077393+08:00 level=info msg="Finished building index" elapsed=2.8987ms listRV=1782594312508988
logger=bleve-backend namespace=default group=dashboard.grafana.app resource=dashboards reason=getStats t=2026-06-29T00:07:11.3082451+08:00 level=info msg="Storing index in cache" key="{Namespace:default Group:dashboard.grafana.app Resource:dashboards}" expiration=2026-06-29T00:17:11.3082451+08:00
logger=infra.usagestats t=2026-06-29T00:07:11.309251+08:00 level=info msg="Usage stats are ready to report"
logger=cleanup t=2026-06-29T00:15:12.2929563+08:00 level=info msg="Completed cleanup jobs" duration=25.5539ms
logger=plugins.update.checker t=2026-06-29T00:15:13.0594395+08:00 level=info msg="Update check succeeded" duration=342.9762ms
logger=plugins.update.checker t=2026-06-29T00:15:13.0600676+08:00 level=info msg="flag evaluation succeeded" flag="{Value:false EvaluationDetails:{FlagKey:pluginsAutoUpdate FlagType:bool ResolutionDetail:{Variant:default Reason:STATIC ErrorCode: ErrorMessage: FlagMetadata:map[]}}}" details="{Value:false EvaluationDetails:{FlagKey:pluginsAutoUpdate FlagType:bool ResolutionDetail:{Variant:default Reason:STATIC ErrorCode: ErrorMessage: FlagMetadata:map[]}}}"
logger=bleve-backend t=2026-06-29T00:19:10.2388255+08:00 level=info msg="index evicted from cache" reason=expired key="{Namespace:default Group:folder.grafana.app Resource:folders}" storage=memory
logger=bleve-backend t=2026-06-29T00:19:10.2426613+08:00 level=info msg="index evicted from cache" reason=expired key="{Namespace:default Group:dashboard.grafana.app Resource:dashboards}" storage=memory
logger=bleve-backend t=2026-06-29T00:19:10.2426613+08:00 level=info msg="index evicted from cache" reason=expired key="{Namespace:default Group:provisioning.grafana.app Resource:repositories}" storage=memory
logger=bleve-backend t=2026-06-29T00:19:10.2431901+08:00 level=info msg="index evicted from cache" reason=expired key="{Namespace:default Group:playlist.grafana.app Resource:playlists}" storage=memory
logger=cleanup t=2026-06-29T00:25:12.2982737+08:00 level=info msg="Completed cleanup jobs" duration=31.9831ms
logger=plugins.update.checker t=2026-06-29T00:25:13.0605244+08:00 level=info msg="Update check succeeded" duration=346.1819ms
logger=plugins.update.checker t=2026-06-29T00:25:13.0605244+08:00 level=info msg="flag evaluation succeeded" flag="{Value:false EvaluationDetails:{FlagKey:pluginsAutoUpdate FlagType:bool ResolutionDetail:{Variant:default Reason:STATIC ErrorCode: ErrorMessage: FlagMetadata:map[]}}}" details="{Value:false EvaluationDetails:{FlagKey:pluginsAutoUpdate FlagType:bool ResolutionDetail:{Variant:default Reason:STATIC ErrorCode: ErrorMessage: FlagMetadata:map[]}}}"
